locusId	sysName	desc	Minimal Media+Sucrose	Minimal Media+Glucose	Cucumber_1	Cucumber_2	name	scaffoldId	begin	end	strand
LU633_RS00015	LU633_RS00015	DNA replication/repair protein RecF	-0.712440853512774	-0.41343428514431	-0.815290972314162	-0.896346887122869	recF	NZ_CP089932.1	2649	3734	+
LU633_RS00025	LU633_RS00025	LuxR C-terminal-related transcriptional regulator	-0.406928460586059	-0.253026922428695	-0.117719850077741	-0.673345690262442		NZ_CP089932.1	6423	7019	-
LU633_RS00030	LU633_RS00030	sugar-phosphatase	1.22362121452873	1.08363058678572	1.45071611263619	0.300630158990099	yidA	NZ_CP089932.1	7342	8151	+
LU633_RS00035	LU633_RS00035	DUF3748 domain-containing protein	0.116415398269022	0.124388161791067	-0.0627163463121703	0.720611538790124		NZ_CP089932.1	8261	9532	+
LU633_RS00040	LU633_RS00040	YceK/YidQ family lipoprotein	0.0517424952724128	0.361360093344386	0.771927002877562	-0.177038241864634		NZ_CP089932.1	9529	9900	-
LU633_RS00045	LU633_RS00045	heat shock chaperone IbpA	-0.168858418707532	-0.0485930680289777	-0.0795452512906765	1.07047668406974	ibpA	NZ_CP089932.1	10200	10616	+
LU633_RS00050	LU633_RS00050	hypothetical protein	0.0483547334362824	-0.162043570314673	-0.609053969139347	-0.90845457988569		NZ_CP089932.1	10744	10977	-
LU633_RS00055	LU633_RS00055	valine--pyruvate transaminase	0.493028130558459	0.261857665363937	-0.129872581933963	0.130928629975482		NZ_CP089932.1	11018	12268	-
LU633_RS00060	LU633_RS00060	2-dehydro-3-deoxy-D-gluconate 5-dehydrogenase KduD	0.0062875353254512	-0.0868464108743561	-0.115306645832449	0.377202442151945	kduD	NZ_CP089932.1	12621	13382	+
LU633_RS00065	LU633_RS00065	bifunctional glyoxylate/hydroxypyruvate reductase B	0.147746583438653	0.0159952370931918	0.838042505294697	0.660364262114401		NZ_CP089932.1	13473	14210	-
LU633_RS00075	LU633_RS00075	substrate-binding domain-containing protein	0.73900763563594	0.335334039461211	0.943391190824444	-0.38343423709614		NZ_CP089932.1	14931	15386	-
LU633_RS00095	LU633_RS00095	CS1 type fimbrial major subunit	-0.20665817923236	-0.155881087084898	0.310387084343626	0.236424921674713		NZ_CP089932.1	18763	19290	+
LU633_RS00100	LU633_RS00100	TcfC E-set like domain-containing protein	-0.117736358654887	-0.0620104687795657	-0.431158676188184	-0.608985445123018		NZ_CP089932.1	19353	21782	+
LU633_RS00105	LU633_RS00105	hypothetical protein	0.217387108559982	0.0534184473422953	-0.212980814909425	0.327882280975547		NZ_CP089932.1	21782	23050	+
LU633_RS00110	LU633_RS00110	transcriptional regulator AsnC	0.008579392750033	-0.163963698101265	-0.0995389313931396	1.06099318580049	asnC	NZ_CP089932.1	23139	23600	-
LU633_RS00115	LU633_RS00115	5-histidylcysteine sulfoxide synthase	-0.196682133486608	-0.358041478761496	-0.657947825200627	-0.133701617953737	ovoA	NZ_CP089932.1	23721	25586	-
LU633_RS00210	LU633_RS00210	DNA-3-methyladenine glycosylase I	-0.0728195588759484	-0.187296290590731	-0.172730756962903	-0.528160620453388		NZ_CP089932.1	39982	40545	-
LU633_RS00215	LU633_RS00215	glutathione S-transferase	-0.0262592473229684	-0.234474150275348	0.131597636873249	0.608723608658303		NZ_CP089932.1	40630	41209	-
LU633_RS00220	LU633_RS00220	formate dehydrogenase accessory protein FdhE	0.738213842317849	0.459782996078088	0.800018857800871	0.502285982459074	fdhE	NZ_CP089932.1	41268	42188	-
LU633_RS00225	LU633_RS00225	formate dehydrogenase accessory sulfurtransferase FdhD	0.266317286667049	-0.115536168286061	0.152471572189524	-0.0025447972801444	fdhD	NZ_CP089932.1	42530	43279	+
LU633_RS00230	LU633_RS00230	DeoR/GlpR family DNA-binding transcription regulator	-0.0005139252264789	-0.129985582719422	-0.718133347992078	-0.0317049241446639		NZ_CP089932.1	43288	44064	-
LU633_RS00235	LU633_RS00235	aminotransferase class III-fold pyridoxal phosphate-dependent enzyme	0.110268579034597	0.0220852463645612	0.17678773418717	0.195339917923837		NZ_CP089932.1	44236	45472	+
LU633_RS00240	LU633_RS00240	hypothetical protein	-0.147510933010728	-0.360592157421159	0.0229767573749071	0.299141777071976		NZ_CP089932.1	45519	45953	-
LU633_RS00245	LU633_RS00245	acyltransferase	-0.0489318911579892	-0.165784412715407	-0.170059256016844	0.0717628520735496		NZ_CP089932.1	46115	47116	+
LU633_RS00260	LU633_RS00260	ATP-binding cassette domain-containing protein	0.147118526342227	-0.0881388830284853	-0.692836091329874	0.840726923096227		NZ_CP089932.1	48282	49253	+
LU633_RS00265	LU633_RS00265	YibL family ribosome-associated protein	-0.436653488370248	1.01421130019121	-1.93505758480302	0.703639159282777		NZ_CP089932.1	49273	49635	-
LU633_RS00270	LU633_RS00270	MltR family transcriptional regulator	0.749120311553541	0.610676622919798	0.161249257688895	0.042958428692903		NZ_CP089932.1	49707	50231	-
LU633_RS00275	LU633_RS00275	mannitol-1-phosphate 5-dehydrogenase	1.01436132712544	0.570862723570286	-0.92675773766313	-0.810230031690439		NZ_CP089932.1	50331	51476	-
LU633_RS00280	LU633_RS00280	PTS mannitol transporter subunit IICBA	0.0993948116347487	0.044718961888741	0.166514697826171	0.236762721813574		NZ_CP089932.1	51570	53489	-
LU633_RS00285	LU633_RS00285	DUF943 family protein	0.41554190543024	-0.105154430056632	-0.0196929573497575	-0.161754677710467		NZ_CP089932.1	53941	54314	-
LU633_RS00300	LU633_RS00300	hypothetical protein	0.173530367155631	-0.0931607808886314	0.117424007305185	0.0663130270060455		NZ_CP089932.1	55945	56526	+
LU633_RS00310	LU633_RS00310	DUF3053 domain-containing protein	-0.145105358867998	-0.743786747601407	-0.276960968480128	0.0782906519283006		NZ_CP089932.1	57465	58181	-
LU633_RS00325	LU633_RS00325	acyltransferase	0.32235138250921	0.18942144313836	-1.16552824615373	-0.170380552901108		NZ_CP089932.1	61963	62971	+
LU633_RS00335	LU633_RS00335	isochorismatase family protein	-0.401798216054553	-0.206923870116098	-0.376295786242784	-0.0856200155465863		NZ_CP089932.1	63792	64328	-
LU633_RS00345	LU633_RS00345	N-acetylmuramoyl-L-alanine amidase	-0.940407886223725	-1.10642333595515	-0.676532662724693	0.117703053138346		NZ_CP089932.1	65724	66503	+
LU633_RS00350	LU633_RS00350	glycoside hydrolase family 10 protein	-0.0711423792112977	-0.0882187826475336	-0.427613961233384	-0.605543536496676		NZ_CP089932.1	66529	67806	+
LU633_RS00355	LU633_RS00355	RcnB family protein	-0.382015352479614	-0.423589964420582	-0.411496651621325	-0.401905128499003		NZ_CP089932.1	68106	68588	+
LU633_RS00360	LU633_RS00360	HD domain-containing protein	-0.0662110431981215	-0.195721393433009	0.800248798642742	-0.253313816131246		NZ_CP089932.1	68618	69208	-
LU633_RS00365	LU633_RS00365	MarR family transcriptional regulator	-0.346852330713471	0.143823114344061	0.204777137479207	-0.903370006286622		NZ_CP089932.1	69270	69728	+
LU633_RS00370	LU633_RS00370	organic hydroperoxide resistance protein	-0.526717599716781	-0.801730718621339	0.630636407710697	0.74658532969432		NZ_CP089932.1	69834	70262	+
LU633_RS00375	LU633_RS00375	'kdo(2)-lipid A phosphoethanolamine 7''-transferase' pseudo=_no_value transl_table=11	0.0072544987605343	-0.0029217700486643	-0.150977338523096	-0.0458927148984705	eptB	NZ_CP089932.1	70540	72238	+
LU633_RS00380	LU633_RS00380	catecholate siderophore receptor CirA	-0.053321909912047	-0.0354151598068615	0.212167849565672	-0.194083095765694	cirA	NZ_CP089932.1	72332	74293	-
LU633_RS00385	LU633_RS00385	ABC transporter substrate-binding protein	0.329344519256762	-0.0123718768292236	-0.215796299488721	0.353089465443168		NZ_CP089932.1	74342	75493	-
LU633_RS00390	LU633_RS00390	SMR family transporter	0.160083761113195	0.0249069265908382	-0.203001794788137	0.0790052003662951		NZ_CP089932.1	76075	76414	+
LU633_RS00395	LU633_RS00395	ABC transporter substrate-binding protein	-0.233552416785118	-0.277679159489959	-0.534222498660405	-0.353677413873624		NZ_CP089932.1	77029	78639	+
LU633_RS00400	LU633_RS00400	dipeptide ABC transporter permease DppB	-0.478280899429967	-0.655109034797393	-0.423029129788142	0.16117575436307	dppB	NZ_CP089932.1	78852	79871	+
LU633_RS00405	LU633_RS00405	dipeptide ABC transporter permease DppC	-0.132351439168973	-0.155726242825264	-0.291247690110796	0.0889818516095793	dppC	NZ_CP089932.1	79882	80784	+
LU633_RS00410	LU633_RS00410	dipeptide ABC transporter ATP-binding protein	-0.05979511383511	-0.52487231027718	0.339136226952432	-0.693496687114186	dppD	NZ_CP089932.1	80794	81780	+
LU633_RS00415	LU633_RS00415	ABC transporter ATP-binding protein	-0.265555644973065	0.033650577119161	0.170818444617203	-0.840771884180084		NZ_CP089932.1	81752	82771	+
LU633_RS00420	LU633_RS00420	hypothetical protein	0.75340159793067	0.0143890906430946	-0.88010590484467	0.464343350824632		NZ_CP089932.1	82916	83944	+
LU633_RS00470	LU633_RS00470	hypothetical protein	-0.191808712922655	-0.243573545471419	1.05277250370728	2.6811686708844		NZ_CP089932.1	91388	91756	-
LU633_RS00500	LU633_RS00500	Expansin-YoaJ	0.162685248442108	-0.0357024320225845	-0.45898357648229	-0.219235663182002		NZ_CP089932.1	95520	96251	+
LU633_RS00505	LU633_RS00505	glycoside hydrolase family 5 protein	-0.21536152384564	0.0899637818248081	0.320722649661963	-0.0473161215932709		NZ_CP089932.1	96354	97241	+
LU633_RS00510	LU633_RS00510	IS6 family transposase	0.0921482642720877	0.0899737377412075	0.350935245578937	0.371969275851115		NZ_CP089932.1	97338	98034	-
LU633_RS00525	LU633_RS00525	omptin family outer membrane protease	-0.0066503812779168	-0.14808626736326	0.14428678592021	-0.357556000298234		NZ_CP089932.1	99807	100022	+
LU633_RS00540	LU633_RS00540	phosphate ABC transporter substrate-binding protein PstS	-3.88593621956662	-3.33163258824367	-4.38327827531029	-1.61737782103124	pstS	NZ_CP089932.1	104594	105634	+
LU633_RS00545	LU633_RS00545	phosphate ABC transporter permease PstC	-2.98222855800706	-3.16190022218729	-1.588815478227	-0.786817266005072	pstC	NZ_CP089932.1	105717	106679	+
LU633_RS00555	LU633_RS00555	phosphate ABC transporter ATP-binding protein PstB	-3.19305332968254	-2.13532116964564	-0.81352970328415	-0.976906566450002	pstB	NZ_CP089932.1	107607	108377	+
LU633_RS00570	LU633_RS00570	serine/threonine transporter	-0.31621572832884	-0.3142619937683	-1.49436597864173	-0.117848382527311		NZ_CP089932.1	110806	112089	+
LU633_RS00590	LU633_RS00590	hypothetical protein	0.0374060697244436	0.28062865038672	-1.66553990940301	1.05967337209616		NZ_CP089932.1	113271	113459	-
LU633_RS00640	LU633_RS00640	HTH-type transcriptional regulator HdfR	-0.0793485521696129	-2.03738119203084	-1.36027145098491	0.805745052978726	hdfR	NZ_CP089932.1	121667	122491	-
LU633_RS00645	LU633_RS00645	DUF413 domain-containing protein	0.565092857389201	0.636043675117857	-0.037839447827402	-0.112545063797605		NZ_CP089932.1	122612	122950	+
LU633_RS00650	LU633_RS00650	IS3 family transposase	-0.0920841654177487	-0.209027532197806	-0.197597796727158	0.387901338001019		NZ_CP089932.1	123214	123605	+
LU633_RS00655	LU633_RS00655	DDE-type integrase/transposase/recombinase	0.27317677692439	-0.405823629788363	-0.876951015507749	-0.793826390380643		NZ_CP089932.1	123742	124705	+
LU633_RS00665	LU633_RS00665	YifB family Mg chelatase-like AAA ATPase	0.0911883953816801	-0.154899545007123	0.21299528855775	0.206232689970533		NZ_CP089932.1	126076	127599	-
LU633_RS00670	LU633_RS00670	IlvGEDA operon leader peptide	-2.54146821718898	-2.92789611754779	-1.37947772934005	-0.109981131111093		NZ_CP089932.1	127946	128044	+
LU633_RS00675	LU633_RS00675	acetolactate synthase 2 catalytic subunit	-2.56011653106552	-2.72484673753341	-0.359855287464832	0.156357493137751	ilvG	NZ_CP089932.1	128185	129831	+
LU633_RS00685	LU633_RS00685	branched-chain amino acid transaminase	-4.08291650562108	-4.88671995554183	-2.99181693485353	-2.305416428386		NZ_CP089932.1	130104	131033	+
LU633_RS00690	LU633_RS00690	dihydroxy-acid dehydratase	-4.53938073338476	-4.9171683450248	-1.79862265598032	-0.526089239856273	ilvD	NZ_CP089932.1	131092	132942	+
LU633_RS00695	LU633_RS00695	threonine ammonia-lyase, biosynthetic	-2.36530090891562	-1.92343753975433	0.0703821706103887	0.0579436968100722	ilvA	NZ_CP089932.1	132948	134507	+
LU633_RS00700	LU633_RS00700	HTH-type transcriptional activator IlvY	-2.81960126089645	-2.93701288852468	-0.257163563665382	-0.149152374946036	ilvY	NZ_CP089932.1	134617	135498	-
LU633_RS00705	LU633_RS00705	ketol-acid reductoisomerase	-4.33017339047697	-5.00882151544778	-1.31007152258517	-1.05360921437351	ilvC	NZ_CP089932.1	135664	137142	+
LU633_RS00720	LU633_RS00720	ParB/RepB/Spo0J family partition protein	-0.35919598059521	0.282654055432058	-0.318768440032186	-0.0979086061106189		NZ_CP089932.1	138617	139339	-
LU633_RS00735	LU633_RS00735	DUF2235 domain-containing protein	-0.0760414945950514	0.0221269198105254	0.201619820364352	0.037431188961139		NZ_CP089932.1	141598	143058	+
LU633_RS00750	LU633_RS00750	biofilm formation regulator HmsP	0.270916572328791	0.198602568424519	-0.0107975955437063	-0.27118858773119	hmsP	NZ_CP089932.1	145994	148027	+
LU633_RS00755	LU633_RS00755	dicarboxylate/amino acid:cation symporter	-0.0916039608833996	-0.0040231631369265	0.127739495824245	-0.0767902846423336		NZ_CP089932.1	148250	149530	+
LU633_RS00760	LU633_RS00760	insulinase family protein	1.36737227997177	0.797357001046345	0.344862255312687	-0.641527716183017		NZ_CP089932.1	149768	151261	+
LU633_RS00770	LU633_RS00770	hypothetical protein	0.284060934288616	0.056780937814506	0.1153805809185	-0.278287154006159		NZ_CP089932.1	152201	152974	+
LU633_RS00780	LU633_RS00780	polysaccharide lyase family protein	0.461041255351215	0.0105042430253424	0.779813816425974	1.83084641795142		NZ_CP089932.1	154404	155252	+
LU633_RS00790	LU633_RS00790	Tn3 family transposase	-0.485983240646186	-0.147639374594076	0.0939525287336109	0.650192316709423		NZ_CP089932.1	155661	156126	-
LU633_RS00795	LU633_RS00795	Rpn family recombination-promoting nuclease/putative transposase	0.140002360072361	-0.0551115684857666	0.402658242860096	0.115893321259807		NZ_CP089932.1	156492	157417	-
LU633_RS00800	LU633_RS00800	ISNCY family transposase	0.251484517962661	0.076555186376163	-0.83795144735283	-0.115182013192026		NZ_CP089932.1	157374	158158	-
LU633_RS00805	LU633_RS00805	DUF4225 domain-containing protein	-0.0191945284252071	-0.011587679817638	-0.414089889315614	0.411381650890332		NZ_CP089932.1	158667	159479	-
LU633_RS00810	LU633_RS00810	DDE-type integrase/transposase/recombinase	0.183915918401669	-0.0666080578118047	-0.417787840077506	0.449540789265581		NZ_CP089932.1	159665	159981	+
LU633_RS00815	LU633_RS00815	sugar kinase	0.10822300014461	-0.175020774760447	0.128338075828047	0.279070768956172		NZ_CP089932.1	160136	161068	-
LU633_RS00820	LU633_RS00820	AsmA family protein	-0.199754929869751	0.0067080333970983	0.154353740743985	-0.1982285137085		NZ_CP089932.1	161343	163358	+
LU633_RS00825	LU633_RS00825	hypothetical protein	0.0607632460844287	-0.0225232006477063	0.0303884381684478	1.05331704503427		NZ_CP089932.1	163838	164569	-
LU633_RS00830	LU633_RS00830	IS5/IS1182 family transposase	-0.263223394761054	0.191466684589443	-0.125308872907132	-0.144180439122024		NZ_CP089932.1	164702	165188	-
LU633_RS00860	LU633_RS00860	hypothetical protein	0.407564972061524	0.243610564792304	0.737859599382807	-0.172683495926083		NZ_CP089932.1	169193	169615	-
LU633_RS00875	LU633_RS00875	type III secretion inner membrane ring lipoprotein SctJ	0.663673689380068	-0.14327374400462	0.573037878751064	-0.819213177695414	sctJ	NZ_CP089932.1	170844	171614	-
LU633_RS00880	LU633_RS00880	type III secretion system inner rod subunit SctI	0.224666370339388	0.17167783697608	-0.0576166250734755	-0.488260096323543	sctI	NZ_CP089932.1	171614	171937	-
LU633_RS00885	LU633_RS00885	type III secretion system needle filament subunit SctF	-0.286177635410628	-0.365328850326663	0.389390420797744	-0.234985536046446	sctF	NZ_CP089932.1	171992	172264	-
LU633_RS00890	LU633_RS00890	PrgH/EprH family type III secretion apparatus protein	-0.0267749363020562	-0.063006709494376	0.415986938560425	1.38123461985441		NZ_CP089932.1	172268	173521	-
LU633_RS00895	LU633_RS00895	helix-turn-helix domain-containing protein	0.402111837453469	0.388524023396889	0.276035494935334	0.23663146530737		NZ_CP089932.1	173811	174689	+
LU633_RS00900	LU633_RS00900	type III secretion system outer membrane ring subunit SctC	0.326767799880764	0.319546328730127	0.444096730092268	0.278312255140117	sctC	NZ_CP089932.1	174682	176454	+
LU633_RS00905	LU633_RS00905	type III secretion system gatekeeper subunit SctW	-0.0639476250906874	0.351907438021102	-0.360834784771098	0.123170886162841	sctW	NZ_CP089932.1	176461	177582	+
LU633_RS00910	LU633_RS00910	EscV/YscV/HrcV family type III secretion system export apparatus protein	0.530679976455576	0.30210690679583	0.0506687251186826	0.165806903898318		NZ_CP089932.1	177613	179667	+
LU633_RS00920	LU633_RS00920	type III secretion system ATPase SctN	0.345331463303841	0.183515576501905	-0.251707265343129	-0.178949852436125	sctN	NZ_CP089932.1	180103	181398	+
LU633_RS00930	LU633_RS00930	hypothetical protein	0.116108407908961	0.0166970251219671	0.172941311936802	0.0344002109301598		NZ_CP089932.1	181824	182732	+
LU633_RS00935	LU633_RS00935	FliM/FliN family flagellar motor switch protein	-0.182042403166059	-0.0293072482146779	0.267209978597909	-0.215512312584121		NZ_CP089932.1	182729	183655	+
LU633_RS00950	LU633_RS00950	type III secretion system export apparatus subunit SctT	0.449211025725902	0.216215222298397	0.0786989819111825	0.144380103928705	sctT	NZ_CP089932.1	184580	185344	+
LU633_RS00955	LU633_RS00955	EscU/YscU/HrcU family type III secretion system export apparatus switch protein	-2.74893337781647	-1.19131767309254	-0.161555946851115	0.406887309339983		NZ_CP089932.1	185354	186445	+
LU633_RS00960	LU633_RS00960	type III secretion system translocator chaperone SicA	0.642965005149216	0.288564379339943	-0.0208694588307003	-0.496497401747902	sicA	NZ_CP089932.1	186580	187116	+
LU633_RS00965	LU633_RS00965	type III secretion system translocon subunit SctE	-0.199101271681659	-0.0633969065299635	0.750632496461322	-0.315450952403317	sctE	NZ_CP089932.1	187131	189002	+
LU633_RS00970	LU633_RS00970	hypothetical protein	0.0038035651224175	-0.332732921472944	-0.487487473567402	-0.119497098318663		NZ_CP089932.1	189037	190242	+
LU633_RS00975	LU633_RS00975	IpaD/SipD/SspD family type III secretion system needle tip protein	-0.232897902562425	-0.0178364993823021	0.122224932349349	0.272797442122041		NZ_CP089932.1	190313	191491	+
LU633_RS00980	LU633_RS00980	hypothetical protein	-0.0202724757961801	0.196931228449426	0.0584698984045247	0.0202424268893902		NZ_CP089932.1	191690	194923	+
LU633_RS00995	LU633_RS00995	DUF1440 domain-containing protein	-0.10172378307582	-0.208085239308211	-0.322627318394194	0.146532619400282		NZ_CP089932.1	196839	197390	+
LU633_RS01005	LU633_RS01005	MHS family MFS transporter	-0.418284147743109	-0.616787508453692	0.328342322110011	-0.174198794292411		NZ_CP089932.1	199002	200330	-
LU633_RS01010	LU633_RS01010	hypothetical protein	-0.152600064477725	-0.345316892879502	0.0316189685757311	1.04078332377406		NZ_CP089932.1	200537	200695	-
LU633_RS01020	LU633_RS01020	recombinase family protein	-0.184363092816554	-0.393371299910459	-0.167376601933221	-0.339557541857297		NZ_CP089932.1	201082	201237	-
LU633_RS01025	LU633_RS01025	SDR family oxidoreductase	0.239812027245792	0.0582608638028721	0.363257858704005	0.0667855391927672		NZ_CP089932.1	201366	201608	-
LU633_RS01030	LU633_RS01030	manganese efflux pump MntP	-2.11237926475424	-1.79340220376152	-0.125774711091727	0.490652272051894	mntP	NZ_CP089932.1	202428	202988	+
LU633_RS01035	LU633_RS01035	glucose 1-dehydrogenase	0.0618317751635482	0.0106249903872881	-0.387769689455598	0.375635318886818		NZ_CP089932.1	203479	204210	+
LU633_RS01040	LU633_RS01040	curved DNA-binding protein	0.390687498439897	0.113507663111547	0.687982593219664	0.177591603730129	cbpA	NZ_CP089932.1	204323	205258	+
LU633_RS01050	LU633_RS01050	hypothetical protein	0.510637506923655	0.247523016818536	0.607303171146223	0.183057846164246		NZ_CP089932.1	205582	205917	-
LU633_RS01055	LU633_RS01055	SgcJ/EcaC family oxidoreductase	0.284686065990982	-0.0941634527560626	0.732345326263927	0.462965803611827		NZ_CP089932.1	206220	206672	-
LU633_RS01080	LU633_RS01080	RpiB/LacA/LacB family sugar-phosphate isomerase	-0.226108858915118	-0.0310628246341798	-0.148728051549382	0.522667914803896		NZ_CP089932.1	210744	211385	-
LU633_RS01085	LU633_RS01085	2-dehydro-3-deoxy-D-gluconate 5-dehydrogenase KduD	-0.15119828212769	-0.112789401491937	-0.456303445200216	-0.177577800212219	kduD	NZ_CP089932.1	211428	212189	-
LU633_RS01090	LU633_RS01090	glycoside hydrolase family 88 protein	0.436809993382523	0.0454833466877278	-0.139513998183004	0.206009712438824		NZ_CP089932.1	212203	213342	-
LU633_RS01095	LU633_RS01095	MFS transporter	0.0698114817274424	-0.0708876604799986	0.286083735430456	-0.350200582100547		NZ_CP089932.1	213365	214969	-
LU633_RS01100	LU633_RS01100	alcohol dehydrogenase AdhP	-0.0451877283037287	-0.0889867899180945	-0.343429787594499	-0.789099085237972	adhP	NZ_CP089932.1	215293	216306	+
LU633_RS01105	LU633_RS01105	hypothetical protein	-0.299739781907704	-0.11695406257422	-0.331909141637099	0.214373091111078		NZ_CP089932.1	216670	216900	-
LU633_RS01115	LU633_RS01115	DcrB-related protein	0.146487156213495	-0.0470283022819553	0.0675950568923223	1.55819168159949		NZ_CP089932.1	218622	219113	-
LU633_RS01120	LU633_RS01120	OmpA family protein	-0.741423160344064	-0.323253558009442	-0.93508772582159	-0.350417985411684		NZ_CP089932.1	219123	220607	-
LU633_RS01125	LU633_RS01125	DotU family type IV/VI secretion system protein	-0.163273006811547	-0.122867359514204	0.513606870526762	-0.242609129572573		NZ_CP089932.1	220607	221218	-
LU633_RS01130	LU633_RS01130	glycosyltransferase	0.0359462427704784	0.385932925592746	-1.16742799355957	0.938963886636134		NZ_CP089932.1	221212	222552	-
LU633_RS01135	LU633_RS01135	fimbrial protein	-0.200166599858488	0.256422338522513	-0.387239151341669	-0.532404398725419		NZ_CP089932.1	222575	223576	-
LU633_RS01140	LU633_RS01140	type VI secretion system ImpA family N-terminal domain-containing protein	-0.0210637814792691	0.112965021646035	0.0934172473949	0.286075459232958		NZ_CP089932.1	223582	224643	-
LU633_RS01145	LU633_RS01145	type VI secretion system baseplate subunit TssG	-0.169237103291282	-0.202845067111346	0.0798143712474153	-0.590749639110712	tssG	NZ_CP089932.1	224721	225746	-
LU633_RS01150	LU633_RS01150	type VI secretion system baseplate subunit TssF	0.0313270464469364	0.0689779739790105	0.012938164968562	0.188394032528671	tssF	NZ_CP089932.1	225746	227623	-
LU633_RS01155	LU633_RS01155	type VI secretion system ATPase TssH	-0.0982163941708176	-0.0416922015791781	0.0897077300606	0.0495646158843943	tssH	NZ_CP089932.1	228225	230915	+
LU633_RS01160	LU633_RS01160	type 1 fimbrial protein	-0.0030196162858615	-0.0580138034805633	0.0260188080012318	0.20558782893743		NZ_CP089932.1	230990	231541	+
LU633_RS01165	LU633_RS01165	fimbria/pilus periplasmic chaperone	0.418521235862938	-0.646258565971911	1.30684949836245	0.392217479265025		NZ_CP089932.1	231701	232447	+
LU633_RS01170	LU633_RS01170	fimbrial biogenesis outer membrane usher protein	0.0042514328933591	0.0314116128973038	0.0058744521785762	0.006780072006443		NZ_CP089932.1	232554	235190	+
LU633_RS01175	LU633_RS01175	type 1 fimbrial protein	0.126319334279909	0.171854417682126	0.23929022641792	0.507861815622407		NZ_CP089932.1	235178	235771	+
LU633_RS01180	LU633_RS01180	type VI secretion system contractile sheath small subunit	-0.359229857461168	0.054184498451767	0.382166085349662	0.443706837644025	tssB	NZ_CP089932.1	235896	236429	+
LU633_RS01185	LU633_RS01185	type VI secretion system contractile sheath large subunit	0.0106530744613065	-0.0100602857440255	0.247334684079668	-0.316801553198962	tssC	NZ_CP089932.1	236447	237946	+
LU633_RS01190	LU633_RS01190	Hcp family type VI secretion system effector	0.0764072281447525	-0.181809964882598	-0.572588702396935	-0.288258969268641		NZ_CP089932.1	238098	238583	+
LU633_RS01200	LU633_RS01200	type VI secretion system baseplate subunit TssK	0.245478891194209	0.0417401105644329	0.327695609295799	0.650778519107847	tssK	NZ_CP089932.1	239266	240612	+
LU633_RS01205	LU633_RS01205	type VI secretion system protein TssL, long form	0.166387339590884	-0.131530700604985	1.02407977734066	-0.540911535675262	tssL	NZ_CP089932.1	240612	241979	+
LU633_RS01210	LU633_RS01210	type VI secretion system membrane subunit TssM	-0.145064749060502	-0.0499536445918742	0.0318529153163398	0.158353340989786	tssM	NZ_CP089932.1	241991	245800	+
LU633_RS01220	LU633_RS01220	type VI secretion system tip protein VgrG	-0.029731046014595	0.0281585706428598	-0.0950835534046421	0.226601974683986	vgrG	NZ_CP089932.1	246554	248917	+
LU633_RS01225	LU633_RS01225	PAAR domain-containing protein	0.0148522695663331	-0.0034423542479519	0.0613368719901686	-0.634584580903972		NZ_CP089932.1	249041	249310	+
LU633_RS01230	LU633_RS01230	TagK domain-containing protein	0.15797823216395	0.0576979893662271	0.0709288012234139	0.596191102277655		NZ_CP089932.1	249373	250152	+
LU633_RS01240	LU633_RS01240	GPW/gp25 family protein	0.0863534464705185	0.0500860346127008	-0.656440551360236	0.543252815998468		NZ_CP089932.1	250980	251471	+
LU633_RS01255	LU633_RS01255	IS6 family transposase	-0.0808296978412562	0.209139295823989	-0.275473459273741	-0.212222133886604		NZ_CP089932.1	254569	255174	+
LU633_RS01260	LU633_RS01260	K(+)-transporting ATPase subunit F	-0.124141829651449	-0.22159425358983	0.284892781684976	0.11963618195141	kdpF	NZ_CP089932.1	255416	255505	+
LU633_RS01265	LU633_RS01265	potassium-transporting ATPase subunit KdpA	0.164307262362981	-0.616772019194569	0.527364521555311	0.0938939536354977	kdpA	NZ_CP089932.1	255505	257190	+
LU633_RS01270	LU633_RS01270	potassium-transporting ATPase subunit KdpB	-0.0099503484042762	-0.125839540827366	0.314090699598378	-0.130075500109924	kdpB	NZ_CP089932.1	257209	259257	+
LU633_RS01280	LU633_RS01280	two-component system sensor histidine kinase KdpD	0.375211573223461	0.402478894517931	0.432814064196378	0.911986495219508	kdpD	NZ_CP089932.1	260203	262875	+
LU633_RS01285	LU633_RS01285	sn-glycerol-3-phosphate ABC transporter ATP-binding protein UgpC	-0.420906802781084	-0.260009179247538	-0.421585034338628	-0.381325259829263	ugpC	NZ_CP089932.1	263307	264431	-
LU633_RS01290	LU633_RS01290	carbohydrate ABC transporter permease	-0.766429461669983	-0.316870567363497	-0.167405515550814	-0.798627240350295		NZ_CP089932.1	264459	265298	-
LU633_RS01295	LU633_RS01295	sugar ABC transporter permease	-0.877490369845433	-0.38209143850598	-0.436671971560047	0.206491689183816		NZ_CP089932.1	265288	266196	-
LU633_RS01300	LU633_RS01300	extracellular solute-binding protein	-0.716304853393734	-0.195005458851609	-0.199778832172748	-0.355665710707605		NZ_CP089932.1	266206	267456	-
LU633_RS01305	LU633_RS01305	ROK family protein	-0.771416567994379	-0.254432804107962	0.1995260211765	0.39499698942525		NZ_CP089932.1	267667	268608	-
LU633_RS01310	LU633_RS01310	SIS domain-containing protein	-0.375468829798232	0.0521936855184524	0.387958167518462	-0.139431964993251		NZ_CP089932.1	268605	269630	-
LU633_RS01315	LU633_RS01315	DeoR/GlpR family DNA-binding transcription regulator	1.35373336347651	1.15051587559008	4.35030310624244	5.08644959991281		NZ_CP089932.1	269824	270600	+
LU633_RS01320	LU633_RS01320	metal-binding protein ZinT	0.0917507918603553	-0.0881103220537094	0.588222703580917	0.134575415933194	zinT	NZ_CP089932.1	270677	271324	-
LU633_RS01325	LU633_RS01325	ABC transporter ATP-binding protein/permease	0.127064451827609	-0.0379924912388367	0.137130804473961	0.261252739250863		NZ_CP089932.1	271509	273267	+
LU633_RS01330	LU633_RS01330	GNAT family N-acetyltransferase	0.103068248250396	-0.107751989086381	-0.250454437737561	-0.455827513477192		NZ_CP089932.1	273336	274460	-
LU633_RS01335	LU633_RS01335	helix-turn-helix domain-containing protein	-0.290303839313425	-0.816359585442525	-0.238355812853423	-0.414332351936208		NZ_CP089932.1	274980	275312	+
LU633_RS01340	LU633_RS01340	TIGR00645 family protein	0.293322025965523	0.0657540051690054	-0.196588043625226	1.03312245291733		NZ_CP089932.1	275444	275950	+
LU633_RS01345	LU633_RS01345	alpha/beta hydrolase	0.259388776610547	0.0948127937460753	-0.377032200030845	0.375170539022363		NZ_CP089932.1	276185	277102	+
LU633_RS01375	LU633_RS01375	elongation factor Tu	-0.715235789223087	-0.722211010486193	-3.11986476902238	-2.42662958277513	tuf	NZ_CP089932.1	279764	280948	+
LU633_RS01425	LU633_RS01425	2-iminoacetate synthase ThiH	-0.158979116713093	-0.063091557020438	-0.442071396012737	-0.180212235103047	thiH	NZ_CP089932.1	294343	295473	-
LU633_RS01430	LU633_RS01430	thiazole synthase	-0.0385606714323974	-0.0745297877798958	-0.514210497442855	-0.211669128635085		NZ_CP089932.1	295470	296246	-
LU633_RS01435	LU633_RS01435	sulfur carrier protein ThiS	0.0252405438587011	0.313196186955563	-0.22830683483122	0.48498472873968	thiS	NZ_CP089932.1	296249	296449	-
LU633_RS01440	LU633_RS01440	HesA/MoeB/ThiF family protein	-0.114069603256045	-0.384691977522123	0.352592965476135	-0.639662863163558		NZ_CP089932.1	296433	297194	-
LU633_RS01450	LU633_RS01450	phosphomethylpyrimidine synthase ThiC	-0.0571135205724815	0.0228663620112787	-0.13011419564284	0.210859874024068	thiC	NZ_CP089932.1	297828	299762	-
LU633_RS01455	LU633_RS01455	Rsd/AlgQ family anti-sigma factor	-0.688548599915818	-0.680895200977239	0.198442083805839	-0.589577966858619		NZ_CP089932.1	300074	300583	-
LU633_RS01460	LU633_RS01460	NAD(+) diphosphatase	0.538136823163107	0.32014090381142	0.197117105012163	0.450627625988648	nudC	NZ_CP089932.1	300669	301442	+
LU633_RS01470	LU633_RS01470	deoxyribonuclease V	0.161856849176704	0.08833920357822	-0.539877383055945	0.085805647120146	nfi	NZ_CP089932.1	302550	303218	+
LU633_RS01475	LU633_RS01475	YjaG family protein	-0.24640474967991	-0.348426394357915	-0.192776765405712	-0.0739295956458847		NZ_CP089932.1	303286	303876	+
LU633_RS01480	LU633_RS01480	DNA-binding protein HU-alpha	0.467523566965891	-1.11498984818595	0.400915802713505	0.292534216423747	hupA	NZ_CP089932.1	304065	304337	+
LU633_RS01485	LU633_RS01485	IS200/IS605 family transposase	0.565119324958532	0.107220349715422	-1.13877443708005	-0.448399867967127	tnpA	NZ_CP089932.1	304505	304945	+
LU633_RS01495	LU633_RS01495	phosphoribosylamine--glycine ligase	-4.06540135772007	-4.92070232879407	-4.20613923770097	-3.7215684575532	purD	NZ_CP089932.1	305449	306729	-
LU633_RS01500	LU633_RS01500	bifunctional phosphoribosylaminoimidazolecarboxamide formyltransferase/IMP cyclohydrolase	-4.14431539410329	-5.31923581950291	-3.81382846195745	-3.42200574540485	purH	NZ_CP089932.1	306744	308333	-
LU633_RS01530	LU633_RS01530	molybdenum cofactor guanylyltransferase	0.171428868458172	-0.0152580802179918	0.302757924855042	0.126478352762166	mobA	NZ_CP089932.1	314318	314830	-
LU633_RS01535	LU633_RS01535	YihD family protein	-0.0507259360176127	0.11623824493572	-0.157917091051948	0.0063244524458943		NZ_CP089932.1	314977	315246	+
LU633_RS01540	LU633_RS01540	serine/threonine protein kinase	0.545339516199514	0.599630648296307	0.429527847319704	0.197758208978964		NZ_CP089932.1	315324	316316	+
LU633_RS01545	LU633_RS01545	thiol:disulfide interchange protein DsbA	0.865149512141835	0.819405202439167	-2.14279749793675	-1.71234860621138	dsbA	NZ_CP089932.1	316365	316994	+
LU633_RS01555	LU633_RS01555	IS481 family transposase	-0.215382976530638	-0.254846532686817	-0.41556768488746	-0.970981181880782		NZ_CP089932.1	320247	321287	-
LU633_RS01565	LU633_RS01565	hypothetical protein	-0.130235513933209	0.386870378270201	-1.17157017452367	0.213562305833916		NZ_CP089932.1	322476	322649	+
LU633_RS01570	LU633_RS01570	hypothetical protein	-0.0985533694642264	0.373926433991641	0.408126935082124	-0.277987873458251		NZ_CP089932.1	322693	323082	+
LU633_RS01575	LU633_RS01575	hypothetical protein	0.739059442589461	0.153601721900539	0.309802918330827	-0.0644305564986265		NZ_CP089932.1	323072	323371	+
LU633_RS01580	LU633_RS01580	hypothetical protein	0.177328409135994	-0.0033796803082163	0.0706654358725245	0.615154104932575		NZ_CP089932.1	323406	324386	+
LU633_RS01585	LU633_RS01585	hypothetical protein	0.0950805638047496	-0.180617245768425	-1.11261172077949	0.986904506447726		NZ_CP089932.1	324386	325141	+
LU633_RS01610	LU633_RS01610	baseplate J/gp47 family protein	-0.0434243254677786	0.0332044957158155	-0.247567328119542	-0.123401984173102		NZ_CP089932.1	327394	328583	+
LU633_RS01615	LU633_RS01615	DUF2612 domain-containing protein	-0.296194919741756	-0.146347102802378	0.10249035504463	-0.565567752542774		NZ_CP089932.1	328580	329233	+
LU633_RS01650	LU633_RS01650	AAA family ATPase	-0.774797880785751	-0.646069350764185	-0.852852874624524	-0.0110623867452704		NZ_CP089932.1	334051	336207	+
LU633_RS01660	LU633_RS01660	competence protein CoiA-like family protein	0.119633599932517	-0.0851458487198022	0.186694058044453	-0.152700381824404		NZ_CP089932.1	336535	337269	+
LU633_RS01665	LU633_RS01665	hypothetical protein	0.141755788947705	-0.433333280102578	-0.164519757160734	-0.381061776198276		NZ_CP089932.1	337344	337769	+
LU633_RS01690	LU633_RS01690	hypothetical protein	-0.0304101939192232	-0.119737559335545	-0.637522760007484	-0.140904386486458		NZ_CP089932.1	339892	340662	+
LU633_RS01705	LU633_RS01705	DNA-packaging protein	-0.29942000843617	0.0678073611717566	-0.204382720640538	-0.395545596995589		NZ_CP089932.1	341378	341860	+
LU633_RS01715	LU633_RS01715	portal protein	0.503112366471006	0.117483420243003	-1.21774385614647	0.628062511424912		NZ_CP089932.1	343337	345364	+
LU633_RS01750	LU633_RS01750	hypothetical protein	0.0698090606251334	0.210234327930253	-0.332792010071607	-0.160305976853196		NZ_CP089932.1	350748	351110	+
LU633_RS01755	LU633_RS01755	hypothetical protein	0.129864423499052	-0.62623359162262	-0.439190289010453	1.29357000459454		NZ_CP089932.1	351112	351696	+
LU633_RS01760	LU633_RS01760	phage DNA ejection protein	0.299657131312609	0.0335303452362511	-0.064742716563198	-0.388458952790293		NZ_CP089932.1	351696	352985	+
LU633_RS01765	LU633_RS01765	hypothetical protein	0.0376695936486371	0.0586654929150808	-0.134150114733454	0.032680623716149		NZ_CP089932.1	352985	355111	+
LU633_RS01770	LU633_RS01770	hypothetical protein	0.407753183570464	0.222377973689378	0.216896488282793	0.408200597706567		NZ_CP089932.1	355826	356623	-
LU633_RS01775	LU633_RS01775	hypothetical protein	0.446575891320427	0.191881924781918	2.86243018849912	1.33827461251562		NZ_CP089932.1	356679	356825	+
LU633_RS01780	LU633_RS01780	phage tailspike protein	0.243312307301538	-0.0227312523279383	-0.295785382605428	-0.188336055489573		NZ_CP089932.1	356971	358242	+
LU633_RS01790	LU633_RS01790	hypothetical protein	0.219676032228161	0.264063391619551	-1.25146952178095	-0.157185030708837		NZ_CP089932.1	358592	359038	-
LU633_RS01795	LU633_RS01795	site-specific integrase	0.219529085978106	0.0309536554503261	0.293942473843989	0.0995327807542621		NZ_CP089932.1	359104	360201	-
LU633_RS01800	LU633_RS01800	tRNA dihydrouridine(20/20a) synthase DusA	0.214404789648822	0.307611339402144	-0.721460880600791	-0.0111989694725585	dusA	NZ_CP089932.1	360291	361340	+
LU633_RS01810	LU633_RS01810	envelope stress response protein PspG	0.270799065994044	0.117521195552073	0.79769720816085	-0.0771216782271078	pspG	NZ_CP089932.1	363419	363628	+
LU633_RS01815	LU633_RS01815	quinone oxidoreductase	-0.395181958915658	-0.721591500002352	0.656965145172176	0.3026904746262		NZ_CP089932.1	363872	364852	-
LU633_RS01835	LU633_RS01835	S8 family serine peptidase	0.0076318410477025	-0.0869190149996144	0.444424081059774	0.203360577214134		NZ_CP089932.1	368089	370008	+
LU633_RS01840	LU633_RS01840	Lrp/AsnC family transcriptional regulator	0.251795599748171	-0.048249237025684	-0.239652084026762	-0.393709155119057		NZ_CP089932.1	370480	370885	+
LU633_RS01850	LU633_RS01850	YitT family protein	-0.217883037057855	-0.3315496643963	-0.961025587244809	0.24776794174931		NZ_CP089932.1	371777	372383	+
LU633_RS01855	LU633_RS01855	aspartate/tyrosine/aromatic aminotransferase	0.0324160253908932	0.147431552941946	0.0973958085163849	0.003901035532503		NZ_CP089932.1	372442	373635	+
LU633_RS01860	LU633_RS01860	secondary thiamine-phosphate synthase enzyme YjbQ	0.0295498452706173	0.0072964812330199	0.429826137755996	-0.751613722231822		NZ_CP089932.1	373936	374348	+
LU633_RS01865	LU633_RS01865	MmcQ/YjbR family DNA-binding protein	-0.057524965847856	0.156218169269522	1.16755262414699	-1.38359073124942		NZ_CP089932.1	374386	374686	+
LU633_RS01870	LU633_RS01870	NAD(P)-dependent alcohol dehydrogenase	0.0328556672754148	-0.158928494938577	0.0408937005386325	-0.0920799646259938		NZ_CP089932.1	374964	376016	-
LU633_RS01875	LU633_RS01875	excinuclease ABC subunit UvrA	0.150341372635706	-0.10880216213472	-0.0333551781329806	-0.0622970780561602	uvrA	NZ_CP089932.1	376379	379204	-
LU633_RS01885	LU633_RS01885	group II intron reverse transcriptase/maturase	0.139065433510669	0.265126980611511	0.0046744951799837	-0.344368666886084	ltrA	NZ_CP089932.1	380745	381717	+
LU633_RS01915	LU633_RS01915	IS6 family transposase	0.249963388079759	0.053474676647441	0.0191673647810797	1.95539528985741		NZ_CP089932.1	387664	388311	+
LU633_RS01925	LU633_RS01925	hypothetical protein	0.0291067549941564	0.472234754110267	-0.728284253662577	-1.94315702714326		NZ_CP089932.1	388760	389248	+
LU633_RS01930	LU633_RS01930	alpha/beta hydrolase	0.425391694374053	0.0276805750731303	-0.0089854808859735	0.741105838334166		NZ_CP089932.1	389241	389393	+
LU633_RS01935	LU633_RS01935	DUF3828 domain-containing protein	-0.10887049632682	0.108834979841185	-0.108405598336299	0.0580724735988447		NZ_CP089932.1	389526	389972	+
LU633_RS01960	LU633_RS01960	IS3 family transposase	0.241367663331712	-0.28515368607391	-0.350633916413454	1.62380585878456		NZ_CP089932.1	394637	395032	-
LU633_RS01965	LU633_RS01965	polysaccharide biosynthesis protein	-0.0901640497264184	0.39285310328682	-0.027725129168916	0.478744862884887		NZ_CP089932.1	395547	396818	+
LU633_RS01970	LU633_RS01970	hypothetical protein	0.218086584105991	0.176574444990758	-0.788052681940157	0.628367241865864		NZ_CP089932.1	396812	397765	+
LU633_RS01975	LU633_RS01975	hypothetical protein	0.0357325538932161	0.133780220014914	-0.526519215360547	0.0367878346009087		NZ_CP089932.1	397817	398072	-
LU633_RS01980	LU633_RS01980	superoxide response transcriptional regulator SoxS	0.169086079371411	-0.2764314605437	-1.14535882337364	0.345594688391551	soxS	NZ_CP089932.1	398358	398702	-
LU633_RS01985	LU633_RS01985	redox-sensitive transcriptional activator SoxR	-0.0664740688876022	0.213794706178502	-0.44268931255162	2.00726681654503	soxR	NZ_CP089932.1	398847	399293	+
LU633_RS01990	LU633_RS01990	glutathione S-transferase	0.505154351705695	-0.0129192887711049	0.322948000383909	-0.220669167957579		NZ_CP089932.1	399337	399999	+
LU633_RS01995	LU633_RS01995	NCS2 family permease	0.0120253965079606	-0.230904533266709	-0.340913775317195	-0.121886794416556		NZ_CP089932.1	400223	401572	+
LU633_RS02000	LU633_RS02000	Na+/H+ antiporter	-0.10558709536817	0.0371751519176101	0.0861973640620566	0.0123138390308992		NZ_CP089932.1	401744	403393	+
LU633_RS02005	LU633_RS02005	LysR family transcriptional regulator	0.098345196938983	-0.023410044144176	0.22081345693337	0.387878767401422		NZ_CP089932.1	403457	404361	-
LU633_RS02015	LU633_RS02015	LrgB family protein	-0.0538264856156077	-0.281753586868722	-0.165040962494292	-0.137881782798618		NZ_CP089932.1	404762	405001	+
LU633_RS02020	LU633_RS02020	YfaZ family outer membrane protein	0.0329026011657378	0.0540404500308727	-0.0426841460376013	-0.415031520203097		NZ_CP089932.1	405303	405848	+
LU633_RS02025	LU633_RS02025	acetate--CoA ligase	-0.0548334130854986	-0.293661010575731	0.189750637851824	-0.356349451907532	acs	NZ_CP089932.1	405912	407867	-
LU633_RS02030	LU633_RS02030	glutamate/aspartate:proton symporter GltP	-0.0277412771896173	-0.160153728399984	-0.179549309748289	-1.00321294506815	gltP	NZ_CP089932.1	408364	409662	+
LU633_RS02035	LU633_RS02035	PAS domain-containing protein	-0.0904648329622451	-0.166740024159872	-0.569805125508063	-0.0563856478867781		NZ_CP089932.1	409954	410347	+
LU633_RS02040	LU633_RS02040	methyl-accepting chemotaxis protein	0.126283651147013	-0.0515070738043752	-0.340232467949009	0.249408521560365		NZ_CP089932.1	410534	411393	+
LU633_RS02050	LU633_RS02050	dihydroxyacetone kinase subunit DhaK	-0.14244018541354	-0.0386512530415097	0.822215141281082	-0.204514922185908		NZ_CP089932.1	412176	413069	+
LU633_RS02060	LU633_RS02060	DAK2 domain-containing protein	-0.2303836011158	0.0663226010201782	0.24989051374312	0.0499153779224883		NZ_CP089932.1	413242	413394	+
LU633_RS02065	LU633_RS02065	peptide antibiotic transporter SbmA	0.045737604380367	-0.0980886730592228	0.257332329201203	0.327846194309624	sbmA	NZ_CP089932.1	413453	414652	-
LU633_RS02075	LU633_RS02075	EAL domain-containing protein	-0.192687433911094	-0.107596202172615	-0.158460902903623	0.154753201782191		NZ_CP089932.1	416313	418436	+
LU633_RS02080	LU633_RS02080	Sua5/YciO/YrdC/YwlC family protein	-3.12530354613375	-2.63726954836779	-1.55974430806285	-1.28924040166074		NZ_CP089932.1	418801	419580	+
LU633_RS02085	LU633_RS02085	LysR family transcriptional regulator	0.195516308076354	-0.373966933740704	-0.155920668826762	-0.676569110909398		NZ_CP089932.1	419613	420509	-
LU633_RS02090	LU633_RS02090	MFS transporter	-0.0735208704382311	-0.31729891770712	-0.874290655192371	-0.0207794278029572		NZ_CP089932.1	420630	421729	-
LU633_RS02095	LU633_RS02095	hypothetical protein	-0.193592877497853	-0.0539442627412694	-0.117269296567895	0.533469542444736		NZ_CP089932.1	422744	423043	+
LU633_RS02100	LU633_RS02100	hypothetical protein	-0.0920656087108183	-0.0715287040388772	-0.11964785621916	-0.550628249288426		NZ_CP089932.1	423169	423612	+
LU633_RS02105	LU633_RS02105	DUF4225 domain-containing protein	0.407184182931634	0.122722568004957	-0.0178928969271752	0.841378158439627		NZ_CP089932.1	423907	424720	+
LU633_RS02135	LU633_RS02135	hypothetical protein	-0.356283360835831	0.0198788625039017	-0.869529528044099	-0.328055441022158		NZ_CP089932.1	431519	432034	+
LU633_RS02155	LU633_RS02155	helix-turn-helix domain-containing protein	-0.198704628788442	-0.157579985499203	0.0979936458045405	-0.168767952063132		NZ_CP089932.1	435169	435614	-
LU633_RS02160	LU633_RS02160	hypothetical protein	-0.0817327755579651	0.0276772562211389	-0.263453706247469	0.298767625504134		NZ_CP089932.1	435784	436485	+
LU633_RS02165	LU633_RS02165	hypothetical protein	0.400424700676123	-0.925936272951823	0.665449225452867	-1.79679961952603		NZ_CP089932.1	436482	436913	+
LU633_RS02175	LU633_RS02175	hypothetical protein	0.398368420356901	0.240659259259684	0.18929285936581	-0.0365722080079589		NZ_CP089932.1	438266	438556	+
LU633_RS02185	LU633_RS02185	FAD-dependent oxidoreductase	0.32771949856699	0.196895806293713	-0.124559537997676	-0.0107333254030655		NZ_CP089932.1	439779	440006	-
LU633_RS02190	LU633_RS02190	cytochrome P450	-0.0345085588425709	0.154520933383553	0.27138310597903	0.205198829516871		NZ_CP089932.1	440769	442028	+
LU633_RS02195	LU633_RS02195	cytochrome P450	-0.139717962528014	0.170366245052432	0.357973339934872	0.676296031860188		NZ_CP089932.1	442021	443223	+
LU633_RS02200	LU633_RS02200	cytochrome P450	0.0346063890056565	-0.0276026859221659	-0.498491255966387	0.182475250588047		NZ_CP089932.1	443307	444608	+
LU633_RS02205	LU633_RS02205	ferredoxin	-0.504120677022666	0.155635819993585	0.806389796550465	1.18479348268705		NZ_CP089932.1	444610	444879	+
LU633_RS02210	LU633_RS02210	SDR family oxidoreductase	0.297614998562943	-0.252215013607897	0.289441546918158	0.161608751294088		NZ_CP089932.1	444876	445712	+
LU633_RS02215	LU633_RS02215	cytochrome P450	0.492932749855831	0.555224654822312	-0.582220466757051	0.480227015918427		NZ_CP089932.1	445777	447090	+
LU633_RS02220	LU633_RS02220	polyprenyl synthetase family protein	-0.0599382459018467	-0.165510312520232	-0.128046714834787	0.0170650625471018		NZ_CP089932.1	447238	448221	+
LU633_RS02225	LU633_RS02225	ent-copalyl diphosphate synthase	0.0220962520743779	-0.0526792499100566	-0.398878900961771	-0.263619913476329		NZ_CP089932.1	448273	449844	+
LU633_RS02230	LU633_RS02230	hypothetical protein	-0.259816914802986	0.174253796619313	0.813657740569353	-0.364093540459104		NZ_CP089932.1	449841	450791	+
LU633_RS02235	LU633_RS02235	type 2 isopentenyl-diphosphate Delta-isomerase	-0.365746154413123	-0.625485079504912	-0.32128986213507	0.0341726173301815	fni	NZ_CP089932.1	450778	451827	+
LU633_RS02250	LU633_RS02250	transposase	0.0057135221170676	0.0266141878909685	0.0291042836511304	0.163632752940726		NZ_CP089932.1	452167	452822	+
LU633_RS02255	LU633_RS02255	Rpn family recombination-promoting nuclease/putative transposase	-0.0268150403487846	-0.174730864344659	0.160781632449196	-0.165663703113117		NZ_CP089932.1	453104	454010	+
LU633_RS02260	LU633_RS02260	hypothetical protein	-0.0682113270713149	0.127228404007839	-0.151118757186443	0.0597784310233904		NZ_CP089932.1	454271	455491	+
LU633_RS02265	LU633_RS02265	hypothetical protein	0.0662263149576956	-0.0358209026713059	0.0299564864806983	-0.113866384359929		NZ_CP089932.1	455528	457378	+
LU633_RS02285	LU633_RS02285	transposase zinc-binding domain-containing protein	0.0734404621028724	0.0483186546022678	0.258841214488649	0.609045286017593		NZ_CP089932.1	459243	459518	-
LU633_RS02300	LU633_RS02300	hypothetical protein	-0.0156491000359404	-0.0031733462122554	0.0551886840795461	0.133625614640811		NZ_CP089932.1	460148	460525	+
LU633_RS02315	LU633_RS02315	threonine/serine dehydratase	0.0231712817237379	0.108544600935907	0.454923276686088	-0.0075341914612909		NZ_CP089932.1	462925	464406	+
LU633_RS02335	LU633_RS02335	TraI domain-containing protein	-0.450340849016519	0.205134135775814	-0.793999915351099	0.30637357587604		NZ_CP089932.1	467719	469110	+
LU633_RS02345	LU633_RS02345	incFII family plasmid replication initiator RepA	0.569650115154467	-0.277582922997107	-0.808534893651947	-1.08364051181759		NZ_CP089932.1	469651	470193	+
LU633_RS02355	LU633_RS02355	trehalase	0.0670364251499467	-0.186792379913584	-0.373082651378543	0.320190397930146		NZ_CP089932.1	470700	470951	+
LU633_RS02360	LU633_RS02360	helix-turn-helix transcriptional regulator	0.281931831022063	0.280625587197413	0.292988766152491	0.0895945314393689		NZ_CP089932.1	471018	471437	-
LU633_RS02365	LU633_RS02365	SDR family oxidoreductase	0.263227802080014	-0.0387634431252968	-0.0210420362092159	0.217818880479827		NZ_CP089932.1	471561	472424	+
LU633_RS02370	LU633_RS02370	peptidase domain-containing ABC transporter	0.0349306146695278	0.0151066366588193	0.353168737656745	0.0659256709457048		NZ_CP089932.1	472993	475143	-
LU633_RS02375	LU633_RS02375	HlyD family efflux transporter periplasmic adaptor subunit	-0.170285014404	-0.128610719368735	0.0604291934390211	0.271951943670574		NZ_CP089932.1	475173	476432	-
LU633_RS02380	LU633_RS02380	TolC family outer membrane protein	0.218171822165907	0.189625703788746	0.717327624199833	0.0103054061357484		NZ_CP089932.1	476456	477772	-
LU633_RS02390	LU633_RS02390	helix-turn-helix domain-containing protein	0.454829798007187	0.530931085630714	0.0672426708298874	0.601858965949856		NZ_CP089932.1	479390	479989	+
LU633_RS02395	LU633_RS02395	gamma-glutamyltransferase	0.0875896575182575	-0.0350313094707919	0.720668854588429	0.476181047304718	ggt	NZ_CP089932.1	480361	482124	-
LU633_RS02400	LU633_RS02400	phytochelatin synthase family protein	0.0473324203406231	0.229789980212479	0.0913936041282783	0.0680775722490998		NZ_CP089932.1	482194	482973	-
LU633_RS02405	LU633_RS02405	disulfide bond formation protein B	-0.209089903759798	0.115370455623029	-0.928250159900542	-1.09517556487486		NZ_CP089932.1	483048	483599	-
LU633_RS02415	LU633_RS02415	hypothetical protein	-0.122074429874786	-0.0039817862308548	0.126678061794136	-0.261971963358468		NZ_CP089932.1	484521	485021	+
LU633_RS02420	LU633_RS02420	hypothetical protein	-0.63380816161734	-0.181089751153225	-1.37035913413111	0.159439558520988		NZ_CP089932.1	485015	485608	+
LU633_RS02425	LU633_RS02425	serine kinase	-0.140624008823808	-0.110057082221802	-0.0261418465442929	0.416451394487496		NZ_CP089932.1	485742	486986	+
LU633_RS02440	LU633_RS02440	hypothetical protein	0.0902526909659851	-0.181140639243869	-0.195094438035011	0.386894312256929		NZ_CP089932.1	489117	489821	+
LU633_RS02445	LU633_RS02445	hypothetical protein	0.249153767076217	0.185234240980975	0.387213876342335	0.636709335505345		NZ_CP089932.1	489818	490000	+
LU633_RS02460	LU633_RS02460	hypothetical protein	0.246877120108009	-0.23659847817554	0.312046790059414	0.0573240859086295		NZ_CP089932.1	492794	493048	+
LU633_RS02470	LU633_RS02470	single-stranded DNA-binding protein	-0.147806181124991	-0.219193337619143	0.605375028132807	0.216017081068049	ssb	NZ_CP089932.1	493753	493902	+
LU633_RS02495	LU633_RS02495	thiosulfate sulfurtransferase GlpE	-0.469102787978675	-0.886551990020954	-0.257395399835231	0.191490602388114	glpE	NZ_CP089932.1	498248	498577	+
LU633_RS02505	LU633_RS02505	DeoR/GlpR family transcriptional regulator	-3.5505723053647	-3.25229429858582	0.350108591409106	-0.191333570616115		NZ_CP089932.1	499493	500251	+
LU633_RS02510	LU633_RS02510	glycogen/starch/alpha-glucan phosphorylase	-0.127289046174812	0.0355378642212097	0.525297297878671	0.0219418914620033		NZ_CP089932.1	500505	501416	+
LU633_RS02515	LU633_RS02515	4-alpha-glucanotransferase	0.0044067204506046	-0.0362949742862611	-0.398056289065106	0.0455094806535543	malQ	NZ_CP089932.1	501599	502987	+
LU633_RS02525	LU633_RS02525	phosphoribosyltransferase	-0.110984518552033	-0.48763954539654	0.426026649714321	-0.169501967727944		NZ_CP089932.1	503715	504398	-
LU633_RS02535	LU633_RS02535	DUF1471 domain-containing protein	-0.11544374075402	-0.651053958184043	1.41521009912716	0.222778953835824		NZ_CP089932.1	505381	505650	+
LU633_RS02540	LU633_RS02540	Fe(2+) transporter permease subunit FeoB	-0.225784229431857	-0.0389754300287315	0.281678792728709	-0.134441074093016	feoB	NZ_CP089932.1	506364	508664	-
LU633_RS02550	LU633_RS02550	RNA-binding transcriptional accessory protein	-0.447125387220529	-0.500065155263006	-0.0705920849746997	-0.447055840133006		NZ_CP089932.1	509049	511367	-
LU633_RS02555	LU633_RS02555	transcription elongation factor GreB	-0.0224759128654992	-0.205864430249043	-0.529780017480349	-0.730652869024994	greB	NZ_CP089932.1	511461	511940	-
LU633_RS02560	LU633_RS02560	two-component system response regulator OmpR	-1.14578940567673	-0.78996858585346	-2.64914926660499	-2.65788996557127	ompR	NZ_CP089932.1	512244	512963	+
LU633_RS02565	LU633_RS02565	two-component system sensor histidine kinase EnvZ	0.014665464371868	-0.160261805239348	-3.84341843995403	-3.03785813979064	envZ	NZ_CP089932.1	512960	514312	+
LU633_RS02570	LU633_RS02570	hypothetical protein	-0.157029726904194	-0.0979875640341275	0.898195472413908	-0.579349345345026		NZ_CP089932.1	514413	514796	+
LU633_RS02575	LU633_RS02575	phosphoenolpyruvate carboxykinase (ATP)	-0.493738968821852	-0.360228851202459	-2.66424891282632	-2.9474482639951	pckA	NZ_CP089932.1	514875	516488	-
LU633_RS02580	LU633_RS02580	Hsp33 family molecular chaperone HslO	-0.219804365425514	0.0651148668087216	0.381068270460351	-0.519137289737011	hslO	NZ_CP089932.1	516828	517706	-
LU633_RS02585	LU633_RS02585	ribosome-associated heat shock protein Hsp15	0.0223587677332027	0.19517238120292	-0.445530386763824	0.785203395900363	hslR	NZ_CP089932.1	517729	518130	-
LU633_RS02595	LU633_RS02595	ADP compounds hydrolase NudE	0.615029796591068	0.487665700954854	-0.239845490268978	-0.0812665545831592	nudE	NZ_CP089932.1	520804	521370	+
LU633_RS02605	LU633_RS02605	peptidoglycan glycosyltransferase/peptidoglycan DD-transpeptidase MrcA	-3.46732770542221	-2.8172576356904	-2.20943896753889	-1.15825718516695	mrcA	NZ_CP089932.1	522206	524752	-
LU633_RS02610	LU633_RS02610	pilus assembly protein PilM	0.292343753125929	-0.170082791895041	-0.116734718036196	-0.466815099744228	pilM	NZ_CP089932.1	524904	525728	+
LU633_RS02615	LU633_RS02615	PilN domain-containing protein	0.107139545583792	0.303174863062922	0.254479243844322	0.0359825614157034		NZ_CP089932.1	525728	526312	+
LU633_RS02620	LU633_RS02620	hypothetical protein	-0.018906644632084	0.0298544920799302	0.336028077318999	-0.274067203845056		NZ_CP089932.1	526302	526805	+
LU633_RS02625	LU633_RS02625	DNA utilization family protein	-0.495348731101427	-0.568863586476236	0.218924309796911	-0.902652320046537		NZ_CP089932.1	526792	527196	+
LU633_RS02630	LU633_RS02630	DNA uptake porin HofQ	0.137752523484908	0.129057624133144	-0.0114870291402731	0.335841225729137	hofQ	NZ_CP089932.1	527132	528388	+
LU633_RS02645	LU633_RS02645	SPOR domain-containing protein	0.446716464192073	0.754903804115358	-1.27087809673969	-1.06913235524792		NZ_CP089932.1	530527	531507	+
LU633_RS02655	LU633_RS02655	ribulose-phosphate 3-epimerase	-4.08948670361329	-4.25484857059992	-3.11697541018132	-2.30044927022818	rpe	NZ_CP089932.1	532509	533195	+
LU633_RS02660	LU633_RS02660	phosphoglycolate phosphatase	-1.54323422358609	-0.952474744596282	0.0421424691038801	0.188386760796594		NZ_CP089932.1	533179	533877	+
LU633_RS02670	LU633_RS02670	hypothetical protein	0.294772277760828	-0.0633481343235862	1.18005636521834	0.608170316528615		NZ_CP089932.1	534917	535318	-
LU633_RS02675	LU633_RS02675	cytosine deaminase	0.155850045757574	0.227181761974336	-0.0569316746367914	-0.0040691356729154		NZ_CP089932.1	535509	536786	+
LU633_RS02680	LU633_RS02680	MFS transporter TsgA	-0.0855564435716414	-0.124027174000824	-0.42728980628151	0.110559992162846	tsgA	NZ_CP089932.1	536832	538016	-
LU633_RS02685	LU633_RS02685	peptidylprolyl isomerase A	-0.158823377787949	0.187530111589599	-0.630940780671527	0.686126387671372	ppiA	NZ_CP089932.1	538291	538863	+
LU633_RS02690	LU633_RS02690	aminodeoxychorismate synthase component II	0.0754900922894191	-0.106835893715882	-0.307461242879648	0.343563733381754		NZ_CP089932.1	538966	539541	+
LU633_RS02695	LU633_RS02695	aspartate aminotransferase family protein	-4.94445833256365	-4.62541405505426	-5.34478594634829	-3.15302470716006		NZ_CP089932.1	539626	540846	+
LU633_RS02700	LU633_RS02700	YccS/YhfK family putative transporter	0.566810457036634	0.45112811199568	-0.0592624727463398	-0.098052198629921		NZ_CP089932.1	540878	542950	-
LU633_RS02705	LU633_RS02705	cAMP-activated global transcriptional regulator CRP	0.285396455875145	-0.0119314034754667	-3.85604407994604	-3.05570444210309	crp	NZ_CP089932.1	543008	543640	-
LU633_RS02710	LU633_RS02710	OsmC family protein	0.0512527034358214	0.112757895748328	2.29915475741747	1.03083374941772		NZ_CP089932.1	543951	544358	+
LU633_RS02715	LU633_RS02715	phosphoribulokinase	-2.97587579847924	-1.52095602043699	0.975768584514932	1.53534581797205		NZ_CP089932.1	544388	545257	-
LU633_RS02725	LU633_RS02725	hydrolase	0.0106599282081299	0.103704962420958	0.36079365624005	0.218067590042712		NZ_CP089932.1	545821	546783	-
LU633_RS02730	LU633_RS02730	LysE family translocator	-0.699332082113116	-0.724989665930177	0.765359612199322	0.580890684314857		NZ_CP089932.1	546868	547470	+
LU633_RS02740	LU633_RS02740	taurine ABC transporter substrate-binding protein	0.15979072772949	-0.082537153276655	-0.48369402834959	-0.261898809421838	tauA	NZ_CP089932.1	548614	549597	+
LU633_RS02745	LU633_RS02745	taurine ABC transporter ATP-binding subunit	0.141289418257039	0.089336019919239	0.799274507986065	1.06254737264573	tauB	NZ_CP089932.1	549609	550376	+
LU633_RS02750	LU633_RS02750	taurine ABC transporter permease TauC	-0.567892842370979	-0.322099475575662	0.937524461625203	-1.12842329951801	tauC	NZ_CP089932.1	550373	551197	+
LU633_RS02755	LU633_RS02755	taurine dioxygenase	-0.163244789583093	0.0147821693172869	-0.577238517424359	-0.325327519655528	tauD	NZ_CP089932.1	551198	552037	+
LU633_RS02760	LU633_RS02760	ABC transporter ATP-binding protein	-0.434401271778861	-0.441532028937427	0.790165850988178	0.120613169997903		NZ_CP089932.1	552279	554186	-
LU633_RS02765	LU633_RS02765	glutathione-regulated potassium-efflux system ancillary protein KefG	-0.0415051866773068	0.047453587236107	0.207367781028333	0.130945409460308	kefG	NZ_CP089932.1	554415	554966	+
LU633_RS02770	LU633_RS02770	glutathione-regulated potassium-efflux system protein KefB	-0.0003968083060097	-0.066915647672575	0.404923420876138	0.479012158731492	kefB	NZ_CP089932.1	554967	556772	+
LU633_RS02780	LU633_RS02780	peptidylprolyl isomerase	0.12495645805617	0.579123215768359	0.660893274671458	0.253878956472203	slyD	NZ_CP089932.1	557112	557633	+
LU633_RS02790	LU633_RS02790	FKBP-type peptidyl-prolyl cis-trans isomerase	0.461137692128437	0.607492187298048	1.04224026800055	1.0916058154428	fkpA	NZ_CP089932.1	558266	559105	+
LU633_RS02795	LU633_RS02795	transcriptional regulator	-0.870773489258972	-1.14681480428763	-0.218070213050071	-1.16580351826746		NZ_CP089932.1	559302	560024	+
LU633_RS02830	LU633_RS02830	elongation factor Tu	-0.673052097815719	-1.20211137039906	-3.34675193979692	-1.95930555202532	tuf	NZ_CP089932.1	564404	565588	+
LU633_RS02835	LU633_RS02835	hypothetical protein	-0.0263969420625934	-0.0149645086128201	0.557507585605647	0.675296521553753		NZ_CP089932.1	565775	566377	+
LU633_RS02840	LU633_RS02840	hypothetical protein	-0.181081436694827	-0.0161778157673516	-0.296683977744221	-0.0913026645103834		NZ_CP089932.1	566374	566787	+
LU633_RS02985	LU633_RS02985	DUF1992 domain-containing protein	0.119398719338533	0.351677136437873	0.412821288565319	0.990592060987831		NZ_CP089932.1	580797	581156	+
LU633_RS02990	LU633_RS02990	Zn(2+)-responsive transcriptional regulator	-1.07558949153087	-0.636721063528367	-0.0058918854778617	-0.0355667532556665	zntR	NZ_CP089932.1	581156	581578	+
LU633_RS03010	LU633_RS03010	large-conductance mechanosensitive channel protein MscL	0.353392635642463	0.289662948980808	0.899893094291102	0.154996688952196	mscL	NZ_CP089932.1	585247	585633	-
LU633_RS03030	LU633_RS03030	transcriptional regulator	0.248309969764405	-0.0660434673808328	0.931264056570461	0.470262552435436		NZ_CP089932.1	588952	589500	-
LU633_RS03035	LU633_RS03035	helix-turn-helix domain-containing protein	-0.21148679060893	0.0992512216925172	-0.545304273833575	0.357630190143506		NZ_CP089932.1	589647	589913	+
LU633_RS03040	LU633_RS03040	Mu transposase C-terminal domain-containing protein	-0.133765563470572	-0.187175104289079	-0.0808319388917567	-0.357632258902759		NZ_CP089932.1	589928	591511	+
LU633_RS03045	LU633_RS03045	AAA family ATPase	-0.195026622237661	-0.201771082042148	-0.156535700726566	-0.216128347466332		NZ_CP089932.1	591522	592442	+
LU633_RS03060	LU633_RS03060	hypothetical protein	-1.13049550374257	-1.24930727411946	-0.193665796268757	-0.155055505939717		NZ_CP089932.1	593350	593544	+
LU633_RS03065	LU633_RS03065	hypothetical protein	-0.183159249492421	-0.671966153818638	-1.27578219840276	-3.33697419291455		NZ_CP089932.1	593545	593772	+
LU633_RS03105	LU633_RS03105	acyltransferase	0.0753844726171995	0.0176393200312911	0.242093797141339	0.444912256050908		NZ_CP089932.1	597941	599049	-
LU633_RS03110	LU633_RS03110	DNA adenine methylase	0.216403168500695	-0.148713798558232	0.0833104604222923	0.0834850373060965		NZ_CP089932.1	599326	600109	+
LU633_RS03115	LU633_RS03115	hypothetical protein	-0.0606803482473022	0.104847708711685	-0.332789115648089	-0.049310103267092		NZ_CP089932.1	600078	600314	-
LU633_RS03120	LU633_RS03120	transposase	-0.0126469757431833	-0.0286988137739492	-0.54436074633323	0.689974675037636		NZ_CP089932.1	600541	600749	-
LU633_RS03125	LU633_RS03125	Trk system potassium transporter TrkA	-0.534928668710436	-0.521713777620161	-1.32564447939117	-1.27672894777977	trkA	NZ_CP089932.1	600902	602278	-
LU633_RS03130	LU633_RS03130	16S rRNA (cytosine(967)-C(5))-methyltransferase RsmB	0.291060462459012	0.191523855261594	0.0477361982140723	-0.0774520392020812	rsmB	NZ_CP089932.1	602325	603614	-
LU633_RS03145	LU633_RS03145	DNA-protecting protein DprA	0.291451757512534	0.273013048958643	0.0567663748734433	0.447720240538532	dprA	NZ_CP089932.1	605254	606378	+
LU633_RS03150	LU633_RS03150	DUF494 family protein Smg	1.06722234984318	0.73953324110369	0.196592473465293	-0.327508352406356	smg	NZ_CP089932.1	606350	606823	+
LU633_RS03165	LU633_RS03165	shikimate dehydrogenase	-2.83991834880472	-2.93722082305349	-1.94070072154317	-1.60222902328107	aroE	NZ_CP089932.1	607976	608797	+
LU633_RS03175	LU633_RS03175	gamma carbonic anhydrase family protein	0.18142568740541	0.11992285117958	-0.436468833796549	0.0550973601317422		NZ_CP089932.1	609021	609575	-
LU633_RS03205	LU633_RS03205	transposase family protein	-0.0196621692906696	-0.201188312496401	-0.108597011339892	1.52195266770314		NZ_CP089932.1	615603	616180	-
LU633_RS03210	LU633_RS03210	amino acid ABC transporter ATP-binding protein	0.001970775708137	-0.111610197142321	-1.65518841860329	-1.01477929405842		NZ_CP089932.1	616579	617304	-
LU633_RS03215	LU633_RS03215	amino acid ABC transporter permease	-0.0350291669357088	-0.0598492437696625	-2.05515482857661	-0.994365864829467		NZ_CP089932.1	617352	618452	-
LU633_RS03220	LU633_RS03220	amino acid ABC transporter permease	-0.129903567953699	-0.334255171742069	-1.81304972373705	-1.446078547422		NZ_CP089932.1	618469	619647	-
LU633_RS03225	LU633_RS03225	amino acid ABC transporter substrate-binding protein	-0.211930140618757	-0.106857215205259	-2.03192534459574	-1.06189054460538		NZ_CP089932.1	619720	620745	-
LU633_RS03230	LU633_RS03230	kdo(2)-lipid IV(A) palmitoleoyltransferase	0.077666233578092	-0.0970769883425848	0.54555180970638	0.552802622696863	lpxP	NZ_CP089932.1	621085	622005	-
LU633_RS03235	LU633_RS03235	hypothetical protein	-0.0388824966108396	-0.0035701676697098	0.204082259428195	-0.61650741657945		NZ_CP089932.1	622903	623301	+
LU633_RS03240	LU633_RS03240	hypothetical protein	0.0241492743189629	-0.478511336212077	0.567130642050667	-0.813693411593958		NZ_CP089932.1	623202	623444	+
LU633_RS03245	LU633_RS03245	DUF1493 family protein	-0.390923038681942	0.174603611175669	-0.250673651664437	-0.923191718491167		NZ_CP089932.1	623438	623764	+
LU633_RS03260	LU633_RS03260	DUF2065 domain-containing protein	0.316282263181217	0.135994308120738	-0.975509080132569	-0.433996131969513		NZ_CP089932.1	624972	625175	+
LU633_RS03265	LU633_RS03265	adenylosuccinate synthase	-4.76913024062745	-6.95457642528797	-7.13257028029678	-5.22991842293722		NZ_CP089932.1	625301	626599	+
LU633_RS03270	LU633_RS03270	ribonuclease R	-2.0859531264435	-1.75848640617701	-0.741982823172559	-0.564763670703586	rnr	NZ_CP089932.1	627131	629587	+
LU633_RS03275	LU633_RS03275	23S rRNA (guanosine(2251)-2'-O)-methyltransferase RlmB	0.506718955151305	0.329455836514833	-0.249256364578303	0.684699139291805	rlmB	NZ_CP089932.1	629603	630337	+
LU633_RS03285	LU633_RS03285	DUF1471 domain-containing protein	0.241478294456058	-0.357628253328663	0.0026921578601168	-1.15637542373298		NZ_CP089932.1	631551	631748	-
LU633_RS03290	LU633_RS03290	Cache 3/Cache 2 fusion domain-containing protein	0.115159496736355	0.0705458240466603	0.249380627213439	0.13372011304112		NZ_CP089932.1	631754	632320	-
LU633_RS03300	LU633_RS03300	esterase	-0.411727138251591	0.247119368909472	-1.19391370492061	0.596057772869764	yjfP	NZ_CP089932.1	634271	635020	+
LU633_RS03320	LU633_RS03320	50S ribosomal protein L9	0.730124560998841	-0.4979806191985	-0.688014551525083	1.8742078740356	rplI	NZ_CP089932.1	636228	636680	+
LU633_RS03325	LU633_RS03325	opacity-associated protein OapA	-0.093122876792795	-0.306884175570389	-0.402063231565268	1.11433669967808		NZ_CP089932.1	636691	637221	-
LU633_RS03330	LU633_RS03330	FKBP-type peptidyl-prolyl cis-trans isomerase	0.0698862014466457	0.0405704556354812	-0.463701479044785	-1.30197772847402	fklB	NZ_CP089932.1	637522	638142	+
LU633_RS03345	LU633_RS03345	IS3 family transposase	0.331569499255053	0.477593512091925	0.375975787997089	0.779769880412197		NZ_CP089932.1	640564	640917	-
LU633_RS03360	LU633_RS03360	phosphatidylglycerol--membrane-oligosaccharide glycerophosphotransferase	-0.625095438751666	-0.565406080512997	0.277536136934942	0.28127998775412	opgB	NZ_CP089932.1	642123	644426	+
LU633_RS03365	LU633_RS03365	methyl-accepting chemotaxis protein	0.16306821810671	-0.0456992564150427	0.15375430071587	-0.154699134501728		NZ_CP089932.1	644707	646260	+
LU633_RS03370	LU633_RS03370	D-alanyl-D-alanine- carboxypeptidase/endopeptidase AmpH	0.473161983935962	0.388211452984456	-0.0822197765469985	-0.0507890206820818	ampH	NZ_CP089932.1	646580	647773	+
LU633_RS03390	LU633_RS03390	lactaldehyde reductase	0.0976431529368038	-0.0336221686475344	-0.108170943884541	0.584010231865502	fucO	NZ_CP089932.1	650392	651543	+
LU633_RS03395	LU633_RS03395	helix-turn-helix domain-containing protein	0.0297910424663768	-0.452480094404303	1.19641282342286	-0.555222636406528		NZ_CP089932.1	652045	652469	+
LU633_RS03400	LU633_RS03400	IS6 family transposase	0.470688245270995	0.258193068380052	1.26512724858855	-0.264044277148807		NZ_CP089932.1	652620	652817	-
LU633_RS03405	LU633_RS03405	acyl-homoserine-lactone synthase	0.0479766937843602	0.0716878268793167	-0.857489176354957	-0.171287007546881		NZ_CP089932.1	653043	653645	+
LU633_RS03425	LU633_RS03425	hypothetical protein	0.0467149286086761	0.0040147190664312	0.0056416618051222	0.256169299066735		NZ_CP089932.1	656727	657038	-
LU633_RS03435	LU633_RS03435	conjugal transfer protein TraN	0.548857902810378	-0.598523909807369	0.570383403626185	-0.0513474012920603	traN	NZ_CP089932.1	657509	657852	+
LU633_RS03440	LU633_RS03440	conjugal transfer protein TraF	0.179637206096602	0.0634696545642147	0.219827836518937	0.147425351154563	traF	NZ_CP089932.1	658126	658614	+
LU633_RS03445	LU633_RS03445	type II toxin-antitoxin system RelE/ParE family toxin	-0.0484185422586534	-0.164528699125283	0.276804410597216	-0.142155187438757		NZ_CP089932.1	658667	658948	-
LU633_RS03450	LU633_RS03450	Rpn family recombination-promoting nuclease/putative transposase	0.195947984447699	0.190502566123032	1.03787307752973	0.695793484935039		NZ_CP089932.1	658993	659363	-
LU633_RS03455	LU633_RS03455	pyridoxamine 5'-phosphate oxidase family protein	0.0684105216043729	0.118038800777101	1.79899079131254	0.778301806500015		NZ_CP089932.1	659500	660024	-
LU633_RS03460	LU633_RS03460	hypothetical protein	0.144361134596677	-0.0095269301466344	-0.749062193229369	-0.22199054528359		NZ_CP089932.1	660026	660259	-
LU633_RS03465	LU633_RS03465	peptidogalycan biosysnthesis protein	0.989085752516043	0.404223709539187	-1.07301781779751	0.33158486868734		NZ_CP089932.1	660382	661050	-
LU633_RS03470	LU633_RS03470	hypothetical protein	0.0882748763797636	0.0589741590527133	-0.0007561727534184	0.116428543369298		NZ_CP089932.1	662039	666070	-
LU633_RS03475	LU633_RS03475	hypothetical protein	-0.0750882851000882	-0.25371615861866	-0.626224774711553	-0.487049852667401		NZ_CP089932.1	666009	667082	-
LU633_RS03490	LU633_RS03490	DUF1493 family protein	0.136434891967964	-0.0976062512564071	0.567572962058141	0.295754578918032		NZ_CP089932.1	669170	669445	+
LU633_RS03505	LU633_RS03505	DNA-binding transcriptional regulator Fis	1.53463038841013	1.43887680569164	2.35045760452341	4.36068646471936	fis	NZ_CP089932.1	670966	671262	-
LU633_RS03510	LU633_RS03510	tRNA dihydrouridine synthase DusB	1.03795815975525	0.915470550672351	2.81765642929326	3.75600432932653	dusB	NZ_CP089932.1	671244	672252	-
LU633_RS03515	LU633_RS03515	carbonic anhydrase family protein	0.0191812699301379	0.142160908501707	-0.104205047809966	-0.241929987317957		NZ_CP089932.1	672568	673302	-
LU633_RS03520	LU633_RS03520	50S ribosomal protein L11 methyltransferase	0.0445824070577419	-0.0405510151155284	0.0554232892283937	-0.303034945685422	prmA	NZ_CP089932.1	673439	674320	-
LU633_RS03525	LU633_RS03525	sodium/pantothenate symporter	-1.21491966918888	-0.329934048447478	0.79260473843982	-0.441150376526003	panF	NZ_CP089932.1	674332	675783	-
LU633_RS03550	LU633_RS03550	protein-methionine-sulfoxide reductase heme-binding subunit MsrQ	-0.617002028371008	0.362934938777808	-0.230180030910965	0.281613812700598	msrQ	NZ_CP089932.1	678632	679234	-
LU633_RS03555	LU633_RS03555	protein-methionine-sulfoxide reductase catalytic subunit MsrP	0.0781202187702177	0.0964684128497347	-0.322858654239839	0.156414770551738	msrP	NZ_CP089932.1	679234	680235	-
LU633_RS03560	LU633_RS03560	oxidoreductase	0.0861252876084659	-0.0196191835204284	-0.0512655730788616	0.259903235104476		NZ_CP089932.1	680373	681347	-
LU633_RS03565	LU633_RS03565	RNase E specificity factor CsrD	-1.08849585155469	-1.00126023684509	-0.633741220894835	0.310591733605295	csrD	NZ_CP089932.1	681540	683489	+
LU633_RS03585	LU633_RS03585	Maf-like protein	-0.654346722676716	-0.553773718607241	-0.137074896745529	-0.207477066582218		NZ_CP089932.1	686457	687053	+
LU633_RS03590	LU633_RS03590	ribonuclease G	-2.44870823623003	-1.87225354688515	-0.766638808377608	-0.241669168925255	rng	NZ_CP089932.1	687043	688512	+
LU633_RS03595	LU633_RS03595	AsmA2 domain-containing protein YhdP	0.155045539598688	0.221796563968414	-0.518497021219045	0.139687038963896	yhdP	NZ_CP089932.1	688544	692350	+
LU633_RS03600	LU633_RS03600	metalloprotease TldD	0.401959539594038	0.483318766392461	-1.00817229787734	-0.561471434688175	tldD	NZ_CP089932.1	692434	693879	+
LU633_RS03605	LU633_RS03605	HTH-type transcriptional activator AaeR	-0.140782697238924	-0.153750084427054	-0.510323918948745	0.509235303272427	aaeR	NZ_CP089932.1	693912	694814	-
LU633_RS03610	LU633_RS03610	p-hydroxybenzoic acid efflux pump operon protein AaeX	-0.082927567697854	-0.117464692972185	-0.195988423953335	0.0210330151790985		NZ_CP089932.1	695078	695281	+
LU633_RS03615	LU633_RS03615	p-hydroxybenzoic acid efflux pump subunit AaeA	0.0241477815121924	-0.156401163968117	0.343037759388004	0.295061660139788	aaeA	NZ_CP089932.1	695289	696221	+
LU633_RS03620	LU633_RS03620	p-hydroxybenzoic acid efflux pump subunit AaeB	-0.103175397352396	-0.0333520381054841	-0.376243552591946	0.244315560167568	aaeB	NZ_CP089932.1	696226	698184	+
LU633_RS03625	LU633_RS03625	aldehyde dehydrogenase family protein	0.132772953349706	-0.0253981981715257	0.439234786623285	0.0240882778912717		NZ_CP089932.1	698318	698671	+
LU633_RS03630	LU633_RS03630	IS481 family transposase	-0.356618796940228	-0.428418205447162	-2.02197822561102	-2.21219028852712		NZ_CP089932.1	698733	699512	-
LU633_RS03635	LU633_RS03635	aldehyde dehydrogenase family protein	-0.223427139509374	0.0695436326681278	-0.321493092806888	-0.268741016178248		NZ_CP089932.1	699566	699718	+
LU633_RS03640	LU633_RS03640	barnase inhibitor	0.0343745774996516	-0.267079408451298	-0.286037970330448	-0.061799050128994		NZ_CP089932.1	699756	700025	+
LU633_RS03645	LU633_RS03645	DUF1471 domain-containing protein	0.0451319297209647	0.129809825621754	0.450842545459146	0.648134520431541		NZ_CP089932.1	700105	700296	-
LU633_RS03650	LU633_RS03650	transcriptional regulator ArgR	-0.275091736735799	-0.479374543940421	0.891700442221264	-0.411622218327021	argR	NZ_CP089932.1	700703	701173	-
LU633_RS03655	LU633_RS03655	malate dehydrogenase	-5.29309584958508	-4.82961177204717	-3.31834398386101	-2.22752343885221	mdh	NZ_CP089932.1	701589	702524	+
LU633_RS03660	LU633_RS03660	outer membrane-stress sensor serine endopeptidase DegS	-0.0154437622632577	0.142688562482832	-0.936257386475812	-1.95299889964317	degS	NZ_CP089932.1	702563	703621	-
LU633_RS03665	LU633_RS03665	Do family serine endopeptidase	0.13468321842345	-0.0418991260106669	0.217770092271709	0.710636369661888		NZ_CP089932.1	703698	705065	-
LU633_RS03675	LU633_RS03675	cell division protein ZapE	-1.25020779923697	-0.767860204391327	-1.5864584676397	-0.994281417432512		NZ_CP089932.1	705771	706898	+
LU633_RS03690	LU633_RS03690	stringent starvation protein A	-4.18094391285202	-3.55293411736933	-3.20149879055884	-0.456363120779832	sspA	NZ_CP089932.1	708286	708927	+
LU633_RS03695	LU633_RS03695	ClpXP protease specificity-enhancing factor	-0.75073654125212	-0.576277582731183	-0.118481131585951	0.36126193290975	sspB	NZ_CP089932.1	708934	709428	+
LU633_RS03700	LU633_RS03700	glutamate synthase small subunit	-5.14519216997724	-6.28400257909228	1.48890583544285	0.871525353099627		NZ_CP089932.1	709649	711067	-
LU633_RS03705	LU633_RS03705	glutamate synthase large subunit	-5.01929927240915	-5.84755459257765	1.22792613189422	0.607504948537907	gltB	NZ_CP089932.1	711077	715534	-
LU633_RS03710	LU633_RS03710	aerobic respiration two-component sensor histidine kinase ArcB	2.86875813677869	2.60585344501633	0.331954016675065	2.24402194130565	arcB	NZ_CP089932.1	716611	719016	+
LU633_RS03715	LU633_RS03715	monofunctional biosynthetic peptidoglycan transglycosylase	0.200399445221782	0.136259066866728	0.343708129808051	0.394640400647448	mtgA	NZ_CP089932.1	719816	720535	+
LU633_RS03720	LU633_RS03720	PTS phosphocarrier protein NPr	0.349692905497737	-1.10444352336729	2.72887355565434	2.44615175425467	npr	NZ_CP089932.1	720579	720851	-
LU633_RS03725	LU633_RS03725	RNase adapter RapZ	-1.97122148030182	-2.03217276596431	-0.169630270980346	0.109960331739017	rapZ	NZ_CP089932.1	720848	721702	-
LU633_RS03730	LU633_RS03730	PTS IIA-like nitrogen regulatory protein PtsN	-2.36176818478501	-2.12608543748465	-2.9827961471286	-2.92971974077935	ptsN	NZ_CP089932.1	722679	723164	-
LU633_RS03735	LU633_RS03735	ribosome hibernation promoting factor	0.279890438356682	0.0704299104670381	0.986924939524493	1.28938801663712	hpf	NZ_CP089932.1	723362	723649	-
LU633_RS03740	LU633_RS03740	RNA polymerase factor sigma-54	-3.96099727526669	-3.49725691375123	-4.27899794728854	-2.19567901014969	rpoN	NZ_CP089932.1	723672	725105	-
LU633_RS03760	LU633_RS03760	3-deoxy-manno-octulosonate-8-phosphatase KdsC	-0.598884638983468	-0.461016331396881	-1.39331508686146	-1.1259092692057	kdsC	NZ_CP089932.1	726980	727546	-
LU633_RS03770	LU633_RS03770	calcium/sodium antiporter	-0.262856686658082	-0.135117599107891	0.250234282411178	0.0559742530013327		NZ_CP089932.1	728554	729543	-
LU633_RS03775	LU633_RS03775	phospholipid ABC transporter ATP-binding protein MlaF	-1.15795991189408	-1.3500846564347	-2.40048729849875	-1.48838014946428	mlaF	NZ_CP089932.1	729769	730581	+
LU633_RS03780	LU633_RS03780	lipid asymmetry maintenance ABC transporter permease subunit MlaE	-1.3362882019157	-0.319378740782309	-2.42749133248143	-1.58238425030828	mlaE	NZ_CP089932.1	730589	731371	+
LU633_RS03785	LU633_RS03785	outer membrane lipid asymmetry maintenance protein MlaD	-0.206118829804819	-0.887147783879967	-2.76104698729935	-1.67730632277909	mlaD	NZ_CP089932.1	731376	731936	+
LU633_RS03790	LU633_RS03790	phospholipid-binding protein MlaC	-0.270828296043903	-0.822476060980357	-1.392659799112	-1.53587663297077	mlaC	NZ_CP089932.1	731936	732574	+
LU633_RS03795	LU633_RS03795	lipid asymmetry maintenance protein MlaB	-0.616603397129348	-1.15672623620365	-2.28161096146645	-2.25584336349368	mlaB	NZ_CP089932.1	732571	732867	+
LU633_RS03800	LU633_RS03800	BolA family iron metabolism protein IbaG	-2.51703562533153	-2.25898847749376	-0.8468654138687	-0.529891084840797	ibaG	NZ_CP089932.1	732992	733246	+
LU633_RS03810	LU633_RS03810	helix-turn-helix domain-containing protein	-0.58788225438764	-0.28186035850028	0.12186003753483	1.38637021538465		NZ_CP089932.1	734620	734880	-
LU633_RS03845	LU633_RS03845	two-component system response regulator PmrA	-0.272631788970114	0.0570126232160703	-0.298183175978914	-0.38203617962621	pmrA	NZ_CP089932.1	740838	741500	-
LU633_RS03850	LU633_RS03850	serine-type D-Ala-D-Ala carboxypeptidase	-0.0621141640446548	-0.134431644767478	-0.853988988061478	-0.123651104037608	dacB	NZ_CP089932.1	741506	742939	-
LU633_RS03860	LU633_RS03860	ribosome assembly RNA-binding protein YhbY	-0.366679864680992	0.21771824549948	0.426443620667839	0.0699732813846037	yhbY	NZ_CP089932.1	743782	744075	-
LU633_RS03865	LU633_RS03865	23S rRNA (uridine(2552)-2'-O)-methyltransferase RlmE	-0.912950570328739	-0.795590304773837	-0.307677405198221	0.163157830161227	rlmE	NZ_CP089932.1	744202	744831	+
LU633_RS03890	LU633_RS03890	preprotein translocase subunit SecG	-0.470433126429121	-0.9005250012837	-2.27730652312797	-0.491272723108708	secG	NZ_CP089932.1	750708	751043	+
LU633_RS03905	LU633_RS03905	ribosome maturation factor RimP	-1.22681067735425	-0.587554596446939	0.940211927644609	-1.85822339933108	rimP	NZ_CP089932.1	751525	751977	+
LU633_RS03925	LU633_RS03925	tRNA pseudouridine(55) synthase TruB	-0.310313736888649	-0.10116289401947	0.42781189725783	0.419006377821873	truB	NZ_CP089932.1	756770	757714	+
LU633_RS03935	LU633_RS03935	polyribonucleotide nucleotidyltransferase	0.316366415646236	-0.301641263633635	-0.539561007704921	0.984191896040092	pnp	NZ_CP089932.1	758392	760521	+
LU633_RS03960	LU633_RS03960	U32 family peptidase	0.404123143878569	0.228924659820156	-0.0317316166470909	0.272260945603567		NZ_CP089932.1	765568	766479	-
LU633_RS03965	LU633_RS03965	U32 family peptidase	0.600489440433295	0.719930535009567	0.446681768923411	0.237568112268872		NZ_CP089932.1	766470	767465	-
LU633_RS03970	LU633_RS03970	SCP2 domain-containing protein	-0.421825016826805	-0.0757262722097977	0.288255423782736	-0.0888700000089662		NZ_CP089932.1	767671	768195	+
LU633_RS03975	LU633_RS03975	N-acetyltransferase	-0.0931549788407511	0.367010103678865	-1.16623653486764	-0.738911712857417		NZ_CP089932.1	768189	768692	+
LU633_RS03980	LU633_RS03980	GIY-YIG nuclease family protein	0.114987929742073	0.064879742991574	0.2280752355985	0.499201526363387		NZ_CP089932.1	768669	769016	-
LU633_RS03985	LU633_RS03985	YhbP family protein	-0.866233289377139	-0.724357834115508	0.14423708665295	0.0493883886906619		NZ_CP089932.1	769089	769517	+
LU633_RS03990	LU633_RS03990	anaerobic ribonucleoside-triphosphate reductase-activating protein	0.31213004651744	0.171518639481728	-3.81893040437683	-0.846431062904135	nrdG	NZ_CP089932.1	769523	769987	-
LU633_RS03995	LU633_RS03995	anaerobic ribonucleoside-triphosphate reductase	-0.0013780932837903	0.0815915730953446	0.159296622168491	-0.17429586234261	nrdD	NZ_CP089932.1	769984	772122	-
LU633_RS04000	LU633_RS04000	DEAD/DEAH box helicase	0.171522558273839	-0.0418087083864885	0.698189240813068	0.709613966862485		NZ_CP089932.1	772382	774958	+
LU633_RS04005	LU633_RS04005	alpha,alpha-phosphotrehalase	-0.0148763146189705	-0.0097096186053907	-0.0113648769903238	-0.278894206235148		NZ_CP089932.1	774945	776624	-
LU633_RS04010	LU633_RS04010	2-iminobutanoate/2-iminopropanoate deaminase	0.486955459257032	0.0097460683825119	-0.210530476546638	-0.445926964843503	ridA	NZ_CP089932.1	776826	777212	-
LU633_RS04015	LU633_RS04015	aspartate carbamoyltransferase regulatory subunit	-0.353091210159846	-0.724009364196144	0.014434038714503	-0.745669911956629	pyrI	NZ_CP089932.1	777333	777797	-
LU633_RS04020	LU633_RS04020	aspartate carbamoyltransferase	-5.22123142096914	-5.41784058814287	-3.78492593549547	-3.08495191342955	pyrB	NZ_CP089932.1	777808	778743	-
LU633_RS04030	LU633_RS04030	hypothetical protein	0.184565583444756	-0.0573642792735315	0.461167587657835	0.354101695311468		NZ_CP089932.1	779744	780184	-
LU633_RS04035	LU633_RS04035	hypothetical protein	-0.0278253693450607	-0.228357603934092	0.630074973332661	-0.0385795228634298		NZ_CP089932.1	780371	780742	-
LU633_RS04045	LU633_RS04045	replication endonuclease	0.257744933715642	0.376623697002915	0.0750928735796221	0.118100893459395		NZ_CP089932.1	781825	782412	-
LU633_RS04050	LU633_RS04050	hypothetical protein	0.242360554009659	0.0947943478403247	0.275390477588806	-0.0044130088154621		NZ_CP089932.1	782777	783100	-
LU633_RS04055	LU633_RS04055	low affinity potassium transporter Kup	-0.148940463355334	-0.0376471159339108	-0.100562781784429	0.537194455125743	kup	NZ_CP089932.1	783179	785044	-
LU633_RS04060	LU633_RS04060	trehalose-6-phosphate synthase	-0.0020048394376379	0.0254500677601317	-0.450474527358487	-0.0631548261413242		NZ_CP089932.1	785346	786779	+
LU633_RS04065	LU633_RS04065	ornithine carbamoyltransferase	-4.38847712907765	-4.3434356662481	-5.33871510374629	-4.12182150933908	argF	NZ_CP089932.1	786877	787887	-
LU633_RS04070	LU633_RS04070	ribonuclease E inhibitor RraB	1.11706031919811	0.865572248971631	0.0354102606775848	-1.07851796346959	rraB	NZ_CP089932.1	788045	788461	+
LU633_RS04075	LU633_RS04075	tRNA-(ms[2]io[6]A)-hydroxylase	-0.0499194291385423	-0.260605581822949	-0.155196677970726	-0.234117281490403		NZ_CP089932.1	788571	789332	+
LU633_RS04085	LU633_RS04085	phosphoglycerate mutase family protein	0.280511560581298	0.108350415704133	0.35766256520522	-0.119281989998433		NZ_CP089932.1	790131	790589	+
LU633_RS04090	LU633_RS04090	GNAT family N-acetyltransferase	0.205793747004777	-0.191426782153677	-0.0812181318225327	-0.098519049258178		NZ_CP089932.1	790813	791316	-
LU633_RS04095	LU633_RS04095	hypothetical protein	0.0239884945303739	-0.151759560835492	0.0228722931522627	-0.0913423443464589		NZ_CP089932.1	791507	792175	+
LU633_RS04110	LU633_RS04110	leucyl aminopeptidase	0.735996952989072	0.129358160533347	-1.06065282528285	-1.17739204193604	pepA	NZ_CP089932.1	795676	797187	-
LU633_RS04125	LU633_RS04125	DUF445 family protein	-0.0331509403373969	-0.112051909235005	0.194248946747519	0.471615799933492		NZ_CP089932.1	799967	801256	-
LU633_RS04130	LU633_RS04130	hypothetical protein	-0.186638412801969	-0.0834824323710555	0.175814653342341	0.609533076629585		NZ_CP089932.1	801417	802799	-
LU633_RS04135	LU633_RS04135	LysE family transporter	0.01537276901089	0.0404788696485385	-0.0323610692131067	0.511864512068159		NZ_CP089932.1	803119	803559	+
LU633_RS04140	LU633_RS04140	DUF2501 domain-containing protein	0.0778959333312337	-0.307582455213845	0.794529941741102	-0.612369930225311		NZ_CP089932.1	803643	804143	-
LU633_RS04150	LU633_RS04150	tyrosine-type recombinase/integrase	-0.0930536801190869	0.0565784426555049	-0.240926644005782	-0.29993270456635		NZ_CP089932.1	804815	806062	+
LU633_RS04155	LU633_RS04155	DUF6387 family protein	0.595900356133693	0.400494651091538	0.284405680405261	1.46981388812596		NZ_CP089932.1	806173	807042	+
LU633_RS04170	LU633_RS04170	site-specific integrase	0.138107814986584	0.287306654398775	0.162328676503262	-0.0869903191851713		NZ_CP089932.1	808719	809924	+
LU633_RS04175	LU633_RS04175	tyrosine-type recombinase/integrase	-0.137421649505878	-0.0391243769446579	0.391921473448745	-0.0178763106648252		NZ_CP089932.1	809926	811239	+
LU633_RS04180	LU633_RS04180	hypothetical protein	0.0758192811376623	-0.193871311443667	0.25043200989144	-0.223861598025467		NZ_CP089932.1	811236	812867	+
LU633_RS04200	LU633_RS04200	hypothetical protein	-0.0066816780420389	0.137112086793891	-1.30336991915016	-0.271210327745194		NZ_CP089932.1	815481	815771	-
LU633_RS04205	LU633_RS04205	DUF4755 domain-containing protein	-0.762314739330039	0.237214807743687	-2.87497324308597	0.353840295060725		NZ_CP089932.1	815768	816361	-
LU633_RS04210	LU633_RS04210	relaxase/mobilization nuclease domain-containing protein	0.129074085511458	0.100983664758392	-0.175706993160546	-0.0140950146261902		NZ_CP089932.1	816581	817768	-
LU633_RS04215	LU633_RS04215	hypothetical protein	0.113628364485026	0.0560457432711058	0.0144425255432084	0.343526874000728		NZ_CP089932.1	817768	818181	-
LU633_RS04225	LU633_RS04225	hypothetical protein	0.0953903595182459	-0.267136409191373	-0.676022112539816	0.0167896927257365		NZ_CP089932.1	819190	820293	-
LU633_RS04230	LU633_RS04230	sensor histidine kinase	0.17185909686499	-0.269973560258441	0.889336826952562	0.468066025075632		NZ_CP089932.1	820280	822589	-
LU633_RS04240	LU633_RS04240	integrase	-0.116847773643835	0.258243379042615	0.0490849504584925	0.541555610181476		NZ_CP089932.1	825020	825613	+
LU633_RS04275	LU633_RS04275	glycerol-3-phosphate 1-O-acyltransferase PlsY	-0.397067620174556	-0.360444258093676	-0.735047270418139	0.621625268629657	plsY	NZ_CP089932.1	834068	834664	-
LU633_RS04285	LU633_RS04285	undecaprenyl-diphosphate phosphatase	0.0230251254604432	0.295282640413638	-3.73408708587731	-2.64190597383018	bacA	NZ_CP089932.1	835275	836099	+
LU633_RS04295	LU633_RS04295	SH3 domain-containing protein	0.381541527215978	0.153492831901139	-0.0085384914391357	0.577113049070676		NZ_CP089932.1	837488	838108	-
LU633_RS04300	LU633_RS04300	inorganic triphosphatase	0.020533260905168	-0.0369599496267861	0.26269773992288	-0.0477083632406212		NZ_CP089932.1	838316	839620	+
LU633_RS04305	LU633_RS04305	bifunctional [glutamate--ammonia ligase]-adenylyl-L-tyrosine phosphorylase/[glutamate--ammonia-ligase] adenylyltransferase	-0.32071543718178	-0.520757318368437	0.283467905012544	0.363963207120432	glnE	NZ_CP089932.1	839671	842523	+
LU633_RS04330	LU633_RS04330	4,5-DOPA dioxygenase extradiol	0.291154240352311	-0.006648007658257	-0.0940947467799271	-0.0004426354044797	ygiD	NZ_CP089932.1	848078	848863	+
LU633_RS04335	LU633_RS04335	glutathionylspermidine synthase family protein	-0.0821992657709791	0.026025921326671	-0.210755535614307	-0.277246168814599		NZ_CP089932.1	848899	850059	-
LU633_RS04340	LU633_RS04340	DUF1190 family protein	0.0298801632721273	-0.136432023037081	0.991150480520372	-0.0441990408299047		NZ_CP089932.1	850066	850722	-
LU633_RS04350	LU633_RS04350	ADP-ribose diphosphatase	-0.687335786126902	-0.162664542941276	1.02442611915457	-0.0659268988550457	nudF	NZ_CP089932.1	852549	853183	+
LU633_RS04355	LU633_RS04355	DUF1249 family protein	-0.247304429239651	0.521521342438325	1.18059138316054	0.971479806380541		NZ_CP089932.1	853180	853599	+
LU633_RS04360	LU633_RS04360	3',5'-cyclic-AMP phosphodiesterase	-3.74402633228253	-3.99582897288698	5.09000571072028	9.41155449855991	cpdA	NZ_CP089932.1	853648	854475	+
LU633_RS04365	LU633_RS04365	esterase YqiA	0.596847832732552	0.378760099150007	0.37411607288239	0.273984770583821	yqiA	NZ_CP089932.1	854479	855060	+
LU633_RS04375	LU633_RS04375	helix-turn-helix domain-containing protein	-0.151470820529379	0.178728437924094	0.390386576780925	0.461365186443357		NZ_CP089932.1	857269	857814	-
LU633_RS04380	LU633_RS04380	N-acetyltransferase family protein	0.0424656411039901	0.0978247937585819	0.406334160433554	0.745801598022113		NZ_CP089932.1	857911	858413	+
LU633_RS04385	LU633_RS04385	nucleoside hydrolase	0.0192960756022267	-0.103928483229219	0.44641158222567	-0.0577858852826747		NZ_CP089932.1	858443	859352	-
LU633_RS04390	LU633_RS04390	antibiotic biosynthesis monooxygenase	-0.088539901663961	0.003073978169292	0.130650930296101	-0.100415812505794		NZ_CP089932.1	859393	859674	-
LU633_RS04395	LU633_RS04395	transporter substrate-binding domain-containing protein	0.345591819007337	0.228821427686476	-0.240787091400692	-0.168883959042841		NZ_CP089932.1	860554	861324	+
LU633_RS04410	LU633_RS04410	cell division protein FtsP	0.100028043201076	0.129540677207028	0.397480519012114	-0.0756286277236748	ftsP	NZ_CP089932.1	864651	866066	+
LU633_RS04415	LU633_RS04415	DUF1471 domain-containing protein	0.423343040750446	-0.0489853114316344	0.0290371005213823	0.294974565631786		NZ_CP089932.1	866446	866715	-
LU633_RS04420	LU633_RS04420	IS5 family transposase	0.157123457225629	-0.201571310850062	-2.37686549503562	-0.423779150989788		NZ_CP089932.1	867193	867728	+
LU633_RS04425	LU633_RS04425	RICIN domain-containing protein	-0.0239907939283368	0.070942049110042	0.81696958070581	0.65607437317163		NZ_CP089932.1	867734	868882	+
LU633_RS04430	LU633_RS04430	DedA family protein	0.581147266638226	0.454716620288868	-1.41198248890262	-1.46078879233614		NZ_CP089932.1	869238	869894	-
LU633_RS04435	LU633_RS04435	cystathionine beta-lyase	-4.89159691457527	-5.12625870721883	-0.642581236190724	-0.71716247424474	metC	NZ_CP089932.1	869991	871190	-
LU633_RS04440	LU633_RS04440	tol-pal system-associated acyl-CoA thioesterase	-0.0005586557256433	-0.0024439051029034	0.613971862363898	0.284884014946456	exbB	NZ_CP089932.1	871424	872158	+
LU633_RS04445	LU633_RS04445	TonB system transport protein ExbD	0.195735429178893	0.223522334352155	-0.354294699102232	0.202321735674369	exbD	NZ_CP089932.1	872164	872586	+
LU633_RS04450	LU633_RS04450	MFS transporter	0.534810428152257	0.389759042076427	-0.207946818904291	-1.07857750882441		NZ_CP089932.1	872850	874163	-
LU633_RS04455	LU633_RS04455	SDR family oxidoreductase	-0.0793995657264772	-0.0478783408868684	-0.210159931587003	0.234454360461319		NZ_CP089932.1	874474	875343	+
LU633_RS04460	LU633_RS04460	PLP-dependent aminotransferase family protein	-0.327920248378063	-0.12040689244268	0.0825085272467603	1.21126010744204		NZ_CP089932.1	875464	876855	+
LU633_RS04465	LU633_RS04465	YlaC family protein	0.561106279121167	0.771046488316835	-0.539556016312453	2.35884218335902		NZ_CP089932.1	876829	877308	-
LU633_RS04470	LU633_RS04470	hypothetical protein	2.38087949485181	1.65490425011931	-0.511593532320487	0.0909354183326689		NZ_CP089932.1	877516	878505	+
LU633_RS04480	LU633_RS04480	sigma-54 dependent transcriptional regulator	2.32455591723507	1.59074100005418	-0.416808753125488	0.108459800519705		NZ_CP089932.1	881272	882309	+
LU633_RS04485	LU633_RS04485	hypothetical protein	-2.1401756189584	-1.445290348779	-0.944062624620046	-1.00291958361997		NZ_CP089932.1	882384	882560	-
LU633_RS04490	LU633_RS04490	hypothetical protein	-1.35194667481826	-0.958986629631159	-0.562030172056554	-0.844558047610326		NZ_CP089932.1	882639	882974	-
LU633_RS04495	LU633_RS04495	hypothetical protein	2.20601478326028	1.33963311368288	0.0695415834502928	-0.530396331053331		NZ_CP089932.1	883032	883463	-
LU633_RS04500	LU633_RS04500	transcriptional regulator	2.36074427652418	1.57712541472187	-0.091675468360801	0.395923851505843		NZ_CP089932.1	883408	884424	-
LU633_RS04505	LU633_RS04505	hypothetical protein	2.70824891574468	2.08217416479684	0.0065464517970192	0.708866624965515		NZ_CP089932.1	885283	885750	+
LU633_RS04510	LU633_RS04510	FliA/WhiG family RNA polymerase sigma factor	2.5699623520273	1.57014034180402	0.220439503402829	1.36133062400808		NZ_CP089932.1	885750	886448	+
LU633_RS04520	LU633_RS04520	hypothetical protein	0.240273223010797	0.435077784511343	-1.59417177824705	0.424464782548309		NZ_CP089932.1	887479	888027	+
LU633_RS04525	LU633_RS04525	circularly permuted type 2 ATP-grasp protein	0.0960177411002021	-0.0956825916189513	-0.254226972167618	0.216265129398452		NZ_CP089932.1	888209	889614	+
LU633_RS04530	LU633_RS04530	alpha-E domain-containing protein	0.122144187791132	0.0596873094739686	0.291164229493974	0.434357050397866		NZ_CP089932.1	889641	890334	+
LU633_RS04535	LU633_RS04535	carbon starvation protein A	-0.0971834256474893	-0.0582985073337913	-0.0915153587125195	0.0175208184552593		NZ_CP089932.1	891051	893204	+
LU633_RS04540	LU633_RS04540	YbdD/YjiX family protein	0.0971857377912391	-0.0417079112112145	-0.655374734983826	0.297667019080439		NZ_CP089932.1	893251	893454	+
LU633_RS04545	LU633_RS04545	two-component system response regulator BtsR	0.184812942956571	0.28893252427745	0.30375346665664	-0.43748405650627	btsR	NZ_CP089932.1	893593	894307	-
LU633_RS04550	LU633_RS04550	sensor histidine kinase	0.0009372330068071	-0.073452475194422	0.837711740968541	0.0682948873067959		NZ_CP089932.1	894301	895986	-
LU633_RS04565	LU633_RS04565	DNA-binding protein	0.287262397538121	-0.0997518657050819	-0.0414084407795214	0.475274295196669		NZ_CP089932.1	898672	898764	+
LU633_RS04575	LU633_RS04575	phosphatase PAP2 family protein	0.0902384999113692	-0.0025743815420469	-0.105557491007347	0.311184715941358		NZ_CP089932.1	899793	901070	+
LU633_RS04585	LU633_RS04585	GNAT family N-acetyltransferase	0.322911418640708	0.311857603399035	-0.417741688784563	-1.63200943134943		NZ_CP089932.1	901606	901836	+
LU633_RS04590	LU633_RS04590	non-heme ferritin	-0.784309051141856	-0.635440825656134	0.464393773897777	-0.601414484556263	ftnA	NZ_CP089932.1	902350	902859	-
LU633_RS04595	LU633_RS04595	hypothetical protein	-0.130657086363091	0.0513326063081603	-1.42564371573052	-0.298797436119074		NZ_CP089932.1	903345	903647	-
LU633_RS04600	LU633_RS04600	methyl-accepting chemotaxis protein	-0.0271459426074472	-0.063462915603437	-0.118488436326958	-0.243169391860446		NZ_CP089932.1	903780	905465	-
LU633_RS04625	LU633_RS04625	MBL fold metallo-hydrolase	0.317677111545739	0.0217077395331838	-0.184829208766638	0.64475768633776		NZ_CP089932.1	909356	909763	-
LU633_RS04635	LU633_RS04635	TonB-dependent receptor	-0.069693201651527	0.0293012743727956	0.163253346107459	0.522136131269329		NZ_CP089932.1	910465	912858	+
LU633_RS04640	LU633_RS04640	hemin-degrading factor	0.0018687538334401	-0.0867887526971933	0.23763557468175	-0.0134782952055574		NZ_CP089932.1	912931	913962	+
LU633_RS04645	LU633_RS04645	hemin ABC transporter substrate-binding protein	1.89638961112237e-05	-0.117548791234142	-0.187621645337441	0.472976764531034		NZ_CP089932.1	913959	914777	+
LU633_RS04650	LU633_RS04650	iron ABC transporter permease	0.159986853023181	0.112435583171925	-0.338131655332387	0.0931529559444226		NZ_CP089932.1	914774	915772	+
LU633_RS04655	LU633_RS04655	heme ABC transporter ATP-binding protein	0.138609510226926	-0.157836665080219	-1.18493709169458	0.0248637384929649		NZ_CP089932.1	915769	916548	+
LU633_RS04660	LU633_RS04660	penicillin-binding protein 2	-0.0498287107428668	0.132669999009997	-0.527206564861951	-0.821427839573712	mrdA	NZ_CP089932.1	916583	918478	-
LU633_RS04665	LU633_RS04665	IS6 family transposase	0.362197588210738	0.267005687594732	-1.90302654447799	-2.08657111525208		NZ_CP089932.1	918752	919460	+
LU633_RS04670	LU633_RS04670	lactoylglutathione lyase family protein	-0.0011198775711363	-0.243555440627887	-0.374776296890181	0.205971806888723		NZ_CP089932.1	919508	919774	+
LU633_RS04680	LU633_RS04680	hypothetical protein	-0.0180719095836255	0.13430828110114	-0.647115412934573	0.80828249699308		NZ_CP089932.1	920038	920514	+
LU633_RS04685	LU633_RS04685	helix-turn-helix transcriptional regulator	-0.117929664112514	-0.352755792998469	0.664071079457485	-0.66610097087021		NZ_CP089932.1	920488	920991	-
LU633_RS04690	LU633_RS04690	type 1 fimbrial protein	0.0899909114103097	0.122942599487058	0.542799632131464	0.651224948437076		NZ_CP089932.1	921189	922301	-
LU633_RS04695	LU633_RS04695	fimbrial biogenesis outer membrane usher protein	-0.118471980602596	0.12928252098026	-0.337361108117912	0.15141241197921		NZ_CP089932.1	922341	924917	-
LU633_RS04700	LU633_RS04700	fimbria/pilus periplasmic chaperone	0.138817720493745	0.0466136301379082	0.421662105435872	-0.225730600796825		NZ_CP089932.1	924974	925672	-
LU633_RS04705	LU633_RS04705	type 1 fimbrial protein	-0.0171949073611473	-0.0573179137822165	0.312745897182585	-0.353419089544113		NZ_CP089932.1	925748	926284	-
LU633_RS04740	LU633_RS04740	recombinase family protein	0.712572930767623	0.505241857476025	0.0521553441605245	1.7449947332434		NZ_CP089932.1	933310	933441	-
LU633_RS04745	LU633_RS04745	type III secretion system chaperone	-0.317491928045937	-0.292697820210269	0.182118457992553	0.280010018724193		NZ_CP089932.1	934195	934584	+
LU633_RS04750	LU633_RS04750	T3SS effector HopA1 family protein	-0.13465859646237	-0.261403047635151	-0.0067153357332487	0.19384703030697		NZ_CP089932.1	934595	935719	+
LU633_RS04765	LU633_RS04765	transposase	-0.0109455916640055	-0.0121075131099099	1.23588371141472	-0.279575971167953		NZ_CP089932.1	937147	937827	+
LU633_RS04775	LU633_RS04775	hypothetical protein	-0.0951815193709105	0.10843485636291	0.146701622205126	0.545396375007883		NZ_CP089932.1	941312	941764	-
LU633_RS04785	LU633_RS04785	SDR family oxidoreductase	-0.0447546400721177	0.0606189812108749	-0.0307920798499914	0.30752810538091		NZ_CP089932.1	943146	943803	-
LU633_RS04795	LU633_RS04795	iron-containing alcohol dehydrogenase	0.0997866521909287	0.29892774162201	-0.163638079949552	-0.139033540583137		NZ_CP089932.1	944288	944680	-
LU633_RS04805	LU633_RS04805	4-hydroxythreonine-4-phosphate dehydrogenase PdxA	-0.924743757257003	-0.0842096045769648	-0.904833304084737	1.5996533467119		NZ_CP089932.1	945220	945489	+
LU633_RS04810	LU633_RS04810	DeoR/GlpR family DNA-binding transcription regulator	0.0757545494798313	-0.253218178054488	-0.0668868943951384	-0.586908999041777		NZ_CP089932.1	945467	946303	+
LU633_RS04815	LU633_RS04815	adenosylmethionine decarboxylase	0.062916710429336	-0.0776641204928533	-0.550376540794498	-0.130416653870691	speD	NZ_CP089932.1	946224	946919	-
LU633_RS04825	LU633_RS04825	S-adenosylmethionine decarboxylase	-0.031103888632807	-0.0129668713474901	0.0591364629829849	-0.186469765802646		NZ_CP089932.1	948237	948356	-
LU633_RS04830	LU633_RS04830	polyamine aminopropyltransferase	0.0160007729515119	-0.0922956661032559	0.150454449929271	-0.0943801864589635	speE	NZ_CP089932.1	948383	949240	-
LU633_RS04835	LU633_RS04835	YacC family pilotin-like protein	-0.44744012567889	-0.288551648632334	-0.363354632250568	-0.640483999214434		NZ_CP089932.1	949350	949697	-
LU633_RS04840	LU633_RS04840	multicopper oxidase CueO	0.0009086635938166	-0.139820065620558	-0.684017197606667	-0.112809401055563	cueO	NZ_CP089932.1	949883	951505	+
LU633_RS04855	LU633_RS04855	hypoxanthine phosphoribosyltransferase	-0.117505160249008	0.0069296687786415	-0.0805873233929024	0.503445497866826	hpt	NZ_CP089932.1	953996	954550	+
LU633_RS04860	LU633_RS04860	carbonate dehydratase	-4.91174098462799	-5.14461739425014	-1.11299131984205	-1.83105394373925	can	NZ_CP089932.1	954612	955277	-
LU633_RS04865	LU633_RS04865	ABC transporter ATP-binding protein	0.405273509550039	-0.0880708764607762	0.858950069274908	0.167263458314044		NZ_CP089932.1	955384	956310	+
LU633_RS04870	LU633_RS04870	ABC transporter permease	0.455565960298043	0.102392513110243	0.240563130537649	-0.1652378261838		NZ_CP089932.1	956307	957077	+
LU633_RS04880	LU633_RS04880	aspartate 1-decarboxylase	-2.23617473936989	-1.9129639647576	-0.0809981390833596	0.189892710463637	panD	NZ_CP089932.1	957828	958208	-
LU633_RS04885	LU633_RS04885	pantoate--beta-alanine ligase	-2.65934312773943	-2.25785425846119	-0.431212155998065	0.1060531234046	panC	NZ_CP089932.1	958278	959132	-
LU633_RS04890	LU633_RS04890	3-methyl-2-oxobutanoate hydroxymethyltransferase	-1.86278947132298	-1.17045139427176	-0.530532204942003	0.228028757485809	panB	NZ_CP089932.1	959148	959942	-
LU633_RS04905	LU633_RS04905	tRNA glutamyl-Q(34) synthetase GluQRS	0.390458774688246	0.339686013050008	1.3192958826988	0.57283920176755	gluQRS	NZ_CP089932.1	962001	962906	-
LU633_RS04915	LU633_RS04915	DNA/RNA nuclease SfsA	0.0862724575160221	-0.0990938283638825	0.0155240240459626	0.145376623754772	sfsA	NZ_CP089932.1	963669	964373	-
LU633_RS04920	LU633_RS04920	RNA 2',3'-cyclic phosphodiesterase	0.267891021041077	-0.188744288557508	-0.800247650864214	-0.663383782560096	thpR	NZ_CP089932.1	964370	964909	-
LU633_RS04925	LU633_RS04925	ATP-dependent helicase HrpB	0.0447679437088493	0.0408126419132275	-0.168488912553744	0.482877522758281	hrpB	NZ_CP089932.1	964987	967428	+
LU633_RS04930	LU633_RS04930	bifunctional glycosyl transferase/transpeptidase	-0.504051493422706	-0.676749788876223	-0.584342839192512	-0.814612785369786	mrcB	NZ_CP089932.1	967524	970007	+
LU633_RS04935	LU633_RS04935	Fe3+-hydroxamate ABC transporter ATP-binding protein FhuC	-0.158466072478203	-0.153763510362813	0.489401371385241	0.498380326127499	fhuC	NZ_CP089932.1	970371	971166	+
LU633_RS04940	LU633_RS04940	Fe(3+)-hydroxamate ABC transporter substrate-binding protein FhuD	0.492821084137743	-0.115433981971854	-0.772692355142909	-0.608164986516381	fhuD	NZ_CP089932.1	971181	972062	+
LU633_RS04945	LU633_RS04945	Fe(3+)-hydroxamate ABC transporter permease FhuB	0.032475757131893	-0.116388009328672	-0.0527025321867862	0.582624484623658	fhuB	NZ_CP089932.1	972092	974041	+
LU633_RS04955	LU633_RS04955	H(+)/Cl(-) exchange transporter ClcA	0.129275394295445	-0.0929530742760142	-0.057464233018135	0.533465668628697	clcA	NZ_CP089932.1	975610	976847	+
LU633_RS04970	LU633_RS04970	dGTPase	-0.250623436826823	-0.229449064780614	-0.049828613970937	0.157781526877585	dgt	NZ_CP089932.1	978907	980421	+
LU633_RS04975	LU633_RS04975	serine endoprotease DegP	0.0336137271095425	-0.0679538636261131	-0.657786765257001	1.12144555427725	degP	NZ_CP089932.1	980568	981992	+
LU633_RS04980	LU633_RS04980	CdaR family transcriptional regulator	0.146399471722748	0.386907229699687	0.0497287120864358	0.359547513260807		NZ_CP089932.1	982449	983606	+
LU633_RS04985	LU633_RS04985	DUF3461 family protein	-0.331351095225451	-0.651144763112844	0.305595276446406	0.296642538628102		NZ_CP089932.1	983705	984097	-
LU633_RS05040	LU633_RS05040	sigma E protease regulator RseP	-1.28490992727	0.134977009728138	-3.1833531832131	-1.28335038493752	rseP	NZ_CP089932.1	995937	997286	+
LU633_RS05090	LU633_RS05090	A24 family peptidase	-0.13473823846908	0.243964207202125	-0.316178343569705	-0.215815508713328		NZ_CP089932.1	1009697	1010515	+
LU633_RS05095	LU633_RS05095	VOC family protein	0.802834936861136	0.0374053957276301	0.406909294695961	-0.404742599983415		NZ_CP089932.1	1010724	1011113	+
LU633_RS05105	LU633_RS05105	Rho-binding antiterminator	-0.252677654319921	-1.00107147922406	-0.793446629637204	0.182225288890443	rof	NZ_CP089932.1	1012657	1012920	-
LU633_RS05110	LU633_RS05110	YaeP family protein	-1.11815690857277	-0.942312227728923	-0.903781167959099	-0.309924990390448		NZ_CP089932.1	1012907	1013107	-
LU633_RS05115	LU633_RS05115	YaeQ family protein	0.0221870309346941	-0.0762882733664506	0.330253101957257	1.05323798855752		NZ_CP089932.1	1013237	1013791	+
LU633_RS05120	LU633_RS05120	aminoacyl-tRNA hydrolase	-0.0200276424274426	0.186368926763204	0.502940497723607	-0.303775213737512	arfB	NZ_CP089932.1	1013788	1014207	+
LU633_RS05130	LU633_RS05130	tRNA (N6-threonylcarbamoyladenosine(37)-N6)-methyltransferase TrmO	-0.036669018286829	0.020154105571429	-0.0885457644005252	0.562720944758325	tsaA	NZ_CP089932.1	1016425	1017132	-
LU633_RS05135	LU633_RS05135	Rcs stress response system protein RcsF	-0.134339199980861	0.143704551057189	-0.770666706086846	-1.11071425804062	rcsF	NZ_CP089932.1	1017129	1017533	-
LU633_RS05140	LU633_RS05140	MetQ/NlpA family lipoprotein	-0.340883940248099	-0.527179309337054	-0.484556860334897	-0.381233794053632		NZ_CP089932.1	1017674	1018489	-
LU633_RS05145	LU633_RS05145	methionine ABC transporter permease MetI	-0.642263058274025	-1.01562139375601	-0.590093156010404	0.211976536566065		NZ_CP089932.1	1018520	1019173	-
LU633_RS05150	LU633_RS05150	methionine ABC transporter ATP-binding protein MetN	-0.589161622375591	-0.765871351605944	0.660694065783225	-0.518158399411351	metN	NZ_CP089932.1	1019166	1020197	-
LU633_RS05225	LU633_RS05225	endonuclease/exonuclease/phosphatase family protein	-0.806447013475426	-0.394969231814564	0.852559855504069	1.86557081594492		NZ_CP089932.1	1032518	1033324	+
LU633_RS05230	LU633_RS05230	murein transglycosylase D	0.0539554333146131	-0.105182815389008	0.462172927598899	0.221910743092745	mltD	NZ_CP089932.1	1033684	1035072	-
LU633_RS05235	LU633_RS05235	hydroxyacylglutathione hydrolase	-2.73132616154536	-2.98263038389287	-1.81212469554366	0.483284953727337	gloB	NZ_CP089932.1	1035142	1035897	-
LU633_RS05240	LU633_RS05240	class I SAM-dependent methyltransferase	0.560549641711256	0.0941212023489776	-1.30416262279599	-3.24002272386791		NZ_CP089932.1	1035943	1036680	+
LU633_RS05260	LU633_RS05260	acireductone synthase	-0.21951939681895	-0.0781743845441203	0.375451528929811	-0.210491838930079	mtnC	NZ_CP089932.1	1038593	1039034	+
LU633_RS05265	LU633_RS05265	acireductone dioxygenase	0.0002967852890125	0.0953809258866156	0.174898890986674	0.747432689503098		NZ_CP089932.1	1039006	1039477	+
LU633_RS05270	LU633_RS05270	S-methyl-5-thioribose-1-phosphate isomerase	0.0470533978770129	-0.146908180038786	-0.213143981588041	-0.0325816781302719	mtnA	NZ_CP089932.1	1039734	1040765	-
LU633_RS05275	LU633_RS05275	S-methyl-5-thioribose kinase	-0.0639633682929277	-0.477469295863342	-0.310021678673093	0.458721979546594	mtnK	NZ_CP089932.1	1040914	1042113	+
LU633_RS05285	LU633_RS05285	acyl-CoA dehydrogenase family protein	0.128317185679639	0.102557711110552	0.632706390952488	0.11509182751021		NZ_CP089932.1	1042958	1043724	-
LU633_RS05295	LU633_RS05295	class II glutamine amidotransferase	-0.571910285222822	-0.0655081217917263	0.374560840781317	-0.0124435317838478		NZ_CP089932.1	1044560	1045327	+
LU633_RS05300	LU633_RS05300	peptidoglycan meso-diaminopimelic acid protein amidase	-0.21905204657634	-0.129484310054872	0.75467390703519	0.39217924273219	dpaA	NZ_CP089932.1	1045298	1046041	-
LU633_RS05310	LU633_RS05310	DNA polymerase IV	0.0915477429566716	-0.196097985733707	-0.132559266950138	-0.376883157375839	dinB	NZ_CP089932.1	1047600	1048655	+
LU633_RS05315	LU633_RS05315	beta-Ala-His dipeptidase	-0.0200153358602728	-0.47984909770245	-0.0428891231283495	-0.432587906123576	pepD	NZ_CP089932.1	1048823	1050280	-
LU633_RS05325	LU633_RS05325	esterase FrsA	-0.201538831308548	-0.404405056589928	0.328653669714708	-0.359765818548836	frsA	NZ_CP089932.1	1051136	1052356	+
LU633_RS05330	LU633_RS05330	sigma factor-binding protein Crl	-0.172184733172219	-0.143027673598025	1.42055539179923	0.328284967304976	crl	NZ_CP089932.1	1052461	1052862	+
LU633_RS05340	LU633_RS05340	porin	0.692839328723476	0.126936821659887	0.390328250165163	0.268324198901791		NZ_CP089932.1	1054395	1054593	-
LU633_RS05350	LU633_RS05350	glutamate 5-kinase	-4.56037474728878	-4.91461335005346	-4.11715040433806	-2.93150035217651	proB	NZ_CP089932.1	1055053	1056156	+
LU633_RS05355	LU633_RS05355	glutamate-5-semialdehyde dehydrogenase	-4.43482943213301	-5.1280506984387	-4.93015687380039	-3.12815495269581	proA	NZ_CP089932.1	1056172	1057425	+
LU633_RS05360	LU633_RS05360	LysE family translocator	-0.153832887573118	0.0885822726376673	-0.391738115956227	-0.0563974302063337		NZ_CP089932.1	1057509	1057628	+
LU633_RS05365	LU633_RS05365	HNH endonuclease	-0.189234234835157	0.356758345325339	1.325226095428	0.0931968144029334		NZ_CP089932.1	1057671	1058036	+
LU633_RS05370	LU633_RS05370	class I fumarate hydratase FumA	-3.53619017034548	-3.2831706533172	-1.25750614537452	-0.698035891388682		NZ_CP089932.1	1058565	1060211	-
LU633_RS05375	LU633_RS05375	anion permease	0.0346835703167256	0.0188884141640151	-0.209742650458842	0.270127882268164		NZ_CP089932.1	1060266	1061702	-
LU633_RS05385	LU633_RS05385	hypothetical protein	-0.711939089162242	-0.0330758903559493	-0.408421031370273	1.55865077546413		NZ_CP089932.1	1063317	1063832	+
LU633_RS05390	LU633_RS05390	flavocytochrome c	-0.247250164754816	-0.332685787515559	-0.0899919171158998	0.459083282693339		NZ_CP089932.1	1063980	1064660	+
LU633_RS05395	LU633_RS05395	FAD-binding protein	-0.0072828517644196	0.474656492195711	-0.877126044393668	2.70078572013411		NZ_CP089932.1	1064699	1064905	+
LU633_RS05400	LU633_RS05400	FAD-binding protein	-0.177797325037464	-0.280452203122775	-0.601774571216552	-0.314999710985136		NZ_CP089932.1	1064924	1065487	+
LU633_RS05410	LU633_RS05410	FAD-binding protein	0.243518138433913	-0.356533948904335	0.504147391917128	-0.478732332607035		NZ_CP089932.1	1065675	1065920	+
LU633_RS05415	LU633_RS05415	FAD:protein FMN transferase	-0.0329334488721722	0.233144999263985	0.431499798428302	0.114975638594351		NZ_CP089932.1	1065971	1066939	+
LU633_RS05420	LU633_RS05420	two-component system response regulator DcuR	-0.153998549139301	-0.243885215739493	0.377812338203286	-0.605195155149017	dcuR	NZ_CP089932.1	1066917	1067640	-
LU633_RS05425	LU633_RS05425	ATP-binding protein	-0.0180382414423792	0.218846327385432	1.11514759295728	-0.168978172153282		NZ_CP089932.1	1067637	1067930	-
LU633_RS05430	LU633_RS05430	MurR/RpiR family transcriptional regulator	-0.148973973785919	-0.072763166833797	-0.222907832404563	-0.390324421771711		NZ_CP089932.1	1067956	1068816	-
LU633_RS05440	LU633_RS05440	HTH-type transcriptional regulator UlaR	0.130765784990322	-0.0691665138396707	0.18121174393617	0.497177821133719	ulaR	NZ_CP089932.1	1069204	1069959	-
LU633_RS05445	LU633_RS05445	L-ascorbate 6-phosphate lactonase	0.420243899506504	0.15243401966863	0.822382292146249	0.265227601285698	ulaG	NZ_CP089932.1	1070065	1071129	-
LU633_RS05450	LU633_RS05450	PTS ascorbate transporter subunit IIC	-0.0455580989777984	-0.108080407418167	0.193380668483309	0.587989073447537		NZ_CP089932.1	1071515	1072048	+
LU633_RS05465	LU633_RS05465	PTS ascorbate transporter subunit IIC	-0.10136420706761	-0.123423258229741	0.117145954521112	0.247410064388585		NZ_CP089932.1	1073949	1074830	+
LU633_RS05470	LU633_RS05470	PTS ascorbate transporter subunit IIB	0.0973308953039097	0.102993428787849	0.609605549142143	0.0292426173594795	ulaB	NZ_CP089932.1	1074863	1075171	+
LU633_RS05475	LU633_RS05475	PTS ascorbate transporter subunit IIA	-0.66124829114787	-0.338619597859432	-0.34655916287225	-0.250863092409694	ulaC	NZ_CP089932.1	1075362	1075841	+
LU633_RS05480	LU633_RS05480	3-keto-L-gulonate-6-phosphate decarboxylase UlaD	0.173338369134501	-0.236154994653776	-0.831377654603699	0.668228773918442		NZ_CP089932.1	1075857	1076513	+
LU633_RS05485	LU633_RS05485	L-ribulose-5-phosphate 3-epimerase	-0.0904699155861299	-0.146238412480408	0.0793984491696234	0.165916020220236		NZ_CP089932.1	1076523	1077383	+
LU633_RS05490	LU633_RS05490	L-ribulose-5-phosphate 4-epimerase	-0.0314262380497019	0.162905952094743	-0.978988917336775	0.393841385104908		NZ_CP089932.1	1077380	1078069	+
LU633_RS05495	LU633_RS05495	hypothetical protein	0.175972288539015	-0.131969805679635	0.427176852748511	0.578963003113125		NZ_CP089932.1	1078230	1078649	+
LU633_RS05505	LU633_RS05505	hypothetical protein	-0.735239703432565	-0.205428573021359	0.114982871160026	-0.370017045150757		NZ_CP089932.1	1079551	1079901	-
LU633_RS05515	LU633_RS05515	MFS transporter	-0.226131095209141	0.17449088567178	-0.0764006747656476	-0.137991191494067		NZ_CP089932.1	1080950	1081457	-
LU633_RS05520	LU633_RS05520	sugar porter family MFS transporter	-0.130786464990663	-0.326971747419747	-0.326411486447102	-0.529371114636339		NZ_CP089932.1	1081469	1081765	-
LU633_RS05525	LU633_RS05525	MFS transporter	-0.0004710370897687	-0.064342928427121	-0.861390945829273	-0.479554690238033		NZ_CP089932.1	1081772	1082074	-
LU633_RS05550	LU633_RS05550	beta-propeller fold lactonase family protein	-0.0308582586296182	0.0745254298357929	0.0537787853780902	0.291599106400561		NZ_CP089932.1	1092468	1093523	-
LU633_RS05560	LU633_RS05560	hypothetical protein	-0.887285966314165	-0.06093184758509	0.0936329745335676	0.686977326934427		NZ_CP089932.1	1094894	1095055	-
LU633_RS05585	LU633_RS05585	type II toxin-antitoxin system mRNA interferase toxin, RelE/StbE family	0.258439081696317	0.266879433235601	-0.118766126028107	0.575704930374273		NZ_CP089932.1	1098399	1098674	-
LU633_RS05605	LU633_RS05605	TIGR03745 family integrating conjugative element membrane protein	-0.0861967758075499	0.231210187276735	-0.0626064214515385	-0.0306368694847405		NZ_CP089932.1	1099677	1100054	+
LU633_RS05610	LU633_RS05610	TIGR03750 family conjugal transfer protein	-0.107379283466168	-0.0339611653703467	-0.861766377396072	-0.204714246969604		NZ_CP089932.1	1100066	1100155	+
LU633_RS05620	LU633_RS05620	TIGR03752 family integrating conjugative element protein	0.113107422135971	0.0012077345468303	0.0226230038257162	-0.208395147381924		NZ_CP089932.1	1101116	1102630	+
LU633_RS05645	LU633_RS05645	YrhA family protein	-0.436898815534315	-0.0511786550726846	0.394957797757073	-0.522346476310139		NZ_CP089932.1	1106725	1107231	-
LU633_RS05650	LU633_RS05650	HNH endonuclease	-0.237224750085253	-0.0332831719247222	-0.118868974439499	0.503359253496883		NZ_CP089932.1	1107241	1107900	-
LU633_RS05665	LU633_RS05665	mobilization protein MobX	0.0825255423160577	-0.257584816853038	-0.337549611062837	-0.160516609649059		NZ_CP089932.1	1110029	1110253	+
LU633_RS05670	LU633_RS05670	SDR family oxidoreductase	0.333872399706546	0.0321689845229557	-1.34374153771695	-0.0781335230988698		NZ_CP089932.1	1110366	1111217	-
LU633_RS05675	LU633_RS05675	helix-turn-helix transcriptional regulator	-0.0309165834225267	-0.277638687263917	1.70970019180252	0.256627713972481		NZ_CP089932.1	1111319	1111711	+
LU633_RS05680	LU633_RS05680	alpha/beta hydrolase-fold protein	0.212762476308721	0.150790029253551	0.0150407619420039	0.0310911363395263		NZ_CP089932.1	1111961	1112980	+
LU633_RS05685	LU633_RS05685	hypothetical protein	0.113147072876727	-0.334189229653605	0.116596478127674	0.186835827428764		NZ_CP089932.1	1113162	1113419	-
LU633_RS05690	LU633_RS05690	class I SAM-dependent methyltransferase	0.0119223493524359	0.169961900619413	-0.0777918295473321	0.191039232729718		NZ_CP089932.1	1113633	1114148	-
LU633_RS05695	LU633_RS05695	hypothetical protein	0.2430791771068	0.0012359266203348	-0.233985594887864	-0.157110085668621		NZ_CP089932.1	1114141	1114416	-
LU633_RS05700	LU633_RS05700	hypothetical protein	-0.171751749560323	0.0434818882010042	0.0768025895202726	0.0554116888026841		NZ_CP089932.1	1114409	1114687	-
LU633_RS05705	LU633_RS05705	LysR family transcriptional regulator	0.0683520972254588	0.200359732554149	-0.337356280795968	-0.19649824355903		NZ_CP089932.1	1114725	1114988	-
LU633_RS05715	LU633_RS05715	hypothetical protein	0.322932538723374	-0.129503914254429	0.440006143435227	-0.275507748055817		NZ_CP089932.1	1116341	1117309	-
LU633_RS05720	LU633_RS05720	AHL-synthase EanI	-0.0646015455957711	0.0549141093078512	0.140266818465717	0.0365745520609133		NZ_CP089932.1	1117689	1118321	+
LU633_RS05725	LU633_RS05725	LuxR family transcriptional regulator	-0.285016776516151	-0.215654509502242	-0.195028705249557	-0.0369503020254847		NZ_CP089932.1	1118293	1119048	-
LU633_RS05735	LU633_RS05735	TraI domain-containing protein	-0.224462965904868	-0.068965949500901	1.06871961872103	-0.393438940873153		NZ_CP089932.1	1120546	1122039	+
LU633_RS05740	LU633_RS05740	site-specific integrase	-0.0514499181727184	-0.223874089459369	0.130647422620486	0.460512862543906		NZ_CP089932.1	1122074	1123033	+
LU633_RS05745	LU633_RS05745	ParA family protein	0.0131075174194832	0.192474801516411	0.497201465910857	0.0024717343082674		NZ_CP089932.1	1123424	1124311	+
LU633_RS05750	LU633_RS05750	SPI-7-type island replicative DNA helicase	-0.164058314396266	-0.0572452466916805	-0.0646660992570296	-0.243683216607013	dnaB-PI	NZ_CP089932.1	1124304	1125671	+
LU633_RS05755	LU633_RS05755	ParB family protein	-0.0883175867179777	0.0333985552822162	-0.0119197906292088	-0.0384061557324173		NZ_CP089932.1	1125668	1127434	+
LU633_RS05765	LU633_RS05765	DUF2786 domain-containing protein	-0.946998613016043	-0.548109651091693	-2.07425753150139	-1.00209520627428		NZ_CP089932.1	1127674	1128414	+
LU633_RS05770	LU633_RS05770	DUF2857 domain-containing protein	-0.0970447212343808	0.104716666465316	0.692379726374916	0.0229659606237549		NZ_CP089932.1	1128499	1129095	+
LU633_RS05780	LU633_RS05780	STY4528 family pathogenicity island replication protein	0.0147772196305107	-0.0572764003035139	0.836856358258573	0.0353876369418016		NZ_CP089932.1	1129404	1130639	+
LU633_RS05785	LU633_RS05785	TIGR03761 family integrating conjugative element protein	-0.379859536119323	-0.189968072985892	-1.67417566551313	-1.35928955631505		NZ_CP089932.1	1130967	1131686	+
LU633_RS05790	LU633_RS05790	DNA topoisomerase III	0.165079768470021	0.0736606725048761	-0.104832040176356	0.513848982449433		NZ_CP089932.1	1131703	1133349	+
LU633_RS05800	LU633_RS05800	hypothetical protein	0.520090285644078	0.216101859113496	0.861782140839926	0.247206791269158		NZ_CP089932.1	1134780	1135016	+
LU633_RS05805	LU633_RS05805	DNA adenine methylase	0.354528107823572	0.154160244657516	0.818658946781929	-0.069013765109013		NZ_CP089932.1	1134985	1135770	-
LU633_RS05810	LU633_RS05810	sugar O-acetyltransferase	0.418972591619533	0.18288024104965	0.439508378541559	0.809253632882041		NZ_CP089932.1	1135897	1136481	+
LU633_RS05815	LU633_RS05815	DUF1378 family protein	0.616972968760594	0.251478219925421	0.363471685314854	-0.226085556655709		NZ_CP089932.1	1136551	1136703	-
LU633_RS05820	LU633_RS05820	DUF826 domain-containing protein	-0.219889331766093	0.0315483455817701	-0.837293873009958	-0.491212512668957		NZ_CP089932.1	1136778	1136948	-
LU633_RS05825	LU633_RS05825	tail assembly chaperone	0.530626852724944	0.304646762700931	0.0452924475297956	0.7049519321661		NZ_CP089932.1	1137036	1137608	-
LU633_RS05830	LU633_RS05830	phage tail protein	0.420200758337295	0.272773557750457	0.44674417552055	0.586625183027586		NZ_CP089932.1	1137605	1138273	-
LU633_RS05840	LU633_RS05840	baseplate J/gp47 family protein	0.548732295499152	0.28765486490572	-0.113372660578218	-1.2729857767943		NZ_CP089932.1	1139109	1140179	-
LU633_RS05850	LU633_RS05850	phage baseplate assembly protein V	0.430696664871891	0.254615007062105	-0.0869972814810993	0.362707897236337		NZ_CP089932.1	1140626	1141291	-
LU633_RS05855	LU633_RS05855	phage tail protein	0.27522571348831	0.218072840846855	-0.241933251935607	-0.560430673953327		NZ_CP089932.1	1141284	1142402	-
LU633_RS05860	LU633_RS05860	DNA circularization N-terminal domain-containing protein	0.327647026346968	0.162316382595406	0.244609100258798	0.672165240537262		NZ_CP089932.1	1142386	1143705	-
LU633_RS05865	LU633_RS05865	phage tail tape measure protein	0.50252469216794	0.0809122303604001	-0.173816894809841	0.159634058258705		NZ_CP089932.1	1143705	1146005	-
LU633_RS05870	LU633_RS05870	hypothetical protein	0.794758712420858	0.5835908655778	0.736944727437955	0.962376777764094		NZ_CP089932.1	1146140	1146529	-
LU633_RS05875	LU633_RS05875	hypothetical protein	0.543966276439509	0.29860034886228	0.191133709839671	0.78772935487201		NZ_CP089932.1	1146529	1146897	-
LU633_RS05880	LU633_RS05880	phage sheath protein	0.376954668950131	0.295599537740748	0.470271884157611	0.0385049658488477		NZ_CP089932.1	1146908	1148359	-
LU633_RS05885	LU633_RS05885	DUF2635 domain-containing protein	0.256311670290711	0.16295441214589	-0.602960886998158	0.497408915054581		NZ_CP089932.1	1148356	1148601	-
LU633_RS05890	LU633_RS05890	DUF1834 family protein	0.40879039495349	0.42067294234713	-0.490627166492839	-1.64568563654687		NZ_CP089932.1	1148594	1149244	-
LU633_RS05900	LU633_RS05900	Mu-like prophage major head subunit gpT family protein	0.331977015870188	0.230427820574968	0.409820714867263	-0.0366214467121591		NZ_CP089932.1	1149687	1150598	-
LU633_RS05905	LU633_RS05905	hypothetical protein	0.040409599292669	0.0817371494698802	-0.196881756124491	0.399966736506099		NZ_CP089932.1	1150617	1151048	-
LU633_RS05910	LU633_RS05910	phage protease	0.846689734093789	0.183556716536247	0.546473181225756	-0.632546629538868		NZ_CP089932.1	1151045	1152130	-
LU633_RS05915	LU633_RS05915	phage virion morphogenesis protein	0.88734183795976	0.359153620779735	1.63967212045552	0.518367369738532		NZ_CP089932.1	1152382	1152858	-
LU633_RS05920	LU633_RS05920	minor capsid protein	0.823086793726176	0.0810357027105185	-1.29215320650659	-1.10433271999863		NZ_CP089932.1	1152855	1154111	-
LU633_RS05925	LU633_RS05925	DUF935 family protein	0.492173172770046	0.118974603542614	0.0674643197346665	-0.750535720970936		NZ_CP089932.1	1154104	1155663	-
LU633_RS05930	LU633_RS05930	phage terminase large subunit	0.330774619214966	0.0079016241446496	-0.400664518037829	-0.640088988296183	terL	NZ_CP089932.1	1155664	1157352	-
LU633_RS05945	LU633_RS05945	hypothetical protein	0.915754896099366	0.646385231841358	0.938386599743475	1.82039731052935		NZ_CP089932.1	1158107	1158373	-
LU633_RS05955	LU633_RS05955	hypothetical protein	0.281469032889765	0.720222379522323	0.67745690266575	0.995342335097572		NZ_CP089932.1	1158569	1159048	-
LU633_RS05965	LU633_RS05965	lysozyme	-0.786842590487802	-0.114254719918725	-0.432724796098721	-0.213429231153949		NZ_CP089932.1	1159307	1159762	-
LU633_RS05970	LU633_RS05970	hypothetical protein	0.816265270401265	0.462145091792338	2.20003469055847	0.528358912483504		NZ_CP089932.1	1159847	1160296	-
LU633_RS05975	LU633_RS05975	regulatory protein GemA	0.717520832688025	0.391839150009439	0.7550437763091	0.814525246940909		NZ_CP089932.1	1160298	1160693	-
LU633_RS05985	LU633_RS05985	hypothetical protein	0.843356149425468	0.235455890421551	-2.62473672729451	0.981689789831834		NZ_CP089932.1	1161474	1161701	-
LU633_RS05990	LU633_RS05990	3'-5' exoribonuclease	0.615694309988501	0.376426210257315	0.661835092528946	-0.0042883844708612		NZ_CP089932.1	1161694	1162530	-
LU633_RS06000	LU633_RS06000	ANR family transcriptional regulator	0.920795655647019	-0.161484740384149	-2.20383049896592	-0.385466235277086		NZ_CP089932.1	1163052	1163273	-
LU633_RS06005	LU633_RS06005	DUF3164 family protein	0.154073563367105	0.184514387522642	-0.399320880740704	0.0557052548803725		NZ_CP089932.1	1163275	1163904	-
LU633_RS06010	LU633_RS06010	hypothetical protein	-1.68861889390701	-2.27990092620702	-0.16742291680821	-2.16113503038817		NZ_CP089932.1	1163894	1164124	-
LU633_RS06025	LU633_RS06025	AAA family ATPase	-0.217384370987532	-0.100911980383947	-0.65682236300904	0.23131837320523		NZ_CP089932.1	1164547	1165467	-
LU633_RS06030	LU633_RS06030	Mu transposase C-terminal domain-containing protein	0.440493096746228	0.170193787961998	0.181014754322382	-0.132967062844439		NZ_CP089932.1	1165478	1167550	-
LU633_RS06040	LU633_RS06040	helix-turn-helix domain-containing protein	0.239276437541391	-0.312894200839928	-1.25908408823736	-0.329730026589707		NZ_CP089932.1	1167983	1168582	+
LU633_RS06045	LU633_RS06045	TIGR03746 family integrating conjugative element protein	-0.386533278337113	-0.251284405819647	-0.681376108773567	-0.0201970023110012		NZ_CP089932.1	1168868	1169479	+
LU633_RS06055	LU633_RS06055	TIGR03752 family integrating conjugative element protein	-0.177315116178811	0.199334973698903	-0.770259428664213	-1.16986932102947		NZ_CP089932.1	1170363	1171895	+
LU633_RS06070	LU633_RS06070	conjugative transfer ATPase	-0.0011313456171069	0.0142804845518549	-0.386395207390952	-1.28141262220479		NZ_CP089932.1	1172558	1175383	+
LU633_RS06080	LU633_RS06080	hypothetical protein	0.131503214055198	-0.0659503405121893	-0.326593496362616	1.56952441344163		NZ_CP089932.1	1175970	1176287	+
LU633_RS06085	LU633_RS06085	DUF4225 domain-containing protein	-0.109402167441111	-0.146261125731836	-0.576928628364984	0.166237233562089		NZ_CP089932.1	1176281	1177099	-
LU633_RS06090	LU633_RS06090	type III effector	0.0285638258653231	0.0654949886248344	-0.572331670530877	0.0528328814016299		NZ_CP089932.1	1177843	1178478	+
LU633_RS06095	LU633_RS06095	hypothetical protein	0.0247510428108706	-0.222499800293371	-0.286254013833302	0.287183249946692		NZ_CP089932.1	1178590	1179813	+
LU633_RS06100	LU633_RS06100	ATP-binding protein	0.212472934471852	0.0797912450105499	0.23828785990599	0.0164119475894844		NZ_CP089932.1	1180542	1182923	+
LU633_RS06125	LU633_RS06125	conjugal transfer protein TraG N-terminal domain-containing protein	0.367307827088856	0.0757945860924537	-0.165504890684828	-0.044119544536013		NZ_CP089932.1	1186244	1187782	+
LU633_RS06130	LU633_RS06130	hypothetical protein	-0.0150486481113554	-0.167973228175794	0.144627574409811	0.485739245031781		NZ_CP089932.1	1187825	1188091	-
LU633_RS06135	LU633_RS06135	hypothetical protein	0.024562530449082	0.119605999898604	0.0359903703419227	0.526157459820687		NZ_CP089932.1	1188342	1189562	+
LU633_RS06345	LU633_RS06345	Mu transposase C-terminal domain-containing protein	0.488691345625982	0.219645048379168	-0.104888964968403	1.15730363693488		NZ_CP089932.1	1219337	1220077	-
LU633_RS06355	LU633_RS06355	hypothetical protein	-0.797624605622623	-0.429744228386963	-0.257632453487912	-0.697345280326456		NZ_CP089932.1	1220865	1221068	+
LU633_RS06360	LU633_RS06360	single-stranded DNA-binding protein	0.400138001393702	-0.858800475374262	-1.21548464909154	-1.33901215031613		NZ_CP089932.1	1221081	1221566	+
LU633_RS06370	LU633_RS06370	PilL N-terminal domain-containing protein	-0.173058702523607	-0.213812415398355	-0.203823591210152	-0.567316784289156		NZ_CP089932.1	1222218	1222850	+
LU633_RS06375	LU633_RS06375	hypothetical protein	0.257292496552917	-0.0679042073511925	2.51819860451092	-0.671355953834294		NZ_CP089932.1	1222987	1223166	+
LU633_RS06385	LU633_RS06385	TIGR03759 family integrating conjugative element protein	0.295041472248521	0.112587593639534	0.0079194546529757	-0.108315239202636		NZ_CP089932.1	1223600	1224310	+
LU633_RS06395	LU633_RS06395	integrating conjugative element protein	0.100864965102953	0.610846099713616	0.0922247279623323	-0.39190484060998		NZ_CP089932.1	1224984	1225508	+
LU633_RS06400	LU633_RS06400	restriction endonuclease	-0.538417656238347	-0.0948395156802656	-0.226823623214465	-0.417214310298968		NZ_CP089932.1	1225505	1226140	+
LU633_RS06405	LU633_RS06405	hypothetical protein	-0.0868137037950787	-0.164604109209713	-0.271503187748928	-0.640331006939878		NZ_CP089932.1	1226137	1226910	+
LU633_RS06410	LU633_RS06410	type IV conjugative transfer system coupling protein TraD	0.162860359143635	-0.109949190896287	0.0034562251441059	0.0171552555904979	traD	NZ_CP089932.1	1226907	1229021	+
LU633_RS06415	LU633_RS06415	TIGR03747 family integrating conjugative element membrane protein	-0.0210135351439904	0.134847889879336	-0.546731022789831	0.199429829249798		NZ_CP089932.1	1229002	1229760	+
LU633_RS06430	LU633_RS06430	TIGR03745 family integrating conjugative element membrane protein	0.466774119397911	0.164775438231001	0.320297590649551	-0.153562072922538		NZ_CP089932.1	1230634	1230999	+
LU633_RS06435	LU633_RS06435	TIGR03750 family conjugal transfer protein	0.0396339783457255	-0.0401925875502621	0.151470328395273	0.455562304220639		NZ_CP089932.1	1231012	1231377	+
LU633_RS06440	LU633_RS06440	TIGR03746 family integrating conjugative element protein	-0.371975972870779	-0.1878477325292	-0.558449748482345	-1.08532420301068		NZ_CP089932.1	1231374	1232045	+
LU633_RS06445	LU633_RS06445	TIGR03749 family integrating conjugative element protein	0.631783204727567	0.338558254228768	-0.527417761959632	1.61964814988022		NZ_CP089932.1	1232042	1232950	+
LU633_RS06450	LU633_RS06450	TIGR03752 family integrating conjugative element protein	-0.225913895084535	0.0543325841287738	0.353685656654378	0.327146265893009		NZ_CP089932.1	1232943	1234445	+
LU633_RS06455	LU633_RS06455	TIGR03751 family conjugal transfer lipoprotein	0.109181260119086	-0.200491779498883	0.388938224865073	-0.453677065397749		NZ_CP089932.1	1234472	1234875	+
LU633_RS06460	LU633_RS06460	conjugative transfer ATPase	0.070900718313292	-0.0580693261241301	0.0308290509448548	0.358743620493736		NZ_CP089932.1	1234875	1237733	+
LU633_RS06465	LU633_RS06465	hypothetical protein	0.13988003431374	-0.1453175802487	0.428531963369394	0.981879337498796		NZ_CP089932.1	1237730	1238134	+
LU633_RS06470	LU633_RS06470	hypothetical protein	-0.107547794976281	-0.0155223385954989	-0.376852614134881	-0.209668298397784		NZ_CP089932.1	1238297	1238587	+
LU633_RS06475	LU633_RS06475	DUF1795 domain-containing protein	0.14226173346502	0.272988643339103	-0.34694633042294	-0.0257491590075314		NZ_CP089932.1	1238673	1238792	+
LU633_RS06480	LU633_RS06480	hypothetical protein	-0.0263450734275146	0.0585912363774719	0.0247317691403697	0.219042168120206		NZ_CP089932.1	1239023	1242283	+
LU633_RS06485	LU633_RS06485	TIGR03757 family integrating conjugative element protein	-0.30535004578226	-0.332370714733266	-0.577047851673372	-0.561412412496337		NZ_CP089932.1	1242467	1242871	+
LU633_RS06490	LU633_RS06490	TIGR03756 family integrating conjugative element protein	-0.0971446153648732	0.0635735965082108	0.30083975665066	-0.105252376345519		NZ_CP089932.1	1242873	1243880	+
LU633_RS06495	LU633_RS06495	integrating conjugative element protein	0.117163388548395	-0.333294253959534	-0.349397390850788	-0.905825229410844		NZ_CP089932.1	1243891	1245366	+
LU633_RS06500	LU633_RS06500	hypothetical protein	-0.522108544699735	-0.59782777394835	-1.36478077649304	0.722274795295331		NZ_CP089932.1	1245383	1245754	+
LU633_RS06505	LU633_RS06505	conjugal transfer protein TraG N-terminal domain-containing protein	-0.448015774759196	-0.592357471415089	-0.707085033517865	-0.0295517195942687		NZ_CP089932.1	1245751	1246437	+
LU633_RS06510	LU633_RS06510	UvrD-helicase domain-containing protein	0.0445465260575155	-0.116168744339616	-0.11255398390753	0.117223785765078		NZ_CP089932.1	1246675	1248120	+
LU633_RS06515	LU633_RS06515	TraI domain-containing protein	-0.0078614315623155	0.0434317622201315	-0.0047257392486563	-0.489314368326025		NZ_CP089932.1	1248114	1249682	+
LU633_RS06525	LU633_RS06525	phage transcriptional regulator	0.0066161768080571	0.232453848989908	1.54102128055203	-0.0990763502933927		NZ_CP089932.1	1251167	1251556	-
LU633_RS06530	LU633_RS06530	regulatory protein GemA	-0.0488411381428302	-0.251770276056284	0.401197868736424	0.12070019521513		NZ_CP089932.1	1251553	1251978	-
LU633_RS06535	LU633_RS06535	hypothetical protein	-0.25943989845717	-0.313359222893848	-0.0998799565596775	-0.0588252365190818		NZ_CP089932.1	1251978	1252187	-
LU633_RS06540	LU633_RS06540	DUF2786 domain-containing protein	-0.0838207137601279	0.138687599057557	-0.607555615955832	0.60709358596953		NZ_CP089932.1	1252184	1252831	-
LU633_RS06545	LU633_RS06545	hypothetical protein	-0.0558364302822967	-0.368318026824557	1.48398453303885	0.348559315106899		NZ_CP089932.1	1252881	1253069	-
LU633_RS06550	LU633_RS06550	hypothetical protein	0.184549474826693	0.168005219959166	1.34484249167636	-0.193014144449584		NZ_CP089932.1	1253072	1253290	-
LU633_RS06565	LU633_RS06565	AAA family ATPase	0.0643371507095144	-0.0827871749197978	0.542550586559716	0.645104891959511		NZ_CP089932.1	1254462	1255622	-
LU633_RS06570	LU633_RS06570	DDE-type integrase/transposase/recombinase	-0.0973022842879263	-0.25390918660033	0.0681698102666564	-0.108794976045783		NZ_CP089932.1	1255633	1257402	-
LU633_RS06600	LU633_RS06600	helix-turn-helix domain-containing protein	-0.74441165651355	0.0102584123511317	-0.907761895389311	0.203467469139762		NZ_CP089932.1	1260250	1260642	+
LU633_RS06605	LU633_RS06605	hypothetical protein	-0.125258973483838	-0.0875502152747056	0.180199168181844	0.222169523415351		NZ_CP089932.1	1260763	1261029	-
LU633_RS06610	LU633_RS06610	DNA adenine methylase	0.218324472110667	-0.0107060853746007	0.0610725228175719	0.303800483491486		NZ_CP089932.1	1261087	1261857	-
LU633_RS06615	LU633_RS06615	DUF2441 domain-containing protein	-0.350774841751433	0.223963091193536	0.471322803360605	-0.119900827884905		NZ_CP089932.1	1262101	1262667	+
LU633_RS06620	LU633_RS06620	hypothetical protein	-0.421948646657406	-0.20173755707359	-0.802566539388263	-0.189897722105863		NZ_CP089932.1	1262588	1262911	-
LU633_RS06630	LU633_RS06630	transglycosylase SLT domain-containing protein	0.0303594963385925	-0.228274702404226	-0.254075465761368	3.97691861036833		NZ_CP089932.1	1263395	1264117	+
LU633_RS06635	LU633_RS06635	lipoprotein	-0.131641223136648	0.12008143576538	-0.354841729504954	1.09825210133523		NZ_CP089932.1	1264107	1264760	+
LU633_RS06640	LU633_RS06640	hypothetical protein	0.247532986959503	-0.223694428940349	-0.320618047838178	0.05749258690394		NZ_CP089932.1	1264757	1265089	+
LU633_RS06645	LU633_RS06645	hypothetical protein	-0.434061543881665	0.17170495442726	0.926139271817697	-0.746606979927841		NZ_CP089932.1	1265082	1265393	+
LU633_RS06655	LU633_RS06655	hypothetical protein	-0.0450897894980125	-0.106642939924867	0.259339517769942	-0.314138142627004		NZ_CP089932.1	1265935	1267458	+
LU633_RS06660	LU633_RS06660	DUF935 domain-containing protein	0.0413996006232972	-0.080751223662754	0.0541680366889166	0.5031622989783		NZ_CP089932.1	1267458	1268954	+
LU633_RS06665	LU633_RS06665	minor capsid protein	-0.0934460811176405	-0.360323851929912	-0.109045983084693	-0.853842167862978		NZ_CP089932.1	1268935	1269756	+
LU633_RS06675	LU633_RS06675	hypothetical protein	-0.20135960373743	-0.396736787928701	0.819827981778551	-0.104687089757811		NZ_CP089932.1	1270422	1271519	+
LU633_RS06680	LU633_RS06680	hypothetical protein	-0.0660841928841374	-0.155442195186825	0.305676944604471	-0.173380443697723		NZ_CP089932.1	1271533	1272486	+
LU633_RS06690	LU633_RS06690	DUF1320 domain-containing protein	0.13048968973765	-0.0776896784343993	0.0653187661223227	-0.0677245450580761		NZ_CP089932.1	1272855	1273301	+
LU633_RS06695	LU633_RS06695	Gp37 family protein	-0.355963727246853	-0.285199265745363	-0.437756940013186	-1.15332176882368		NZ_CP089932.1	1273301	1273765	+
LU633_RS06700	LU633_RS06700	hypothetical protein	0.309093238926429	0.17187400925206	-0.0003678788439738	0.534237391300856		NZ_CP089932.1	1273765	1274016	+
LU633_RS06705	LU633_RS06705	phage tail sheath subtilisin-like domain-containing protein	-0.175649879341375	0.006987671065277	-0.0512655730788616	-0.121306759955521		NZ_CP089932.1	1274006	1275433	+
LU633_RS06710	LU633_RS06710	phage major tail tube protein	-0.387517768409741	-0.0957203918790004	0.367553301684845	0.298953375462503		NZ_CP089932.1	1275433	1275954	+
LU633_RS06715	LU633_RS06715	phage tail assembly protein	-0.698912104699517	-0.0230964559756075	-0.0162767380912676	0.21746276666994		NZ_CP089932.1	1276083	1276418	+
LU633_RS06720	LU633_RS06720	GpE family phage tail protein	-0.175353091210257	0.50882976924233	-0.183395398458676	-0.311159301295296		NZ_CP089932.1	1276360	1276500	+
LU633_RS06725	LU633_RS06725	phage tail tape measure protein	0.220491252254854	-0.0522953271645515	-0.436934181757479	-0.446684530331361		NZ_CP089932.1	1276593	1279058	+
LU633_RS06730	LU633_RS06730	phage tail protein	-0.128642024379472	-0.0706820574454561	-0.077947530361298	0.546503795782947		NZ_CP089932.1	1279058	1279942	+
LU633_RS06740	LU633_RS06740	phage late control D family protein	-0.416730909238399	-0.262834734041487	-0.198333574688397	-0.364344479844034		NZ_CP089932.1	1280142	1281311	+
LU633_RS06745	LU633_RS06745	phage baseplate assembly protein V	0.249268508612125	-0.0124952747705128	-3.88944589773496	-0.92495800599269		NZ_CP089932.1	1281311	1281823	+
LU633_RS06750	LU633_RS06750	GPW/gp25 family protein	-0.124592149818516	-0.0050760385745025	0.0439833650541659	-0.418739276340586		NZ_CP089932.1	1281878	1282225	+
LU633_RS06755	LU633_RS06755	baseplate J/gp47 family protein	-0.639700055804199	-0.463411235496284	-1.83882184900606	1.17561235910208		NZ_CP089932.1	1282216	1283319	+
LU633_RS06765	LU633_RS06765	phage tail protein	-0.104080275768159	-0.147709376284435	-0.581741476254023	-0.0585571400305889		NZ_CP089932.1	1283893	1284807	+
LU633_RS06770	LU633_RS06770	tail assembly chaperone	-0.0841964500201091	-0.0687190732059839	0.425313899816103	0.0171552555904979		NZ_CP089932.1	1284807	1285415	+
LU633_RS06775	LU633_RS06775	tail fiber assembly protein	0.0296032300950924	-0.202016440762129	0.134983981770777	0.199808862306543		NZ_CP089932.1	1285390	1285986	-
LU633_RS06780	LU633_RS06780	phage tail protein	-0.239835142461555	-0.454123620538321	0.088062396037244	-0.199137459560807		NZ_CP089932.1	1285986	1286474	-
LU633_RS06785	LU633_RS06785	recombinase family protein	-0.267402354210603	-0.20790609726258	-0.873802067726964	-0.0813805536870502		NZ_CP089932.1	1286524	1287105	+
LU633_RS06795	LU633_RS06795	trigger factor	-0.983698808636191	-1.10872733911963	0.0356110373495253	-0.435827635795846	tig	NZ_CP089932.1	1288792	1290096	+
LU633_RS06815	LU633_RS06815	DNA-binding protein HU-beta	0.345052660368826	0.386527587966019	1.36306944435782	0.286233654225452	hupB	NZ_CP089932.1	1295108	1295380	+
LU633_RS06820	LU633_RS06820	peptidylprolyl isomerase	0.917425843656597	0.604695784425115	-0.242887492659948	0.446536449808318	ppiD	NZ_CP089932.1	1295582	1297453	+
LU633_RS06825	LU633_RS06825	helix-hairpin-helix domain-containing protein	-0.139177553447851	-0.153354551919584	-0.546446271612528	-0.144487388015342		NZ_CP089932.1	1297593	1297973	+
LU633_RS06830	LU633_RS06830	acyl-CoA thioesterase	0.454760020133781	-0.254632512301112	-0.587307681302604	-0.873965864006232		NZ_CP089932.1	1298081	1298476	+
LU633_RS06835	LU633_RS06835	7-cyano-7-deazaguanine synthase QueC	-0.379884081638622	-0.0748922052843093	0.0760737666101967	0.0180890381746992	queC	NZ_CP089932.1	1298468	1299163	-
LU633_RS06840	LU633_RS06840	PLP-dependent cysteine synthase family protein	0.0189267631964087	-0.273419269649249	0.560494459354168	-0.116415553557796		NZ_CP089932.1	1299233	1300228	-
LU633_RS06850	LU633_RS06850	ISNCY family transposase	-0.535333981162551	-0.0647221083532561	0.260415525459063	-0.0643085439655997		NZ_CP089932.1	1300642	1300878	-
LU633_RS06855	LU633_RS06855	Lrp/AsnC family transcriptional regulator	1.1951441588335	0.731265757855813	-2.05568635394881	0.840454793999448		NZ_CP089932.1	1301056	1301322	+
LU633_RS06860	LU633_RS06860	SmdA family multidrug ABC transporter permease/ATP-binding protein	2.03473798569975	1.55223432014191	-0.540981553170878	-0.436984276622081		NZ_CP089932.1	1301356	1303125	+
LU633_RS06865	LU633_RS06865	SmdB family multidrug efflux ABC transporter permease/ATP-binding protein	2.00798631549582	1.60540484164514	-0.17779911480924	-0.216145146213631		NZ_CP089932.1	1303118	1304896	+
LU633_RS06870	LU633_RS06870	P-II family nitrogen regulator	-0.507519224354901	-0.403767101158852	0.4281344729611	0.565387601842266	glnK	NZ_CP089932.1	1305140	1305478	+
LU633_RS06875	LU633_RS06875	ammonium transporter AmtB	-1.01924174399663	-0.977493695622153	-0.914395221021256	-0.824898568706893	amtB	NZ_CP089932.1	1305494	1306798	+
LU633_RS06880	LU633_RS06880	thioesterase family protein	-0.492572469609937	-0.484071101719119	0.101428710065655	0.209113663746213		NZ_CP089932.1	1306860	1307699	-
LU633_RS06885	LU633_RS06885	YbaY family lipoprotein	-0.0318515276556052	-0.737120243433865	0.406258041125569	0.368874374935731		NZ_CP089932.1	1307952	1308511	+
LU633_RS06890	LU633_RS06890	MGMT family protein	0.134462128324203	-0.0959584665344833	1.20379911395718	0.117902317387113		NZ_CP089932.1	1308471	1308818	-
LU633_RS06905	LU633_RS06905	Hha toxicity modulator TomB	2.0613174914595	1.75440902533631	0.654397411902409	0.399260950108187	tomB	NZ_CP089932.1	1309416	1309796	-
LU633_RS06910	LU633_RS06910	ABC transporter ATP-binding protein	0.0086195043895958	0.181975145010862	-0.134296649194876	0.836734847806959		NZ_CP089932.1	1310691	1311377	+
LU633_RS06915	LU633_RS06915	metal ABC transporter permease	0.47059196272068	0.650628892016835	1.26584489705561	-0.202256072235877		NZ_CP089932.1	1311380	1312246	+
LU633_RS06920	LU633_RS06920	metal ABC transporter substrate-binding protein	0.0273147248425439	0.0740003477650354	0.308549394018125	0.359570870034777		NZ_CP089932.1	1312243	1313121	+
LU633_RS06925	LU633_RS06925	IS481 family transposase	0.0111218278666755	0.245611691825812	-0.0133257031653828	-0.26816769849013		NZ_CP089932.1	1313364	1314403	-
LU633_RS06930	LU633_RS06930	hypothetical protein	0.206206958772843	0.143930518263293	-0.891365895459679	0.994001506369339		NZ_CP089932.1	1314716	1314853	-
LU633_RS06935	LU633_RS06935	hypothetical protein	-0.0297495096669325	0.0046121364355411	0.910938353662582	0.366664546444974		NZ_CP089932.1	1315112	1315531	-
LU633_RS06940	LU633_RS06940	hypothetical protein	0.0135962289385806	0.112522062343297	-0.235664934013984	0.256534084124886		NZ_CP089932.1	1315482	1316213	-
LU633_RS06945	LU633_RS06945	IS481 family transposase	0.435308233688186	-0.237161809247905	0.650942680389584	-0.875707341573819		NZ_CP089932.1	1316374	1317413	-
LU633_RS06950	LU633_RS06950	type B 50S ribosomal protein L36	-0.140083058553223	0.173998834493319	-0.14219153270183	0.6169337817798	ykgO	NZ_CP089932.1	1317537	1317680	-
LU633_RS06955	LU633_RS06955	type B 50S ribosomal protein L31	0.0181461237016141	-0.122394836530161	0.482534467596176	-0.281237241855601		NZ_CP089932.1	1317693	1317950	-
LU633_RS06970	LU633_RS06970	multidrug efflux transporter transcriptional repressor AcrR	-0.188553687805738	-0.275661532356036	-0.671656468976022	0.799608932669758	acrR	NZ_CP089932.1	1322606	1323247	+
LU633_RS06975	LU633_RS06975	pleiotropic regulatory protein RsmS	-0.410273703049291	-0.617224144185745	-0.821102008101951	-0.458788456498482	rsmS	NZ_CP089932.1	1323244	1323399	-
LU633_RS06995	LU633_RS06995	IS256 family transposase	0.379743742227418	0.0657535429057201	0.786593890544106	0.679337665029284		NZ_CP089932.1	1325342	1326178	-
LU633_RS07005	LU633_RS07005	adenine phosphoribosyltransferase	0.189774923971113	-0.0027378173143958	-0.21376166156671	0.597759439600676	apt	NZ_CP089932.1	1327151	1327702	+
LU633_RS07010	LU633_RS07010	autotransporter outer membrane beta-barrel domain-containing protein	0.0622407221439819	0.0615670653464891	-0.0981401702019895	-0.0318390842460339		NZ_CP089932.1	1327874	1330105	-
LU633_RS07025	LU633_RS07025	hypothetical protein	0.0602536706365608	-0.0096356854776812	-0.469088138018727	-0.146537809304796		NZ_CP089932.1	1330813	1331013	-
LU633_RS07030	LU633_RS07030	hypothetical protein	-0.417397205275645	-0.228632818598627	-1.12242011168444	0.0366269321543484		NZ_CP089932.1	1331046	1331300	+
LU633_RS07040	LU633_RS07040	YbaB/EbfC family nucleoid-associated protein	0.303774109680634	0.206954557313968	0.986708349228652	-1.78723770665402		NZ_CP089932.1	1333884	1334213	+
LU633_RS07045	LU633_RS07045	recombination mediator RecR	-0.324774736479604	-0.0423581999950579	-0.275785623200518	0.850898214332142	recR	NZ_CP089932.1	1334213	1334818	+
LU633_RS07050	LU633_RS07050	molecular chaperone HtpG	-1.5694501340901	-1.65126643564207	-1.05910078013304	-1.10632638646673	htpG	NZ_CP089932.1	1334919	1336796	+
LU633_RS07070	LU633_RS07070	inosine/guanosine kinase	-0.118266792639316	-0.101713385630979	-0.12035256231239	0.189662133815792		NZ_CP089932.1	1340110	1341418	+
LU633_RS07075	LU633_RS07075	Kef family K(+) transporter	0.279241562250446	0.0820288786860622	0.524203710987152	0.120163122044521		NZ_CP089932.1	1341435	1343117	-
LU633_RS07080	LU633_RS07080	MFS transporter	0.0080078413187525	0.164739433234434	-0.0427606937493492	0.0336905577049857		NZ_CP089932.1	1343338	1344537	-
LU633_RS07085	LU633_RS07085	bifunctional UDP-sugar hydrolase/5'-nucleotidase UshA	-0.311699880641019	-0.024305115391885	0.0521247819212158	-0.0050454386124636	ushA	NZ_CP089932.1	1344612	1346264	+
LU633_RS07090	LU633_RS07090	phage antitermination protein Q	0.553528820104164	0.664948792579913	-0.638186117473749	1.73084849149549		NZ_CP089932.1	1346677	1346874	+
LU633_RS07095	LU633_RS07095	transposase	-0.704280321122318	-1.11153556126129	0.676439485703098	-2.09147885278361		NZ_CP089932.1	1346919	1347617	+
LU633_RS07105	LU633_RS07105	hypothetical protein	-0.0034660120111649	-0.136661984340452	-0.16851098669089	-0.0716001523997418		NZ_CP089932.1	1348141	1348707	-
LU633_RS07110	LU633_RS07110	hypothetical protein	-0.0458336275815567	-0.0473178793776957	1.02317414313392	1.01472274097338		NZ_CP089932.1	1348709	1349152	-
LU633_RS07115	LU633_RS07115	transposase	0.673886974838951	0.153612050751328	-0.43784370065016	-0.881001444018486		NZ_CP089932.1	1349408	1349581	+
LU633_RS07120	LU633_RS07120	hypothetical protein	0.720560676742751	0.0100081390531149	0.422591998863242	0.0835284643045977		NZ_CP089932.1	1349597	1349902	-
LU633_RS07135	LU633_RS07135	hypothetical protein	0.261346430555057	0.409572010123744	1.82703405317889	0.371855513899692		NZ_CP089932.1	1351735	1352133	+
LU633_RS07140	LU633_RS07140	lytic polysaccharide monooxygenase	-0.142643089698609	-0.12818016257766	-0.21718074080926	0.236385821194214		NZ_CP089932.1	1353066	1354664	+
LU633_RS07145	LU633_RS07145	O-antigen ligase family protein	-1.57610597632224	-1.56821774931007	-4.08270199726993	-3.17616596352222		NZ_CP089932.1	1354965	1356251	-
LU633_RS07150	LU633_RS07150	MurR/RpiR family transcriptional regulator	0.269013400409975	-0.0738494311937035	-0.1610947585355	-0.196725410725481		NZ_CP089932.1	1356516	1357355	-
LU633_RS07155	LU633_RS07155	N-acetylmuramic acid 6-phosphate etherase	-0.179543409908115	-0.0951670635518334	0.630444152872276	0.0555620376212009	murQ	NZ_CP089932.1	1357548	1358441	+
LU633_RS07170	LU633_RS07170	membrane-bound lytic murein transglycosylase MltF	0.129975398646845	-0.118359775442401	-0.254791302574255	0.0869135658567264	mltF	NZ_CP089932.1	1359880	1361340	-
LU633_RS07175	LU633_RS07175	phosphoribosylformylglycinamidine synthase	-4.77417246414919	-5.01528409054422	-5.35098040056787	-4.4483910849311	purL	NZ_CP089932.1	1361611	1365498	+
LU633_RS07195	LU633_RS07195	HAMP domain-containing histidine kinase	0.111894670320763	0.180659753561147	0.0511697005417586	-0.953574210025999		NZ_CP089932.1	1367914	1369347	+
LU633_RS07200	LU633_RS07200	two-component system QseEF-associated lipoprotein QseG	0.359312953666441	0.254834651497658	-0.366442718142679	-0.409700215735234	qseG	NZ_CP089932.1	1369344	1370072	+
LU633_RS07205	LU633_RS07205	two-component system response regulator GlrR	0.911414954789062	0.76669354835552	0.405080049960644	-0.603287672552381	glrR	NZ_CP089932.1	1370069	1371403	+
LU633_RS07210	LU633_RS07210	nitrogen regulatory protein P-II	-5.31024389556607	-4.51965309302513	2.26627527160983	1.21211334807937	glnB	NZ_CP089932.1	1371545	1371883	+
LU633_RS07215	LU633_RS07215	NO-inducible flavohemoprotein	0.203273895695271	0.104002859891309	-0.0812879918422167	0.022537766046606	hmpA	NZ_CP089932.1	1371944	1373122	-
LU633_RS07230	LU633_RS07230	PRD domain-containing protein	-0.111489526836636	0.129428381104366	0.110883045372065	-0.302156769524978		NZ_CP089932.1	1375524	1376096	-
LU633_RS07235	LU633_RS07235	hypothetical protein	0.0339471224530135	-0.187502147520363	-0.276600106747817	0.176796940218631		NZ_CP089932.1	1376204	1376569	-
LU633_RS07240	LU633_RS07240	DUF1007 family protein	0.204875982696558	0.0891188619396477	0.168493815427977	0.0885643973644195		NZ_CP089932.1	1376736	1377344	+
LU633_RS07245	LU633_RS07245	nickel/cobalt transporter	-0.138452384396581	0.20048877342106	-0.0806241725756605	-0.155416169588202		NZ_CP089932.1	1377335	1378330	+
LU633_RS07255	LU633_RS07255	tRNA (cytosine(32)/uridine(32)-2'-O)-methyltransferase TrmJ	-0.826575990673818	-0.26964627037404	-1.54319302689354	0.264187063187797	trmJ	NZ_CP089932.1	1379302	1380030	+
LU633_RS07270	LU633_RS07270	aminopeptidase PepB	0.0887034939153396	-0.145653708271332	-0.0097244228456889	0.553831956698351	pepB	NZ_CP089932.1	1382104	1383387	+
LU633_RS07275	LU633_RS07275	enhanced serine sensitivity protein SseB	0.826482532243256	-0.034785328628658	0.675845795394241	0.975558334856072	sseB	NZ_CP089932.1	1383461	1384240	+
LU633_RS07280	LU633_RS07280	3-mercaptopyruvate sulfurtransferase	-0.0426944136794396	0.123591614719673	-0.379081595143278	-0.621233808667093	sseA	NZ_CP089932.1	1384342	1385190	-
LU633_RS07285	LU633_RS07285	hypothetical protein	0.266036652069509	-0.103183546132576	-0.575019398533226	-1.67733601491126		NZ_CP089932.1	1386242	1387342	+
LU633_RS07290	LU633_RS07290	hypothetical protein	0.232204189951778	-0.229765423840219	0.155116101586773	1.02860752737554		NZ_CP089932.1	1387374	1389731	+
LU633_RS07295	LU633_RS07295	extracellular solute-binding protein	0.122044647029387	-0.0563962045797169	-0.105291638123398	1.22981911803016		NZ_CP089932.1	1389923	1392082	-
LU633_RS07305	LU633_RS07305	MFS transporter	-0.673515464783805	-0.626694761244523	-0.244577251908619	-0.335631983274769		NZ_CP089932.1	1393079	1394293	+
LU633_RS07310	LU633_RS07310	MgtC/SapB family protein	1.06788029325511	0.360064067338068	-0.380572287035786	-0.828353891172255		NZ_CP089932.1	1394421	1395131	+
LU633_RS07315	LU633_RS07315	nucleoside-diphosphate kinase	1.22396517827853	1.02844714481487	-0.337582536925485	-1.0264171968547	ndk	NZ_CP089932.1	1395672	1396103	+
LU633_RS07320	LU633_RS07320	bifunctional tRNA (adenosine(37)-C2)-methyltransferase TrmG/ribosomal RNA large subunit methyltransferase RlmN	0.0279596642560433	0.0044858545590243	0.237461563892268	0.126149948340183		NZ_CP089932.1	1396342	1397517	+
LU633_RS07325	LU633_RS07325	type IV pilus biogenesis/stability protein PilW	0.108161351395098	0.12160628051078	-0.495737278434076	0.697938185286733	pilW	NZ_CP089932.1	1397600	1398337	+
LU633_RS07330	LU633_RS07330	cytoskeleton protein RodZ	-0.515403202620725	-0.506489107009203	-0.162630196804142	-0.546281359025695	rodZ	NZ_CP089932.1	1398327	1399328	+
LU633_RS07345	LU633_RS07345	YfgM family protein	-0.203211260354812	0.213515523021696	-0.690380716633841	-0.742994055573209		NZ_CP089932.1	1401843	1402463	+
LU633_RS07350	LU633_RS07350	outer membrane protein assembly factor BamB	-2.2804829951253	-1.21218560793893	-1.61594538428198	-1.18295380007032	bamB	NZ_CP089932.1	1402510	1403691	+
LU633_RS07360	LU633_RS07360	zinc ribbon domain-containing protein	0.158588877566988	-0.188914578954094	-0.0202298325597496	-0.742976449696904		NZ_CP089932.1	1405616	1405834	+
LU633_RS07365	LU633_RS07365	glucose/quinate/shikimate family membrane-bound PQQ-dependent dehydrogenase	0.02633596128925	-0.0042578478193169	0.217966909446817	0.158833174916951		NZ_CP089932.1	1406202	1408634	+
LU633_RS07370	LU633_RS07370	M4 family metallopeptidase	0.0907027491365148	0.188557886238867	-0.0835862791349158	-0.101115850363493		NZ_CP089932.1	1409546	1410167	-
LU633_RS07375	LU633_RS07375	exodeoxyribonuclease VII large subunit	0.0703814070056836	0.0845486682551061	0.0884365971863912	-0.0458206394882952	xseA	NZ_CP089932.1	1410248	1411657	-
LU633_RS07380	LU633_RS07380	IMP dehydrogenase	-3.49458023492563	-4.07412761443642	-2.60501130237081	-1.98723679371395	guaB	NZ_CP089932.1	1411827	1413293	+
LU633_RS07390	LU633_RS07390	IS481 family transposase	0.149441869825277	0.425405582649799	-0.565685218826448	1.32591474626935		NZ_CP089932.1	1415013	1416044	-
LU633_RS07425	LU633_RS07425	hypothetical protein	0.462293440018938	-0.0415554369152239	0.199059528066274	0.573641119378193		NZ_CP089932.1	1426563	1426700	+
LU633_RS07445	LU633_RS07445	hypothetical protein	0.0844426852244576	0.0503150781594546	-0.616383015709435	0.0171552555904979		NZ_CP089932.1	1431235	1431561	-
LU633_RS07450	LU633_RS07450	hypothetical protein	-0.681165061402367	-0.140619744553299	0.0828508143810318	-1.34781981446731		NZ_CP089932.1	1431687	1431974	-
LU633_RS07470	LU633_RS07470	tyrosine-type recombinase/integrase	-0.0665577516914282	0.191822295687432	-0.539865592909977	0.0137843513162808		NZ_CP089932.1	1433202	1433939	-
LU633_RS07480	LU633_RS07480	integrase arm-type DNA-binding domain-containing protein	-0.0047001173127392	0.214036157686811	0.476858995475447	0.273646864449718		NZ_CP089932.1	1435133	1435684	-
LU633_RS07495	LU633_RS07495	YejL family protein	0.33911408567279	-0.156610922633297	-0.406749833110012	0.940457741738693		NZ_CP089932.1	1437833	1438060	-
LU633_RS07500	LU633_RS07500	nucleoid-associated protein YejK	-0.568978915241124	-0.13170432831417	-0.774034016263045	0.216261994381859	yejK	NZ_CP089932.1	1438221	1439225	+
LU633_RS07510	LU633_RS07510	DEAD/DEAH box helicase	-0.106101619455802	0.0508495668303439	0.138649221573741	0.35458261951218		NZ_CP089932.1	1439861	1441615	-
LU633_RS07515	LU633_RS07515	16S rRNA pseudouridine(516) synthase RsuA	0.485197116686699	0.291069730016002	0.271361355786591	1.45926501053919	rsuA	NZ_CP089932.1	1441822	1442550	+
LU633_RS07520	LU633_RS07520	Bcr/CflA family multidrug efflux MFS transporter	0.170888830348487	0.225307738886005	0.271058652219951	0.144533277673804		NZ_CP089932.1	1442567	1443751	+
LU633_RS07525	LU633_RS07525	hypothetical protein	-0.750903239065948	-0.770171657066617	-0.537295263145664	0.75738425431412		NZ_CP089932.1	1444013	1444354	+
LU633_RS07530	LU633_RS07530	microcin C ABC transporter ATP-binding protein YejF	0.595227206627218	0.394517234949295	0.0792815596406993	0.0718935047664955	yejF	NZ_CP089932.1	1444377	1445960	-
LU633_RS07535	LU633_RS07535	microcin C ABC transporter permease	0.741561306323873	0.390321284699619	0.421965304867589	0.514316155035572		NZ_CP089932.1	1445960	1446976	-
LU633_RS07540	LU633_RS07540	microcin C ABC transporter permease YejB	0.674583399610779	0.204162113561776	-0.129744784615939	0.61234932405215		NZ_CP089932.1	1446973	1448067	-
LU633_RS07545	LU633_RS07545	extracellular solute-binding protein	0.642641045974722	0.313722067447664	-0.149798739450533	-0.122513025563626		NZ_CP089932.1	1448079	1449887	-
LU633_RS07555	LU633_RS07555	EAL domain-containing protein	0.116816752110966	0.235281988453859	-0.19731692805998	-0.0137075731207847		NZ_CP089932.1	1450999	1451613	-
LU633_RS07580	LU633_RS07580	hypothetical protein	-0.136375055994305	-0.187859825091135	1.22877898103648	0.963763924443188		NZ_CP089932.1	1454594	1454950	-
LU633_RS07585	LU633_RS07585	hypothetical protein	-0.256126466648443	-0.116461070723068	0.333197840194202	-0.23867042922367		NZ_CP089932.1	1454947	1455465	-
LU633_RS07595	LU633_RS07595	DNA polymerase	0.129673059902659	0.130770377601366	-0.56473225931892	0.815447282681588		NZ_CP089932.1	1456253	1458265	+
LU633_RS07600	LU633_RS07600	hypothetical protein	-0.171338958435634	-0.218354888800166	-0.818835221096527	-0.0907377871768706		NZ_CP089932.1	1458271	1458948	+
LU633_RS07615	LU633_RS07615	VRR-NUC domain-containing protein	-0.0550994042214488	0.100188330130763	-0.1062747439459	3.76618228636865		NZ_CP089932.1	1459387	1459689	+
LU633_RS07620	LU633_RS07620	DEAD/DEAH box helicase	0.110172443571418	0.280808905220714	0.073405761483551	-0.180289466126393		NZ_CP089932.1	1459915	1461222	+
LU633_RS07625	LU633_RS07625	pyocin activator PrtN family protein	-0.137951401408215	0.094356664064743	1.26327074380902	0.457867978276804		NZ_CP089932.1	1461219	1461470	+
LU633_RS07630	LU633_RS07630	YkgJ family cysteine cluster protein	-0.220513797406435	-0.272284002921738	-0.070051280177883	-0.27120187094094		NZ_CP089932.1	1461509	1461637	-
LU633_RS07635	LU633_RS07635	elongation factor P-like protein YeiP	-0.358754872298966	-0.660647094418556	-1.74717310632093	-0.526061643653769	yeiP	NZ_CP089932.1	1461825	1462397	+
LU633_RS07640	LU633_RS07640	hypothetical protein	0.033109975866906	-0.0035382416736847	0.172561039287809	-0.159938749282186		NZ_CP089932.1	1462469	1462768	-
LU633_RS07645	LU633_RS07645	phosphatase PAP2 family protein	-0.141153441745098	-0.0691899786273635	-0.66954098227696	-0.459998599854625		NZ_CP089932.1	1463069	1463283	+
LU633_RS07655	LU633_RS07655	bifunctional murein DD-endopeptidase/murein LD-carboxypeptidase	1.07941162310454	0.628702732499207	-1.06527714412045	-1.28760734177891	mepS	NZ_CP089932.1	1464555	1465130	+
LU633_RS07660	LU633_RS07660	cell wall-binding protein	-0.292282962716388	0.25027484970233	0.231391929065404	0.831788473398179		NZ_CP089932.1	1465239	1465370	-
LU633_RS07665	LU633_RS07665	IS1 family transposase	0.521313435357457	0.626674152052501	-0.744664295080407	-0.58295179061039		NZ_CP089932.1	1465425	1466120	+
LU633_RS07675	LU633_RS07675	P27 family phage terminase small subunit	-0.0553156620695499	0.538963329416015	0.301865576719099	-0.108082099910022		NZ_CP089932.1	1466940	1467377	+
LU633_RS07690	LU633_RS07690	terminase large subunit	0.196731079469472	-0.129479333269162	0.609756186139293	0.376188575993721		NZ_CP089932.1	1468214	1469179	+
LU633_RS07700	LU633_RS07700	AlpA family phage regulatory protein	0.505788510012228	0.883408588079927	-0.18512528230637	0.702822649064288		NZ_CP089932.1	1469963	1470253	+
LU633_RS07705	LU633_RS07705	DNA primase	0.179407188994803	-0.0533745975657346	0.5306084328093	0.170202371510143		NZ_CP089932.1	1470359	1471607	+
LU633_RS07710	LU633_RS07710	hypothetical protein	-0.136470129467817	-0.0810423130289565	-0.509070782272133	-0.208725952885467		NZ_CP089932.1	1471966	1472208	+
LU633_RS07725	LU633_RS07725	DUF1493 family protein	0.0086960498148493	0.0660346682566795	0.110758245009506	0.977675313917395		NZ_CP089932.1	1475350	1475613	+
LU633_RS07730	LU633_RS07730	phage major capsid protein	0.0895898146150099	0.0271355759396666	-0.0353745681578068	0.643070726760869		NZ_CP089932.1	1475854	1477026	+
LU633_RS07740	LU633_RS07740	IS200/IS605 family transposase	-0.107878329831657	-0.351309479594558	0.669340006721242	-0.839177186605332	tnpA	NZ_CP089932.1	1477934	1478359	+
LU633_RS07745	LU633_RS07745	DUF2778 domain-containing protein	0.122655785620707	-0.169613180766516	-0.442563685419452	-0.265978512878271		NZ_CP089932.1	1478550	1479080	-
LU633_RS07755	LU633_RS07755	replication regulatory protein RepA	0.297582177694878	0.144200875709336	0.712467711512726	0.468510119526693	repA	NZ_CP089932.1	1480633	1480893	-
LU633_RS07760	LU633_RS07760	phospholipase D family protein	0.0447756777545916	0.149623863445927	0.105354322098693	1.31067676283658		NZ_CP089932.1	1481040	1481603	-
LU633_RS07770	LU633_RS07770	recombinase family protein	0.12350308233337	-0.107909975584003	0.14113926444216	-0.212418704918904		NZ_CP089932.1	1482133	1482774	+
LU633_RS07775	LU633_RS07775	hypothetical protein	-0.302008481974599	0.0013608353089379	-0.523097717589321	1.29653106540301		NZ_CP089932.1	1482842	1489453	+
LU633_RS07780	LU633_RS07780	phosphatidylinositol-specific phospholipase C domain-containing protein	-0.453957062959528	-0.383582470355916	-0.554072218415287	0.0309684869611688		NZ_CP089932.1	1489695	1490513	+
LU633_RS07785	LU633_RS07785	Tn3 family transposase	-0.417252456561592	0.456219761089919	-0.210683385497418	0.203785604895127		NZ_CP089932.1	1491057	1491650	+
LU633_RS07790	LU633_RS07790	hypothetical protein	-0.0599749862840242	-0.189593620167804	0.096901273919491	-0.0393060191426811		NZ_CP089932.1	1491928	1492260	+
LU633_RS07795	LU633_RS07795	DUF4225 domain-containing protein	0.0876681017022615	-0.140657044426114	0.0907397289781489	0.414715911816868		NZ_CP089932.1	1492235	1493038	-
LU633_RS07800	LU633_RS07800	TraI domain-containing protein	0.0111913371939001	-0.325153962898069	-0.134884833594443	-0.473399804694469		NZ_CP089932.1	1493490	1494935	+
LU633_RS07815	LU633_RS07815	site-specific integrase	0.362989757480646	-0.0355446548524837	0.417435294533935	0.443081134790717		NZ_CP089932.1	1496235	1496768	-
LU633_RS07820	LU633_RS07820	fused PTS fructose transporter subunit IIA/HPr protein	-0.174963949677641	-0.32574347267016	-1.42601155943367	-1.71486576825485	fruB	NZ_CP089932.1	1497045	1498178	+
LU633_RS07830	LU633_RS07830	PTS fructose transporter subunit IIBC	-0.110353945216317	-0.225961089557699	-1.37112359946527	-1.40993893714259	fruA	NZ_CP089932.1	1499129	1500829	+
LU633_RS07835	LU633_RS07835	hypothetical protein	-0.102790335725233	-0.11719778500859	-0.451333654636304	0.406655639761721		NZ_CP089932.1	1501494	1501934	-
LU633_RS07840	LU633_RS07840	deoxyribonuclease IV	0.0176504662967831	0.0430737310726016	-0.280993509654585	-0.113388676733089	nfo	NZ_CP089932.1	1501960	1502802	-
LU633_RS07845	LU633_RS07845	YeiH family putative sulfate export transporter	0.0018687538334401	0.107843694024485	0.184737485273859	-0.122756848511586		NZ_CP089932.1	1502869	1503957	-
LU633_RS07850	LU633_RS07850	LysR family transcriptional regulator	0.203826081966923	0.116165843558571	-0.804361409583924	1.14362620797397		NZ_CP089932.1	1504055	1504927	+
LU633_RS07855	LU633_RS07855	amino acid permease	-0.157380585557461	-0.132223319856367	0.110089273991147	-0.198482380721654		NZ_CP089932.1	1505093	1506568	+
LU633_RS07860	LU633_RS07860	iron ABC transporter permease	-0.094073956305722	-0.151449469843882	-0.0219069735820627	-0.138377526561123		NZ_CP089932.1	1506677	1507759	+
LU633_RS07865	LU633_RS07865	ABC transporter ATP-binding protein	-0.327970429267197	-0.129918929695011	-0.211492154360829	0.139142005930055		NZ_CP089932.1	1507756	1508544	+
LU633_RS07870	LU633_RS07870	S-formylglutathione hydrolase	-3.34336644293496	-5.31571679304058	0.0914636327678144	0.376710282238953	fghA	NZ_CP089932.1	1508587	1509429	-
LU633_RS07875	LU633_RS07875	S-(hydroxymethyl)glutathione dehydrogenase/class III alcohol dehydrogenase	-0.381961693255342	-0.410000074859601	-0.975496358230911	-0.0783346805707161		NZ_CP089932.1	1509442	1510566	-
LU633_RS07890	LU633_RS07890	site-specific DNA-methyltransferase	0.0076194636209279	-0.17144326138481	0.16450634335226	-0.7175223830747		NZ_CP089932.1	1513338	1514084	+
LU633_RS07925	LU633_RS07925	hypothetical protein	-0.0946114766589725	-0.235331972730075	0.180340359922814	0.451965060935563		NZ_CP089932.1	1517473	1518222	+
LU633_RS07935	LU633_RS07935	hypothetical protein	-0.0431452978375859	0.438263016393747	1.55373350271557	-1.18624376072343		NZ_CP089932.1	1518678	1518932	+
LU633_RS07940	LU633_RS07940	DNA-packaging protein	0.2236609118454	0.005895282629743	-0.0906186202458674	0.583618678251546		NZ_CP089932.1	1518938	1519417	+
LU633_RS07945	LU633_RS07945	terminase large subunit	-0.0656822509045509	0.0433519755792576	0.354291964600673	-0.283850584184751		NZ_CP089932.1	1519620	1521143	+
LU633_RS07950	LU633_RS07950	portal protein	-0.488715910160074	-0.166826878772724	-0.500925272595952	-1.344079208286		NZ_CP089932.1	1521143	1523170	+
LU633_RS07990	LU633_RS07990	hypothetical protein	0.0491747244291834	-0.0219998938915019	0.0435416277629088	0.135664299504626		NZ_CP089932.1	1528876	1529442	+
LU633_RS07995	LU633_RS07995	phage DNA ejection protein	-0.298216636876762	-0.223445151114769	0.863663841993084	1.084903768306		NZ_CP089932.1	1529454	1530644	+
LU633_RS08000	LU633_RS08000	hypothetical protein	-0.198811250106848	-0.10885492240491	0.351142775211336	0.004375138031734		NZ_CP089932.1	1530644	1532833	+
LU633_RS08005	LU633_RS08005	phage tailspike protein	0.421393641291388	0.201368945631942	0.438909207104237	0.487732004467874		NZ_CP089932.1	1533394	1534665	+
LU633_RS08015	LU633_RS08015	hypothetical protein	-0.162444104314556	-0.0295210011279284	-0.445628379732026	0.36036548576147		NZ_CP089932.1	1535015	1535461	-
LU633_RS08020	LU633_RS08020	hypothetical protein	-0.0214935391392883	-0.214080174061431	-0.105503404276274	0.508389890778304		NZ_CP089932.1	1536217	1536798	-
LU633_RS08030	LU633_RS08030	hypothetical protein	0.008604202921564	0.449430651001117	-0.0898229256400753	-0.367786585177356		NZ_CP089932.1	1538197	1538499	-
LU633_RS08050	LU633_RS08050	type II toxin-antitoxin system RatA family toxin	0.876677815739614	-0.794739704114488	0.686090283897606	1.28233165322276		NZ_CP089932.1	1540199	1540633	+
LU633_RS08055	LU633_RS08055	RnfH family protein	-1.74882931266538	-1.20192963682233	-1.48351747408819	-0.278945808558996		NZ_CP089932.1	1540626	1540913	+
LU633_RS08070	LU633_RS08070	outer membrane protein assembly factor BamE	-1.25107678908039	-1.40947859565792	-0.688721992432274	-0.432109000395835	bamE	NZ_CP089932.1	1542760	1543107	-
LU633_RS08075	LU633_RS08075	DNA repair protein RecN	-0.0012013759766627	-0.25751302877254	0.326892594011918	-0.105124129206438	recN	NZ_CP089932.1	1543259	1544920	-
LU633_RS08090	LU633_RS08090	uracil-DNA glycosylase	0.13764800173945	0.145675159684992	0.576530438372665	-0.120026007102893	ung	NZ_CP089932.1	1546680	1547357	-
LU633_RS08100	LU633_RS08100	bifunctional chorismate mutase/prephenate dehydratase	-1.18171862393456	-1.07170012937546	0.478626012832224	0.480826968247513	pheA	NZ_CP089932.1	1548204	1549364	-
LU633_RS08105	LU633_RS08105	ribosome-associated translation inhibitor RaiA	-0.221665249604125	0.0556955075603386	-0.0080424025924188	0.17067316125411	raiA	NZ_CP089932.1	1549947	1550288	-
LU633_RS08115	LU633_RS08115	23S rRNA pseudouridine(1911/1915/1917) synthase RluD	-4.56300677795644	-3.38360887771101	-0.540665564180711	0.331680277840667	rluD	NZ_CP089932.1	1551473	1552450	+
LU633_RS08120	LU633_RS08120	polyphenol oxidase	-0.0151046289382522	0.0430914545162422	-0.193487338627432	-0.391655479522242	pgeF	NZ_CP089932.1	1552450	1553178	+
LU633_RS08125	LU633_RS08125	ATP-dependent chaperone ClpB	-0.385657472393815	-0.322571473644385	-0.40346716221447	-0.544517579551584	clpB	NZ_CP089932.1	1553292	1555877	+
LU633_RS08145	LU633_RS08145	bifunctional acetate--CoA ligase family protein/GNAT family N-acetyltransferase	0.416880428110275	0.247025845469365	0.380835609931939	-0.138052109944792		NZ_CP089932.1	1558535	1561192	-
LU633_RS08170	LU633_RS08170	hypothetical protein	0.0955541500883009	-0.0493550052761328	-0.0246117044885645	-0.105021955864525		NZ_CP089932.1	1564401	1565102	+
LU633_RS08175	LU633_RS08175	hypothetical protein	-0.10942307839554	-0.170491584300029	-0.073765217787054	-0.0589770750522316		NZ_CP089932.1	1565095	1565517	+
LU633_RS08200	LU633_RS08200	DTW domain-containing protein	0.329566418268998	0.668035128452091	1.8622664347353	1.69078842979875		NZ_CP089932.1	1568377	1568578	-
LU633_RS08205	LU633_RS08205	thioredoxin TrxC	0.691598641122071	-0.229986982905345	0.520494870811518	-0.257258178797052	trxC	NZ_CP089932.1	1568660	1569079	-
LU633_RS08210	LU633_RS08210	tRNA/rRNA methyltransferase	0.397262613576662	0.379769065504229	-0.128139801297619	-0.0129630152823603		NZ_CP089932.1	1569323	1570354	+
LU633_RS08215	LU633_RS08215	IS200/IS605 family transposase	0.316170787167644	0.113059384088672	0.762895285928937	2.34378655477866	tnpA	NZ_CP089932.1	1570519	1570974	+
LU633_RS08230	LU633_RS08230	MFS transporter	-0.263241844244276	-0.185178478725708	0.116326903503189	0.727218137246265		NZ_CP089932.1	1573522	1573716	-
LU633_RS08235	LU633_RS08235	biotin/lipoyl-binding protein	0.207251682759077	-0.174659201934132	0.202669462112915	-0.444280907295767		NZ_CP089932.1	1573714	1574411	-
LU633_RS08240	LU633_RS08240	transcriptional repressor MprA	-3.62857814077507	-5.17704057390159	-3.35178572567519	-2.87263484150669	mprA	NZ_CP089932.1	1574554	1575084	-
LU633_RS08245	LU633_RS08245	glycine betaine/L-proline ABC transporter substrate-binding protein ProX	-0.0153981227750335	-0.0690955980914202	0.418093827569568	0.282663407680948	proX	NZ_CP089932.1	1575908	1576903	-
LU633_RS08250	LU633_RS08250	glycine betaine/L-proline ABC transporter permease ProW	-0.0985792214812435	-0.199247108442418	-1.19670135478495	0.524396544045466	proW	NZ_CP089932.1	1576973	1578136	-
LU633_RS08255	LU633_RS08255	glycine betaine/L-proline ABC transporter ATP-binding protein ProV	0.0719995805548446	-0.023993081789995	0.598652972355658	0.18506367719055	proV	NZ_CP089932.1	1578129	1579328	-
LU633_RS08260	LU633_RS08260	class 1b ribonucleoside-diphosphate reductase subunit beta	0.000872210501162	0.242473739350623	0.523726514499919	0.145635568824014	nrdF	NZ_CP089932.1	1579706	1580665	-
LU633_RS08265	LU633_RS08265	class 1b ribonucleoside-diphosphate reductase subunit alpha	-0.0522294699338972	0.0496136648718906	0.497248422840689	-0.0910265430262376	nrdE	NZ_CP089932.1	1580710	1582791	-
LU633_RS08270	LU633_RS08270	class Ib ribonucleoside-diphosphate reductase assembly flavoprotein NrdI	0.332684536473786	-0.0018113575692064	0.0098181362956426	-0.262233796726421	nrdI	NZ_CP089932.1	1582821	1583237	-
LU633_RS08275	LU633_RS08275	glutaredoxin-like protein NrdH	0.339074944536789	0.216658300126025	1.13856991914263	0.0298296481850429	nrdH	NZ_CP089932.1	1583243	1583485	-
LU633_RS08280	LU633_RS08280	DUF883 family protein	0.0695883144236183	0.046387787841328	0.848328575980471	0.0802389786178563		NZ_CP089932.1	1583738	1584061	-
LU633_RS08285	LU633_RS08285	DUF2002 family protein	0.174280115636479	0.308983395262342	0.317791596604533	0.244932478706201		NZ_CP089932.1	1584223	1584558	+
LU633_RS08290	LU633_RS08290	amino acid permease	0.0272889934873826	-0.0131975100252546	1.00322056156687	-0.0907142416331381		NZ_CP089932.1	1584715	1585572	+
LU633_RS08300	LU633_RS08300	amino acid permease	0.137596050947632	0.160130907143396	0.722643281279129	-0.097572787072		NZ_CP089932.1	1586987	1587529	+
LU633_RS08305	LU633_RS08305	homocysteine S-methyltransferase	-0.0145479983596479	-0.0806798167600271	-0.119943119013371	0.40943503119445	mmuM	NZ_CP089932.1	1587600	1588457	+
LU633_RS08310	LU633_RS08310	hypothetical protein	0.117654516590357	0.434495338508211	0.386859444662085	0.381421129893933		NZ_CP089932.1	1588565	1588984	+
LU633_RS08315	LU633_RS08315	nucleoside-specific channel-forming protein Tsx	-0.0611187461352871	0.0686939026759135	0.155712969911273	0.0171552555904979		NZ_CP089932.1	1589114	1589977	-
LU633_RS08330	LU633_RS08330	transposase	0.252356064358577	-0.0750629550920719	-0.354278184099716	0.474810634005456		NZ_CP089932.1	1592184	1592753	+
LU633_RS08340	LU633_RS08340	transposase	0.142706862744288	0.204252921163851	-0.056591084262207	-0.245285608203778		NZ_CP089932.1	1593150	1593337	-
LU633_RS08345	LU633_RS08345	IS481 family transposase	-0.0348390338424691	-1.00502148112187	0.659212927119822	0.207811900089087		NZ_CP089932.1	1593344	1593456	+
LU633_RS08365	LU633_RS08365	'3'-5' exoribonuclease' pseudo=_no_value transl_table=11	-0.984766370329454	-0.835420106806825	0.249733559704109	-0.301057022858907		NZ_CP089932.1	1596435	1596704	-
LU633_RS08370	LU633_RS08370	DUF4060 family protein	0.200685361935915	0.572606611895343	-0.882678927990677	1.37546011647554		NZ_CP089932.1	1596724	1596912	-
LU633_RS08375	LU633_RS08375	hypothetical protein	-0.190838667277186	-0.0725729908591612	-0.0512655730788616	-0.302266873684516		NZ_CP089932.1	1596955	1597380	-
LU633_RS08380	LU633_RS08380	HNH endonuclease	0.0386256894098644	0.152852239982793	1.01116608670339	0.45707664826243		NZ_CP089932.1	1597377	1597970	-
LU633_RS08385	LU633_RS08385	hypothetical protein	-0.544001961602488	0.29933659923396	-1.37372977238753	0.320070845192718		NZ_CP089932.1	1597952	1598179	-
LU633_RS08390	LU633_RS08390	hypothetical protein	0.416498815022938	-0.144237350847972	-0.405546526526595	2.28285206966511		NZ_CP089932.1	1598176	1598424	-
LU633_RS08400	LU633_RS08400	hypothetical protein	-0.137364915122489	-0.11209454742869	-0.701584907535368	0.279288028614245		NZ_CP089932.1	1598823	1599056	-
LU633_RS08405	LU633_RS08405	DNA-binding protein	0.225971161325419	-0.124167283204903	0.536953320440771	-0.202106176912778		NZ_CP089932.1	1599053	1599843	-
LU633_RS08415	LU633_RS08415	DUF2303 family protein	0.0605262918377504	0.208888779559725	0.0197741802128237	-0.226144659552206		NZ_CP089932.1	1601125	1601517	-
LU633_RS08420	LU633_RS08420	hypothetical protein	-0.155994188641265	0.0194072626447359	0.186360227806508	0.0757089390053263		NZ_CP089932.1	1601553	1601915	-
LU633_RS08430	LU633_RS08430	glycosyltransferase family 9 protein	0.159780684053528	0.223063769065463	0.720747427524359	0.174757828389086		NZ_CP089932.1	1602686	1603705	+
LU633_RS08445	LU633_RS08445	site-specific integrase	-0.284022695255902	-0.0709206824935846	-0.380963113527184	0.443803340965582		NZ_CP089932.1	1604564	1605661	-
LU633_RS08450	LU633_RS08450	hypothetical protein	-0.157674373150081	-0.570661649680445	-0.0466285871635115	0.278510952069105		NZ_CP089932.1	1605881	1606030	-
LU633_RS08455	LU633_RS08455	chemotaxis protein	-0.0637161743368841	-0.074883624843291	-0.259350560977064	1.05997088424201		NZ_CP089932.1	1606565	1607524	+
LU633_RS08460	LU633_RS08460	hypothetical protein	-0.302167163971029	-0.74323695510318	-1.30571934880604	-0.896871603212443		NZ_CP089932.1	1607849	1608019	-
LU633_RS08465	LU633_RS08465	DUF1198 domain-containing protein	0.998320122304085	0.693935673630053	-1.01983488656019	-1.24857296294007		NZ_CP089932.1	1608252	1608746	+
LU633_RS08475	LU633_RS08475	hypothetical protein	-0.0114078559497064	0.301555292575549	0.166361075582338	1.49397824555698		NZ_CP089932.1	1610004	1610168	+
LU633_RS08480	LU633_RS08480	DUF3164 family protein	0.0467581732655138	0.103339929197831	1.50745954410607	-0.24105464899609		NZ_CP089932.1	1610221	1610793	+
LU633_RS08485	LU633_RS08485	hypothetical protein	0.0538963511117222	0.100727378717058	-0.0663443010002218	0.825221245667732		NZ_CP089932.1	1611832	1612053	+
LU633_RS08495	LU633_RS08495	hypothetical protein	0.283338334467037	0.210750640401804	-0.53861567419666	-0.756274836264249		NZ_CP089932.1	1612452	1612694	+
LU633_RS08500	LU633_RS08500	regulatory protein GemA	-0.181099403719639	-0.0281296738246141	-0.390134349140854	-1.01065144351397		NZ_CP089932.1	1612702	1613151	+
LU633_RS08510	LU633_RS08510	hypothetical protein	-0.152320595651514	-0.335400011706405	0.610346675974514	-1.00188452513228		NZ_CP089932.1	1613494	1613688	+
LU633_RS08515	LU633_RS08515	hypothetical protein	-0.172079425220958	-0.397345428130704	-1.13032934712359	0.412883426860074		NZ_CP089932.1	1613750	1613917	+
LU633_RS08530	LU633_RS08530	hypothetical protein	0.23101855610231	-0.0853250823516777	0.594458430042165	0.612641531956502		NZ_CP089932.1	1614744	1614932	+
LU633_RS08535	LU633_RS08535	short-chain dehydrogenase/reductase SDR	0.449587981963126	0.161570165023511	-0.0695015754213704	0.0429235448845304		NZ_CP089932.1	1615049	1615204	-
LU633_RS08540	LU633_RS08540	iron-containing alcohol dehydrogenase	-0.186489645905205	-0.152337606615159	-0.207061260563719	-0.468995944875145		NZ_CP089932.1	1615354	1616493	-
LU633_RS08555	LU633_RS08555	hypothetical protein	-0.192328886818664	0.403830783812107	-0.103891650067103	0.804459249207357		NZ_CP089932.1	1619391	1619636	+
LU633_RS08560	LU633_RS08560	HlyD family secretion protein	-0.0825299197671887	-0.0836298131848537	-0.016367509203489	0.139361971847803		NZ_CP089932.1	1620003	1621283	+
LU633_RS08565	LU633_RS08565	peptidase domain-containing ABC transporter	0.0018687538334401	0.0562128034142494	-0.243821121481787	-0.439391902116004		NZ_CP089932.1	1621291	1623396	+
LU633_RS08570	LU633_RS08570	UDP-4-amino-4-deoxy-L-arabinose aminotransferase	-1.11222213058049	-0.863205588716994	-1.66329130773675	-1.75312475233626	arnB	NZ_CP089932.1	1624312	1625463	+
LU633_RS08575	LU633_RS08575	undecaprenyl-phosphate 4-deoxy-4-formamido-L-arabinose transferase	-0.835504559043801	-0.610459338481811	-1.5836104497114	-1.63512916121364	arnC	NZ_CP089932.1	1625453	1626433	+
LU633_RS08580	LU633_RS08580	bifunctional UDP-4-amino-4-deoxy-L-arabinose formyltransferase/UDP-glucuronic acid oxidase ArnA	-0.741125931705081	-0.497503243953644	-1.33486471256276	-2.05193584756624	arnA	NZ_CP089932.1	1626433	1628415	+
LU633_RS08590	LU633_RS08590	lipid IV(A) 4-amino-4-deoxy-L-arabinosyltransferase	-0.760278212723803	-0.778246244592003	-1.67371782437309	-2.75463017684614	arnT	NZ_CP089932.1	1629311	1630972	+
LU633_RS08615	LU633_RS08615	hypothetical protein	0.0263374581628117	0.146168373912057	-0.112133248875203	-0.0862967551937457		NZ_CP089932.1	1634892	1635134	+
LU633_RS08620	LU633_RS08620	lipid IV(A) palmitoyltransferase PagP	0.0214447802823641	-0.511662313692771	-0.578819850010257	0.109541409037744	pagP	NZ_CP089932.1	1636125	1636700	+
LU633_RS08630	LU633_RS08630	GNAT family N-acetyltransferase	0.0381661754596921	0.0116571697866577	0.500479107816082	0.107162317295032		NZ_CP089932.1	1637440	1637868	+
LU633_RS08645	LU633_RS08645	deaminated glutathione amidase	0.132125646901934	-0.0175966540579516	0.323985452504763	-0.210231371908127		NZ_CP089932.1	1638801	1639622	+
LU633_RS08650	LU633_RS08650	twin-arginine translocase subunit TatE	0.539096077433015	-0.0329164352394594	-3.47916307834811	-3.72277517434557	tatE	NZ_CP089932.1	1639967	1640173	+
LU633_RS08655	LU633_RS08655	transposase	0.211876907959413	-0.0055555594851864	0.681682895324343	-1.02004820293767		NZ_CP089932.1	1640341	1640490	+
LU633_RS08685	LU633_RS08685	D-alanyl-D-alanine carboxypeptidase DacA	-0.22464189994728	0.117862637736073	-2.24992344969229	-2.48283504890693	dacA	NZ_CP089932.1	1644466	1645677	-
LU633_RS08690	LU633_RS08690	endolytic peptidoglycan transglycosylase RlpA	-0.196384068638277	-0.248529350163122	-0.27486362050757	-0.463280824331994	rlpA	NZ_CP089932.1	1645809	1646933	-
LU633_RS08705	LU633_RS08705	23S rRNA (pseudouridine(1915)-N(3))-methyltransferase RlmH	-0.450158323818162	-0.137876544776515	-0.132330597261095	0.123705520056475	rlmH	NZ_CP089932.1	1649997	1650467	-
LU633_RS08710	LU633_RS08710	ribosome silencing factor	0.0873121183468125	-0.299224265791828	0.0767289740448214	1.50853305046852	rsfS	NZ_CP089932.1	1650471	1650788	-
LU633_RS08715	LU633_RS08715	chitinase	-0.0038701519224058	0.147479696865261	-0.237386461566927	0.0861359774105517		NZ_CP089932.1	1651494	1652629	-
LU633_RS08735	LU633_RS08735	LPS assembly lipoprotein LptE	-0.414790649191003	-0.0560397159840982	-0.560689893307026	-0.441441265144255	lptE	NZ_CP089932.1	1655889	1656485	-
LU633_RS08745	LU633_RS08745	zinc ribbon-containing protein	-0.121455678716021	0.0639896663029725	-0.195611339687305	-0.0481752306353984		NZ_CP089932.1	1659295	1659777	+
LU633_RS08755	LU633_RS08755	CNNM family magnesium/cobalt transport protein CorC	-0.160826397942523	-0.28644976805194	0.219067879966824	0.172859155676889	corC	NZ_CP089932.1	1661413	1662291	-
LU633_RS08765	LU633_RS08765	PhoH family protein	-0.195978878070957	-0.11151212828258	-0.404011942030174	-0.56748400202217		NZ_CP089932.1	1662849	1663913	-
LU633_RS08770	LU633_RS08770	tRNA (N6-isopentenyl adenosine(37)-C2)-methylthiotransferase MiaB	-2.11762663289188	-1.85721319379726	-0.506751654847246	-0.656165209909307	miaB	NZ_CP089932.1	1664125	1665549	-
LU633_RS08815	LU633_RS08815	HAD-IIA family hydrolase	0.294053273152938	-0.0471218656298157	0.544283888171772	0.0735604188403771		NZ_CP089932.1	1669953	1670705	-
LU633_RS08820	LU633_RS08820	ROK family transcriptional regulator	1.11602679071729	0.907781494007101	0.717711388929175	1.07790211359729		NZ_CP089932.1	1670737	1671957	-
LU633_RS08825	LU633_RS08825	N-acetylglucosamine-6-phosphate deacetylase	1.68824775548858	1.19495192895355	-1.35948153184209	-1.85897647270678	nagA	NZ_CP089932.1	1671974	1673113	-
LU633_RS08830	LU633_RS08830	glucosamine-6-phosphate deaminase	0.0705159115200964	-0.0437971354512964	-0.342726751903671	0.57705642486899	nagB	NZ_CP089932.1	1673165	1673965	-
LU633_RS08835	LU633_RS08835	N-acetylglucosamine-specific PTS transporter subunit IIBC	0.0523462376829832	0.4753876596881	-0.326524338705454	-0.155136932848696	nagE	NZ_CP089932.1	1674301	1676328	+
LU633_RS08845	LU633_RS08845	OprD family outer membrane porin	0.12108188657848	-0.0235946148316715	0.155018374626299	0.305303332026155		NZ_CP089932.1	1679468	1680871	+
LU633_RS08855	LU633_RS08855	beta-N-acetylhexosaminidase	0.0773797835003712	0.037098416523761	0.429924386533533	0.21734157271764		NZ_CP089932.1	1681122	1683776	+
LU633_RS08860	LU633_RS08860	hypothetical protein	0.0394367505543485	-0.0374178974574186	0.112602406024106	0.077058194229739		NZ_CP089932.1	1683742	1684296	+
LU633_RS08870	LU633_RS08870	hypothetical protein	0.17454341895514	0.0229307624179169	-0.155015776483463	0.0302068032516345		NZ_CP089932.1	1685289	1685870	+
LU633_RS08885	LU633_RS08885	LexA regulated protein	-0.0403450847003355	-0.0651784192253286	1.30684466189515	-0.210040694311279	ybfE	NZ_CP089932.1	1687725	1688006	-
LU633_RS08890	LU633_RS08890	alpha/beta fold hydrolase	0.0013449021816491	-0.0564800804960647	-0.38942019259106	0.836910690230889		NZ_CP089932.1	1688157	1688927	-
LU633_RS08905	LU633_RS08905	two-component system response regulator KdpE	-0.0048694793033146	0.116239939890293	0.192391568046171	0.391898032664548	kdpE	NZ_CP089932.1	1691717	1692400	-
LU633_RS08910	LU633_RS08910	2-thiouracil desulfurase family protein	-0.0212079869210058	-0.0342866035539754	-0.0512655730788616	0.748931562306433		NZ_CP089932.1	1693214	1694170	+
LU633_RS08915	LU633_RS08915	deoxyribodipyrimidine photo-lyase	0.0915449879780647	0.0601870148314048	0.259176474268157	0.12256592359955	phrB	NZ_CP089932.1	1694192	1695613	+
LU633_RS08925	LU633_RS08925	5-oxoprolinase subunit PxpB	0.0596756745289921	0.0359470040449192	0.108944293430096	0.277086083508996	pxpB	NZ_CP089932.1	1696586	1697242	+
LU633_RS08930	LU633_RS08930	biotin-dependent carboxyltransferase family protein	-0.203548026036741	-0.217618829358505	0.37812348215161	-0.594060158598631		NZ_CP089932.1	1697236	1698174	+
LU633_RS08945	LU633_RS08945	endonuclease VIII	0.10411600492101	-0.105990620130918	-0.106630804943683	0.363432327267133	nei	NZ_CP089932.1	1699663	1700446	+
LU633_RS08950	LU633_RS08950	citrate synthase	-5.45571257216766	-5.35953062554059	-3.42955689657655	-3.81176047454308		NZ_CP089932.1	1700480	1701763	-
LU633_RS08955	LU633_RS08955	succinate dehydrogenase cytochrome b556 subunit	-3.94821871995341	-3.13733681871017	-3.66029564501502	-4.3415357366157	sdhC	NZ_CP089932.1	1702376	1702765	+
LU633_RS08960	LU633_RS08960	succinate dehydrogenase membrane anchor subunit	-3.45963407033477	-3.47019203768441	-4.97837132994809	-3.40482061336465	sdhD	NZ_CP089932.1	1702759	1703106	+
LU633_RS08965	LU633_RS08965	succinate dehydrogenase flavoprotein subunit	-4.11498077025442	-3.86096060162604	-4.34670387401133	-4.50739025100091	sdhA	NZ_CP089932.1	1703108	1704874	+
LU633_RS08970	LU633_RS08970	succinate dehydrogenase iron-sulfur subunit	-3.09231070152805	-3.63901887596009	-3.51381572648116	-3.15402627956904		NZ_CP089932.1	1704893	1705609	+
LU633_RS08975	LU633_RS08975	2-oxoglutarate dehydrogenase E1 component	-4.2560841348582	-5.26895783132313	-4.65157802465304	-3.90833065614045	sucA	NZ_CP089932.1	1705890	1708697	+
LU633_RS09000	LU633_RS09000	cytochrome ubiquinol oxidase subunit I	0.190330833003477	-0.046901611533932	-0.219565393287626	0.43688424097454	cydA	NZ_CP089932.1	1713461	1715047	+
LU633_RS09005	LU633_RS09005	cytochrome d ubiquinol oxidase subunit II	0.0422902821284367	-0.0524868548813215	0.513577872050043	0.0537520977119645	cydB	NZ_CP089932.1	1715044	1716183	+
LU633_RS09015	LU633_RS09015	tol-pal system-associated acyl-CoA thioesterase	-1.62342854913947	0.111267071999548	0.972993348271098	-1.89087216410063	ybgC	NZ_CP089932.1	1716794	1717198	+
LU633_RS09045	LU633_RS09045	cell division protein CpoB	-0.172235765883772	-0.433893644250697	0.025152356848579	-0.265354253321858	cpoB	NZ_CP089932.1	1721477	1722253	+
LU633_RS09060	LU633_RS09060	helix-turn-helix domain-containing protein	0.174999634019069	0.183063168830056	0.603942636799715	0.36844336256572		NZ_CP089932.1	1722796	1724170	-
LU633_RS09065	LU633_RS09065	methylated-DNA--[protein]-cysteine S-methyltransferase	-0.183248165642668	-0.113759157313239	0.28186981921886	-0.119459569881448		NZ_CP089932.1	1724344	1724871	+
LU633_RS09070	LU633_RS09070	quinolinate synthase NadA	-0.546776678940015	-0.369662906647485	-0.618770216079845	0.619347183351125	nadA	NZ_CP089932.1	1724992	1726025	+
LU633_RS09075	LU633_RS09075	nicotinamide riboside transporter PnuC	-1.35307296143917	-1.18024153541573	1.25301934566436	0.785569153125816	pnuC	NZ_CP089932.1	1726062	1726772	+
LU633_RS09080	LU633_RS09080	cation diffusion facilitator family transporter	-0.0603317006940807	-0.0636531715026762	-0.234077166693273	-0.241485367103614		NZ_CP089932.1	1726826	1727314	-
LU633_RS09100	LU633_RS09100	YbgS-like family protein	-0.0898910928943772	-0.0165623531371475	-0.299408627504906	0.768910997645061		NZ_CP089932.1	1729547	1729901	-
LU633_RS09105	LU633_RS09105	3-deoxy-7-phosphoheptulonate synthase AroG	0.187174449207954	0.320622508103801	-0.092528962163301	0.175647820474759	aroG	NZ_CP089932.1	1730185	1731237	+
LU633_RS09115	LU633_RS09115	galactose-1-epimerase	0.136503000191527	0.182451022819964	0.0660174863261334	-0.533913613330133	galM	NZ_CP089932.1	1732198	1733238	-
LU633_RS09120	LU633_RS09120	galactokinase	0.379410017248379	0.189866010051397	-0.377264804966775	-0.482131354766495	galK	NZ_CP089932.1	1733232	1734380	-
LU633_RS09125	LU633_RS09125	galactose-1-phosphate uridylyltransferase	0.0271465447281422	0.209326610034418	-2.46902033099429	-1.19003426559421	galT	NZ_CP089932.1	1734383	1735429	-
LU633_RS09135	LU633_RS09135	hypothetical protein	0.700269856934069	-0.942284060178332	0.849881048747763	0.596965531081903		NZ_CP089932.1	1736319	1736516	+
LU633_RS09140	LU633_RS09140	APC family permease	-0.435760544292369	-0.477664703678942	-0.513332255788232	-0.112365239046783		NZ_CP089932.1	1736506	1737873	+
LU633_RS09155	LU633_RS09155	IS21 family transposase	0.042704238058222	0.283460457387658	0.484725256863274	0.400325878517895	istA	NZ_CP089932.1	1739117	1740646	+
LU633_RS09180	LU633_RS09180	IS200/IS605 family transposase	0.423824421007135	0.128174327666715	-0.706582363991646	-0.494293497284856	tnpA	NZ_CP089932.1	1743589	1744035	-
LU633_RS09185	LU633_RS09185	exodeoxyribonuclease I	-0.0107927290980153	-0.137630374469992	0.187780087300547	-0.144671908388596	sbcB	NZ_CP089932.1	1744422	1745849	-
LU633_RS09200	LU633_RS09200	hypothetical protein	0.541302789506158	0.0146149439447196	-0.270966916936415	0.33081602405004		NZ_CP089932.1	1748084	1749086	+
LU633_RS09205	LU633_RS09205	acyltransferase	-0.0844858470182772	0.0597458281712324	0.409840828268775	-0.0348432391250586		NZ_CP089932.1	1749368	1750228	-
LU633_RS09215	LU633_RS09215	acyltransferase family protein	-0.123673427934088	0.0206691563440126	-0.577623282629396	0.0647661129535468		NZ_CP089932.1	1751613	1751942	-
LU633_RS09230	LU633_RS09230	family 10 glycosylhydrolase	0.196018672611149	0.0124023808126142	0.281429130988313	0.445609593341483		NZ_CP089932.1	1753134	1754307	+
LU633_RS09240	LU633_RS09240	hypothetical protein	0.240172537861624	0.443173491229857	0.0941289715501252	0.825697563917674		NZ_CP089932.1	1755172	1755594	+
LU633_RS09250	LU633_RS09250	hypothetical protein	0.218128431912235	0.149681191604379	0.0457949197526213	0.606914038269634		NZ_CP089932.1	1756026	1756793	+
LU633_RS09255	LU633_RS09255	ATP-binding protein	-0.0684132421502963	-0.116283111779099	-2.25113511677001	-0.494492321133742		NZ_CP089932.1	1756781	1757104	+
LU633_RS09265	LU633_RS09265	ISL3 family transposase	0.290935065559267	0.0116181095755272	0.260064380935813	0.566864470360708		NZ_CP089932.1	1758496	1759735	+
LU633_RS09275	LU633_RS09275	DJ-1/PfpI family protein	-0.280714559428851	-0.23554222539953	0.263694059994097	0.163477265647275		NZ_CP089932.1	1761125	1761715	-
LU633_RS09280	LU633_RS09280	lytic murein transglycosylase B	0.0093116112877723	0.0483478650390003	0.394899642855846	0.141021157684209	mltB	NZ_CP089932.1	1761925	1763004	+
LU633_RS09290	LU633_RS09290	recombinase RecA	-1.27137021561814	-1.81395115054376	-1.12870752081584	-0.843233620591523	recA	NZ_CP089932.1	1764265	1765332	+
LU633_RS09295	LU633_RS09295	recombination regulator RecX	0.355602999999751	0.0954695468481067	0.404484056903819	-0.445917710068979		NZ_CP089932.1	1765468	1765974	+
LU633_RS09325	LU633_RS09325	fructose-1-phosphate/6-phosphogluconate phosphatase	-0.649976697806849	-0.441145387712386	0.848066049478465	-1.01794591411461	yqaB	NZ_CP089932.1	1770090	1770656	+
LU633_RS09330	LU633_RS09330	DedA family protein	-0.95239160564139	-0.693474898817671	0.541885522284895	0.0312829303021724		NZ_CP089932.1	1770653	1771081	+
LU633_RS09335	LU633_RS09335	glutamate--cysteine ligase	-3.46895895157396	-3.25564443063007	0.403146913270123	0.263433189881258	gshA	NZ_CP089932.1	1771150	1772709	+
LU633_RS09340	LU633_RS09340	S-ribosylhomocysteine lyase	-0.90545737329599	-0.887853445940813	-0.503984019370916	0.202356787618011	luxS	NZ_CP089932.1	1772860	1773375	+
LU633_RS09345	LU633_RS09345	HlyC/CorC family transporter	0.0801942866047889	0.112186914336031	0.505546126807739	1.2610123735689		NZ_CP089932.1	1773434	1774720	-
LU633_RS09350	LU633_RS09350	inner membrane protein YpjD	0.106917322568339	0.317471049618713	-0.651359875202407	-0.642050043460418		NZ_CP089932.1	1774746	1775537	-
LU633_RS09380	LU633_RS09380	M66 family metalloprotease	0.0176773929045202	-0.0645645544603868	0.038809229852476	0.216336422580046		NZ_CP089932.1	1779712	1782918	-
LU633_RS09390	LU633_RS09390	3-deoxy-7-phosphoheptulonate synthase	-1.94883685397806	-1.29353465343684	0.331389190889207	-0.110542830712785		NZ_CP089932.1	1784240	1785319	+
LU633_RS09395	LU633_RS09395	bifunctional chorismate mutase/prephenate dehydrogenase	-2.634366232395	-2.29774516538827	-0.86406420437973	-1.92790783930769	tyrA	NZ_CP089932.1	1785322	1786443	+
LU633_RS09400	LU633_RS09400	ATP-dependent RNA helicase SrmB	1.02293233651207	0.805088286140367	-0.261288013081909	-0.759110159982382	srmB	NZ_CP089932.1	1786572	1787894	-
LU633_RS09405	LU633_RS09405	tRNA1(Val) (adenine(37)-N6)-methyltransferase	-0.243581883730719	0.0101942616161141	0.396562349717706	0.634374214259937		NZ_CP089932.1	1788026	1788763	+
LU633_RS09410	LU633_RS09410	L-aspartate oxidase	-0.0097760801008585	-0.15206600225294	0.0804945884734629	0.0222758611469647	nadB	NZ_CP089932.1	1788764	1790374	-
LU633_RS09415	LU633_RS09415	RNA polymerase sigma factor RpoE	0.390077743755317	0.071573970012497	-5.40563106417424	-6.1642086286796	rpoE	NZ_CP089932.1	1790834	1791409	+
LU633_RS09425	LU633_RS09425	sigma-E factor regulatory protein RseB	-3.69252897767361	-2.4533735735992	-0.940345056039643	-0.529537984127371	rseB	NZ_CP089932.1	1792090	1793043	+
LU633_RS09430	LU633_RS09430	SoxR-reducing system protein RseC	-2.16919723405866	-2.43396446232098	-4.88146128190913	-1.71174784769536	rseC	NZ_CP089932.1	1793040	1793498	+
LU633_RS09445	LU633_RS09445	translation elongation factor 4	-2.09192148736902	-1.38601043770779	-0.568734466254184	-0.90930223761611	lepA	NZ_CP089932.1	1795978	1797777	+
LU633_RS09455	LU633_RS09455	ribonuclease III	-0.148281651951367	-0.238403222464241	-2.81715804280054	-1.48848467317047	rnc	NZ_CP089932.1	1798896	1799576	+
LU633_RS09465	LU633_RS09465	DNA repair protein RecO	-0.298464227945725	-0.217634495942974	-0.352621650999022	-0.32348163386606	recO	NZ_CP089932.1	1800483	1801217	+
LU633_RS09480	LU633_RS09480	YfhL family 4Fe-4S dicluster ferredoxin	-0.070289017890429	-0.0175774517136438	1.30683736119005	0.24830269762605		NZ_CP089932.1	1802435	1802692	-
LU633_RS09495	LU633_RS09495	recombinase	-0.137027547722949	-0.371518466827422	-0.400609628122655	-0.373703818751969		NZ_CP089932.1	1804985	1805542	+
LU633_RS09515	LU633_RS09515	hypothetical protein	0.170264558564415	-0.0898235497525385	-0.168803164086389	-0.197039833573176		NZ_CP089932.1	1808574	1809566	-
LU633_RS09525	LU633_RS09525	hypothetical protein	0.021505950390844	-0.0038852606410242	0.347124027642368	0.115555950693651		NZ_CP089932.1	1810209	1811219	-
LU633_RS09530	LU633_RS09530	IS3 family transposase	0.140495717335669	-0.110429205669448	0.243313129216083	-0.0492922702755316		NZ_CP089932.1	1811327	1812472	-
LU633_RS09535	LU633_RS09535	LysR family transcriptional regulator	0.170203152895058	-0.113496293587828	-0.754174662562363	-1.01868204254172		NZ_CP089932.1	1812605	1812772	+
LU633_RS09540	LU633_RS09540	Cys-tRNA(Pro)/Cys-tRNA(Cys) deacylase YbaK	0.205443303597394	-0.0725801173787577	0.57189272139135	-0.0124656149008382	ybaK	NZ_CP089932.1	1812791	1813270	-
LU633_RS09545	LU633_RS09545	TraB/GumN family protein	0.703842882866464	0.544711650002252	0.213878775155019	-0.842103086362059		NZ_CP089932.1	1813935	1814735	-
LU633_RS09550	LU633_RS09550	copper-exporting P-type ATPase CopA	0.0309730095003766	-0.0929460288375068	0.0437121988136364	0.100151250177126	copA	NZ_CP089932.1	1814804	1817317	-
LU633_RS09555	LU633_RS09555	Cu(I)-responsive transcriptional regulator	0.787893044982088	0.578863049290765	-1.08667276328534	0.930308836781044	cueR	NZ_CP089932.1	1818481	1818870	+
LU633_RS09560	LU633_RS09560	NfeD family protein	0.121873877936273	0.215604710486852	-0.216051022906715	0.436259533438956		NZ_CP089932.1	1819598	1820047	-
LU633_RS09565	LU633_RS09565	SPFH/Band 7/PHB domain protein	-0.146773497190055	-0.62752035413726	-0.57047050086771	0.470345674531891		NZ_CP089932.1	1820044	1820958	-
LU633_RS09570	LU633_RS09570	co-chaperone YbbN	-0.172451357450392	-0.131944055379753	-0.0689687840512896	0.198729236252264		NZ_CP089932.1	1821075	1821932	-
LU633_RS09575	LU633_RS09575	SDR family oxidoreductase	1.09257140578797	0.807331239905823	-0.932690552195912	-0.412466850174615		NZ_CP089932.1	1821986	1822822	-
LU633_RS09580	LU633_RS09580	multifunctional acyl-CoA thioesterase I/protease I/lysophospholipase L1	0.578716594969286	0.349269861733982	-0.3565156481213	-0.160322524235161	tesA	NZ_CP089932.1	1822815	1823438	-
LU633_RS09590	LU633_RS09590	ABC transporter permease	0.205963379003186	-0.022313856490223	-0.362520788116908	0.875113369703296		NZ_CP089932.1	1824092	1826509	+
LU633_RS09595	LU633_RS09595	5-(carboxyamino)imidazole ribonucleotide synthase	-3.95018505601584	-4.96775908609697	-6.25177664689113	-4.18480055792901	purK	NZ_CP089932.1	1826647	1827729	-
LU633_RS09600	LU633_RS09600	5-(carboxyamino)imidazole ribonucleotide mutase	-4.0742060185776	-6.08956303232056	-4.85079397753793	-3.04719263948656	purE	NZ_CP089932.1	1827726	1828235	-
LU633_RS09650	LU633_RS09650	integrase arm-type DNA-binding domain-containing protein	0.272927707570869	0.096812621794763	-0.046748137450356	0.0930212738524809		NZ_CP089932.1	1837956	1838599	+
LU633_RS09660	LU633_RS09660	hypothetical protein	0.278824615403358	0.0511021625273848	1.07762452102992	0.43073711693227		NZ_CP089932.1	1839848	1840036	+
LU633_RS09665	LU633_RS09665	hypothetical protein	-0.394720042340782	-0.153300823532065	0.200624647777013	0.674435207672014		NZ_CP089932.1	1840180	1840506	+
LU633_RS09670	LU633_RS09670	DUF4225 domain-containing protein	-0.400722838653977	0.224990924167509	0.322333988586056	0.477464423979609		NZ_CP089932.1	1840503	1841312	-
LU633_RS09675	LU633_RS09675	type VI secretion system tube protein Hcp	0.219661898133132	-0.0336221686475344	0.143818835827363	0.199521385458262		NZ_CP089932.1	1841389	1841871	+
LU633_RS09690	LU633_RS09690	hypothetical protein	0.688073540868037	0.822983236685234	2.29697573997859	4.17669352739605		NZ_CP089932.1	1843658	1843957	-
LU633_RS09705	LU633_RS09705	EexN family lipoprotein	-0.2089680053229	-0.228577383154276	-0.227904269818419	0.543737776263336		NZ_CP089932.1	1846704	1846892	+
LU633_RS09730	LU633_RS09730	recombinase family protein	-0.215461941946499	0.0055508518657762	0.555931487654082	0.370874042819729		NZ_CP089932.1	1851581	1851784	+
LU633_RS09735	LU633_RS09735	lytic murein transglycosylase	-0.138285605213451	0.0696136174871159	0.0849283762874886	0.367363801483393		NZ_CP089932.1	1852200	1853507	-
LU633_RS09740	LU633_RS09740	DDE-type integrase/transposase/recombinase	0.42252054042064	0.547112605714037	0.147952394736961	0.296952340633832		NZ_CP089932.1	1854077	1854529	-
LU633_RS09745	LU633_RS09745	transposase	0.0758243060359924	0.013406695984056	-0.249063569658198	0.584800428911224		NZ_CP089932.1	1854524	1855267	-
LU633_RS09750	LU633_RS09750	DUF3757 domain-containing protein	0.168169291637733	-0.0566795066804163	0.376267719429647	-0.0854911475042137		NZ_CP089932.1	1855361	1855834	-
LU633_RS09775	LU633_RS09775	CopG family ribbon-helix-helix protein	0.265674085264389	0.0594994430045794	0.582076892322488	-0.310377266970896		NZ_CP089932.1	1858168	1858446	+
LU633_RS09780	LU633_RS09780	type II toxin-antitoxin system RelE/ParE family toxin	-0.1672371051685	-0.611009365139522	-0.915058578195597	0.691401687254412		NZ_CP089932.1	1858434	1858745	+
LU633_RS09785	LU633_RS09785	DDE-type integrase/transposase/recombinase	-0.0507865420090181	-0.182097502081035	-1.40515443857903	-0.36614608056096		NZ_CP089932.1	1858871	1859305	+
LU633_RS09790	LU633_RS09790	IS91 family transposase	-0.647859729073843	-0.0825815609289412	0.653388387641908	1.09072568132334		NZ_CP089932.1	1859470	1860687	-
LU633_RS09795	LU633_RS09795	hypothetical protein	-0.032972463441914	-0.178217438998201	-0.0953885054646471	-0.137025344447735		NZ_CP089932.1	1860674	1860904	-
LU633_RS09815	LU633_RS09815	FAD-binding oxidoreductase	0.0264533881509553	0.0569930275038242	0.477925663850726	1.31517210433042		NZ_CP089932.1	1862577	1863290	-
LU633_RS09850	LU633_RS09850	FAD/NAD(P)-binding protein	0.232564567364267	-0.0024755480197143	-0.803635757066187	0.739804245976678		NZ_CP089932.1	1868155	1869603	+
LU633_RS09855	LU633_RS09855	permease	-0.17181070631904	0.173041406501071	-0.858631725539003	-0.333890757908404		NZ_CP089932.1	1869527	1870486	+
LU633_RS09865	LU633_RS09865	hypothetical protein	0.245783311770165	0.037053571948866	-0.0180224140678298	0.524741521619733		NZ_CP089932.1	1870962	1871600	+
LU633_RS09885	LU633_RS09885	integrase arm-type DNA-binding domain-containing protein	0.144492537807841	0.001629011435183	1.01777397810612	0.019029149342241		NZ_CP089932.1	1874184	1875350	-
LU633_RS09890	LU633_RS09890	DUF6387 family protein	-0.228679918662967	0.0692616574646966	0.493831204951549	0.12330583833954		NZ_CP089932.1	1875782	1876030	+
LU633_RS09895	LU633_RS09895	DUF6387 family protein	0.100796137818737	0.173712338561396	0.224614327171672	1.20848580921075		NZ_CP089932.1	1876198	1876740	+
LU633_RS09920	LU633_RS09920	integrase arm-type DNA-binding domain-containing protein	-0.170866153151425	-0.128681236993017	-0.164161055545908	-0.0428255281601353		NZ_CP089932.1	1880630	1881913	-
LU633_RS09930	LU633_RS09930	AMP nucleosidase	-0.123729319997376	-0.110305783601121	0.0265669838027442	0.490980271550749		NZ_CP089932.1	1882587	1884038	-
LU633_RS09935	LU633_RS09935	MFS transporter	0.206840510857034	0.117675337940103	0.24294067397706	0.247947657561381		NZ_CP089932.1	1884380	1885516	-
LU633_RS09940	LU633_RS09940	HTH-type transcriptional regulator Cbl	0.477486759979249	0.249377104738594	0.589182889512932	-0.615902767270606	cbl	NZ_CP089932.1	1886183	1887145	+
LU633_RS09945	LU633_RS09945	hypothetical protein	0.16266243129518	0.217612014518259	0.0629229067480461	-0.0285471623628648		NZ_CP089932.1	1887192	1887734	+
LU633_RS09955	LU633_RS09955	ribonuclease E	0.772316083216771	-0.0490711760747057	0.59177750008193	0.355597693313596	rne	NZ_CP089932.1	1888645	1891926	-
LU633_RS09960	LU633_RS09960	23S rRNA pseudouridine(955/2504/2580) synthase RluC	0.061136880218193	0.601499181649734	-0.320656176831736	0.484778859742654	rluC	NZ_CP089932.1	1892496	1893458	+
LU633_RS09965	LU633_RS09965	Maf-like protein	-0.118608721551508	-0.140832684965416	-1.62867055327797	-0.833029517091099		NZ_CP089932.1	1893501	1894085	-
LU633_RS09980	LU633_RS09980	phosphate acyltransferase PlsX	-1.87210116244669	-0.773241868717808	-0.640034230966991	-0.450710245681188	plsX	NZ_CP089932.1	1894958	1895992	+
LU633_RS10005	LU633_RS10005	beta-ketoacyl-ACP synthase II	0.54555876804915	0.558367244071075	-1.63409813847028	-1.48545114777666	fabF	NZ_CP089932.1	1899123	1900364	+
LU633_RS10010	LU633_RS10010	aminodeoxychorismate lyase	0.346807230224619	0.251952266349647	0.33417272586749	0.171162366468787	pabC	NZ_CP089932.1	1900601	1901395	+
LU633_RS10015	LU633_RS10015	cell division protein YceG	0.322493996595497	0.348344731010833	-0.949956068892509	-0.758617040291726	yceG	NZ_CP089932.1	1901407	1902426	+
LU633_RS10030	LU633_RS10030	metal-dependent hydrolase	-0.395880164295292	-0.123692771131204	0.144624522085858	-0.0518486355062888		NZ_CP089932.1	1904051	1904845	+
LU633_RS10035	LU633_RS10035	PTS glucose transporter subunit IIBC	-0.884155947546771	-1.20895045216908	-0.622507247133805	-0.836358338922573	ptsG	NZ_CP089932.1	1905103	1906536	+
LU633_RS10040	LU633_RS10040	purine nucleoside phosphoramidase	-0.552676594893935	-0.482245049785153	-0.734923254753423	-0.855583101184922	hinT	NZ_CP089932.1	1906727	1907077	+
LU633_RS10045	LU633_RS10045	YcfL family protein	0.0158193941498905	-0.213401660536138	-0.131616792759313	0.0856995982780728		NZ_CP089932.1	1907127	1907474	+
LU633_RS10050	LU633_RS10050	penicillin-binding protein activator LpoB	-1.09214757493479	-1.46757292387962	-3.6237285068338	-1.23960853015456	lpoB	NZ_CP089932.1	1907516	1908082	+
LU633_RS10060	LU633_RS10060	beta-N-acetylhexosaminidase	-0.231070870364957	-0.429723771123002	-0.0527568531465392	-0.516538197497925	nagZ	NZ_CP089932.1	1908921	1909949	+
LU633_RS10065	LU633_RS10065	alpha/beta hydrolase YcfP	-0.192783759790397	-0.173535672171498	-0.950082302018519	-0.289091660417042	ycfP	NZ_CP089932.1	1909978	1910538	+
LU633_RS10070	LU633_RS10070	IS5 family transposase	-0.0486650960245779	0.0210611617292471	0.118204880319306	0.63311104215656		NZ_CP089932.1	1910598	1911446	+
LU633_RS10075	LU633_RS10075	NAD(P)/FAD-dependent oxidoreductase	0.242698257422179	0.0756433115444657	0.173927806425254	-0.166356513108526		NZ_CP089932.1	1911781	1913073	+
LU633_RS10080	LU633_RS10080	glycine zipper 2TM domain-containing protein	-0.440522044312024	-0.500677015035031	-2.09522993704293	-2.22677009008052		NZ_CP089932.1	1913359	1913898	+
LU633_RS10085	LU633_RS10085	transcription-repair coupling factor	1.40434270520669	1.05780912142656	0.0898532899287872	0.580454069627446	mfd	NZ_CP089932.1	1914485	1917928	-
LU633_RS10090	LU633_RS10090	hypothetical protein	-0.612731477744036	-0.420667428710456	0.146582658247426	-1.08740365078953		NZ_CP089932.1	1918011	1918192	-
LU633_RS10110	LU633_RS10110	terminase large subunit	0.0664801062273661	-0.0921131885851866	-0.320354180024574	0.213168252240236		NZ_CP089932.1	1920072	1921729	-
LU633_RS10135	LU633_RS10135	membrane protein	0.226410894528832	0.107393444998888	0.0383428069823351	0.304689896184739		NZ_CP089932.1	1923603	1924619	-
LU633_RS10145	LU633_RS10145	hypothetical protein	-0.507409877724888	0.109845499338578	-1.30293050293312	0.387043236623281		NZ_CP089932.1	1925112	1925270	+
LU633_RS10150	LU633_RS10150	hypothetical protein	-0.0849423969983772	0.0072546581691862	0.414690501251398	-0.314605160251171		NZ_CP089932.1	1925304	1925708	-
LU633_RS10155	LU633_RS10155	hypothetical protein	-0.0691203408931806	-0.0318472980960927	-0.497553323981793	0.284651674187947		NZ_CP089932.1	1925710	1926708	-
LU633_RS10160	LU633_RS10160	phage tail protein	0.0610569616219779	0.106999785203439	0.436532943122455	-0.0030093761676444		NZ_CP089932.1	1926979	1927302	+
LU633_RS10165	LU633_RS10165	IS5/IS1182 family transposase	0.0326526936743101	0.135788856525996	-0.0590260850651803	0.767986157060521		NZ_CP089932.1	1927381	1927828	+
LU633_RS10170	LU633_RS10170	IS5 family transposase	-0.0513234972599932	0.241607013242687	0.275026470736381	-0.229819305155013		NZ_CP089932.1	1927866	1928710	+
LU633_RS10190	LU633_RS10190	NAD-dependent protein deacylase	-0.901165163726511	-0.714088483532241	-0.0492146442366017	-0.448614168422428	cobB	NZ_CP089932.1	1932259	1933092	+
LU633_RS10195	LU633_RS10195	metal ABC transporter permease	0.112635766089259	0.0368741687008184	-1.16331620492541	0.163911452125297		NZ_CP089932.1	1933143	1934006	-
LU633_RS10205	LU633_RS10205	manganese/iron ABC transporter ATP-binding protein	0.162237446974455	-0.483339271047359	-0.356962183197701	-1.06041337050165		NZ_CP089932.1	1934874	1935683	-
LU633_RS10210	LU633_RS10210	metal ABC transporter substrate-binding protein	-0.156140252680583	0.153676983722885	-0.376064391498043	0.100501644014562		NZ_CP089932.1	1935680	1936597	-
LU633_RS10215	LU633_RS10215	benzoate/H(+) symporter BenE family transporter	-0.0331200358335451	0.0544264129663826	-0.304271791799694	0.841633185000089		NZ_CP089932.1	1936789	1937928	-
LU633_RS10220	LU633_RS10220	XRE family transcriptional regulator	0.214796527681187	-0.383297260806639	-0.467511619702852	-1.21976970454767		NZ_CP089932.1	1938046	1938584	+
LU633_RS10225	LU633_RS10225	peptidase T	-0.104398456271394	-0.175489949387784	0.444710279915501	0.23741147753241	pepT	NZ_CP089932.1	1938681	1939916	+
LU633_RS10230	LU633_RS10230	cupin domain-containing protein	0.0463020462853997	0.0346104467572835	0.027343736639724	-0.257521947809776		NZ_CP089932.1	1940016	1941143	-
LU633_RS10235	LU633_RS10235	two-component system sensor histidine kinase PhoQ	1.17177557108026	0.742746066564781	0.182304061018156	-0.068541267947446	phoQ	NZ_CP089932.1	1941236	1942696	-
LU633_RS10240	LU633_RS10240	two-component system response regulator PhoP	2.28900805657109	1.59681586059316	-0.753262769802205	-0.610753979062721	phoP	NZ_CP089932.1	1942701	1943372	-
LU633_RS10245	LU633_RS10245	adenylosuccinate lyase	-3.81932589279495	-5.15747918457811	-4.80744866132929	-3.93982287856528	purB	NZ_CP089932.1	1943493	1944863	-
LU633_RS10250	LU633_RS10250	high frequency lysogenization protein HflD	-0.0022361350065883	-0.135321185665478	-0.37783414687449	-1.52726864683133	hflD	NZ_CP089932.1	1944884	1945528	-
LU633_RS10260	LU633_RS10260	NUDIX hydrolase	0.543340267510303	0.449940774354107	0.0892795216964737	0.263659296447178		NZ_CP089932.1	1946751	1947227	-
LU633_RS10265	LU633_RS10265	23S rRNA pseudouridine(2457) synthase RluE	-0.108787827943575	-0.059958075369938	-0.556014680937826	0.368725930506273	rluE	NZ_CP089932.1	1947258	1947920	-
LU633_RS10275	LU633_RS10275	site-specific integrase	0.097931902582943	0.109511596264865	0.125167114933047	0.120389276821268		NZ_CP089932.1	1949394	1950527	-
LU633_RS10280	LU633_RS10280	excisionase	0.274350056937663	0.0065925372009139	-0.0419349119728001	0.986743533332293		NZ_CP089932.1	1950502	1950753	-
LU633_RS10335	LU633_RS10335	Cro/CI family transcriptional regulator	0.146789715740224	0.291165935249709	0.648401449108803	-0.751338491843163		NZ_CP089932.1	1959184	1959417	+
LU633_RS10350	LU633_RS10350	hypothetical protein	-0.257369315283695	-0.0327671589787392	-0.134207493431084	0.0171552555904979		NZ_CP089932.1	1960343	1961056	+
LU633_RS10355	LU633_RS10355	ATP-binding protein	-0.196056814980829	-0.0826178765466996	0.586391383589005	0.186467243499799		NZ_CP089932.1	1961059	1961805	+
LU633_RS10365	LU633_RS10365	hypothetical protein	-0.0598040209246802	0.102548365697128	-0.228431758685716	-0.009007053508806		NZ_CP089932.1	1962697	1962939	+
LU633_RS10370	LU633_RS10370	HNH endonuclease	0.176489058510544	0.0302293500980144	-0.21483316011517	0.82756249747696		NZ_CP089932.1	1962929	1963528	+
LU633_RS10390	LU633_RS10390	DUF1367 family protein	0.0775338534098188	-0.0344771783163297	-1.1398098001144	-0.245874154561703		NZ_CP089932.1	1965960	1966559	+
LU633_RS10395	LU633_RS10395	phage N-6-adenine-methyltransferase	0.143262817058239	-0.303600486663847	-0.816625918366218	-0.263239467016151		NZ_CP089932.1	1966556	1967209	+
LU633_RS10405	LU633_RS10405	hypothetical protein	0.799494678831589	-0.384341881058579	-2.57185345590432	-0.304648373818967		NZ_CP089932.1	1967499	1967882	+
LU633_RS10410	LU633_RS10410	bacteriophage antitermination protein Q	0.249402728195898	0.0875361087995838	0.251226062597552	0.168173776362335		NZ_CP089932.1	1967879	1968577	+
LU633_RS10415	LU633_RS10415	DUF2767 family protein	-0.0370008005127602	-0.189546490035371	-0.496727604793116	0.278353464071985		NZ_CP089932.1	1968711	1968914	+
LU633_RS10420	LU633_RS10420	phage holin, lambda family	0.308997370602374	-0.130304923042264	2.01056233809607	0.309111514117573		NZ_CP089932.1	1969072	1969398	+
LU633_RS10440	LU633_RS10440	type II toxin-antitoxin system RelE/ParE family toxin	0.0505326610012938	-0.130332226840558	-0.58979678915466	1.29154771361099		NZ_CP089932.1	1970825	1971112	-
LU633_RS10450	LU633_RS10450	ORF6N domain-containing protein	0.258527550438677	0.0088822754411269	0.148833943131896	0.508205811089426		NZ_CP089932.1	1971703	1972299	+
LU633_RS10470	LU633_RS10470	phage N-6-adenine-methyltransferase	0.371900320366277	-0.220515384225287	-0.0040343483120473	0.604358190007132		NZ_CP089932.1	1973732	1974385	+
LU633_RS10475	LU633_RS10475	DNA (cytosine-5-)-methyltransferase	0.003286393664562	-0.0968631141466961	0.0135400300132569	0.405105167068295	dcm	NZ_CP089932.1	1974382	1975848	+
LU633_RS10485	LU633_RS10485	hypothetical protein	-1.57323186394706	0.057771367446924	-1.38170969781553	-1.66787020898565		NZ_CP089932.1	1976135	1976512	+
LU633_RS10490	LU633_RS10490	bacteriophage antitermination protein Q	0.242537523687804	-0.266605727419298	0.266619402251087	0.106621216969564		NZ_CP089932.1	1976520	1977206	+
LU633_RS10495	LU633_RS10495	hypothetical protein	0.437565915083789	0.0222480632320178	-1.2003115328291	-0.429182415302754		NZ_CP089932.1	1977370	1977474	+
LU633_RS10500	LU633_RS10500	phage holin family protein	-0.0690291663925827	-0.207821023385361	-0.0984211871927494	-0.145754031755697		NZ_CP089932.1	1977696	1978016	+
LU633_RS10530	LU633_RS10530	DEAD/DEAH box helicase family protein	-0.0086019100007156	-0.077214894955037	0.197186355536865	0.156407430635419		NZ_CP089932.1	1983303	1986260	-
LU633_RS10535	LU633_RS10535	site-specific DNA-methyltransferase	0.170249169121918	0.0743956249336254	0.460139390526445	-0.140528168704919		NZ_CP089932.1	1986270	1986722	-
LU633_RS10545	LU633_RS10545	site-specific DNA-methyltransferase	0.382753708484224	-0.0005037298070567	0.0030553308477885	-0.01996029839699		NZ_CP089932.1	1988024	1989649	-
LU633_RS10550	LU633_RS10550	integrase arm-type DNA-binding domain-containing protein	-0.244019190417771	-0.0253352583072451	0.209781906461398	0.448428867664928		NZ_CP089932.1	1989829	1991100	-
LU633_RS10560	LU633_RS10560	hypothetical protein	-0.16743816708915	-0.0999545377288259	0.559139091811666	-0.100142764737697		NZ_CP089932.1	1991686	1992278	-
LU633_RS10575	LU633_RS10575	epoxyqueuosine reductase QueH	0.103454424466691	0.0618837717515917	-0.0895438842285228	-0.500256293821749		NZ_CP089932.1	1993482	1994138	-
LU633_RS10580	LU633_RS10580	DNA cytosine methyltransferase	0.144195389516856	0.0787317980675069	-0.255187072490771	0.753432285155279		NZ_CP089932.1	1994346	1995716	+
LU633_RS10585	LU633_RS10585	DNA mismatch endonuclease Vsr	0.626577927284369	-0.348090231849171	3.18390410436004	2.79772792128588	vsr	NZ_CP089932.1	1995838	1996308	+
LU633_RS10590	LU633_RS10590	hypothetical protein	-0.133950453600999	0.353765466310581	-0.466490072043254	-0.533201880539235		NZ_CP089932.1	1996423	1996689	+
LU633_RS10595	LU633_RS10595	DUF808 family protein	0.119321038250212	0.21252105826795	-0.0601203018180676	-0.118539759746991		NZ_CP089932.1	1996707	1997155	+
LU633_RS10600	LU633_RS10600	IS256 family transposase	-0.114346771874442	-0.160363371403422	-0.432961466065108	-1.42792320012718		NZ_CP089932.1	1997190	1998398	-
LU633_RS10605	LU633_RS10605	DUF808 family protein	0.0140753640942872	0.0113194395062082	0.365432123295949	0.217775014025954		NZ_CP089932.1	1998473	1998937	+
LU633_RS10615	LU633_RS10615	hypothetical protein	0.139861332653396	0.340341443058548	0.553361951960613	0.180176935603962		NZ_CP089932.1	2000134	2000277	+
LU633_RS10620	LU633_RS10620	lysozyme	-0.240650039670427	-0.288574175540313	-0.350919346381967	0.285243742484705		NZ_CP089932.1	2001391	2001877	+
LU633_RS10625	LU633_RS10625	hypothetical protein	0.385215660091427	0.100902095147573	-0.446359662693464	2.43296195261913		NZ_CP089932.1	2001853	2002157	+
LU633_RS10630	LU633_RS10630	amylovoran biosynthesis protein AmsF	0.071124771016892	0.133818921360496	-0.29208657187291	-0.101171070315904		NZ_CP089932.1	2002294	2004058	+
LU633_RS10635	LU633_RS10635	hypothetical protein	-0.187753475872867	0.0187507668912864	0.198927514977083	-0.335847867053949		NZ_CP089932.1	2004418	2004621	+
LU633_RS10655	LU633_RS10655	type VI secretion system tube protein Hcp	-0.360231379955635	0.0184405557016628	-0.334123942466371	1.48003091664971		NZ_CP089932.1	2007684	2007749	-
LU633_RS10660	LU633_RS10660	muramoyltetrapeptide carboxypeptidase	-2.21916701824449	-2.56495481441636	-2.97978813641743	-3.17116142735593	ldcA	NZ_CP089932.1	2008067	2008990	-
LU633_RS10665	LU633_RS10665	membrane-bound lytic murein transglycosylase EmtA	0.467257352331061	-0.287651946802491	0.929487998745229	-0.482692883378273	emtA	NZ_CP089932.1	2009257	2009889	+
LU633_RS10670	LU633_RS10670	flagellar brake protein	-0.176783459200005	0.022911134507827	-0.272785332685396	-0.430541738212837		NZ_CP089932.1	2010014	2010745	-
LU633_RS10685	LU633_RS10685	TonB-dependent siderophore receptor	-0.0436193835007068	0.0005419548013603	0.173478697481457	0.259715359533709		NZ_CP089932.1	2012356	2014509	-
LU633_RS10690	LU633_RS10690	alpha,alpha-trehalase TreA	0.127644935761758	-0.029955145171543	0.170180752289773	0.223172960694132	treA	NZ_CP089932.1	2014719	2016392	-
LU633_RS10695	LU633_RS10695	type VI secretion system ImpA family N-terminal domain-containing protein	-0.0156800080280278	0.041978014677019	0.0342063796570651	-0.0693892098304101		NZ_CP089932.1	2016875	2018050	+
LU633_RS10700	LU633_RS10700	DASS family sodium-coupled anion symporter	-0.0528192947722085	0.0508327447550525	0.541024740996171	0.699638163304962		NZ_CP089932.1	2018090	2019529	-
LU633_RS10705	LU633_RS10705	flavocytochrome c	-0.0998855178411604	0.0076596973300937	-0.131503876181129	-0.0549633585634635		NZ_CP089932.1	2020285	2023062	+
LU633_RS10710	LU633_RS10710	peroxiredoxin	0.0767434951896394	-0.244732568078381	-0.347844302915732	-0.0622943855458236		NZ_CP089932.1	2023416	2023920	+
LU633_RS10725	LU633_RS10725	STAS domain-containing protein	0.44172641165268	0.122240915651323	-0.850108915459611	1.22704690562026		NZ_CP089932.1	2025548	2026512	+
LU633_RS10740	LU633_RS10740	EAL domain-containing protein	0.606906480197655	-0.124019192210379	0.367404430161374	0.683843312172637		NZ_CP089932.1	2027515	2028072	+
LU633_RS10765	LU633_RS10765	hypothetical protein	-0.0639943123479683	-0.0513869223851271	-0.425369284247017	-0.0923612017503546		NZ_CP089932.1	2030670	2030852	-
LU633_RS10770	LU633_RS10770	hypothetical protein	0.319030595940189	-0.0262405157936748	-0.111379828870255	0.221897588071262		NZ_CP089932.1	2031040	2032320	-
LU633_RS10785	LU633_RS10785	DUF6388 family protein	-0.0036989971479654	-0.246160855587799	0.219931303616084	-0.58309919564996		NZ_CP089932.1	2034833	2035156	-
LU633_RS10790	LU633_RS10790	lipoprotein	-0.385656757605522	-0.258391877812215	-0.42061294871437	1.18384519088886		NZ_CP089932.1	2035297	2035779	+
LU633_RS10795	LU633_RS10795	alpha-amylase	0.169987355285499	-0.120170177604123	-0.100369467767392	-0.018014577397131	amyA	NZ_CP089932.1	2035826	2036920	-
LU633_RS10810	LU633_RS10810	alpha-amylase	0.206706118136001	-0.213862775432417	-0.922471840770333	-0.396818397452511		NZ_CP089932.1	2039523	2039862	-
LU633_RS10815	LU633_RS10815	flagella biosynthesis regulatory protein FliT	0.300447555002886	0.344801025630623	-1.65315075887605	-0.734133980581122	fliT	NZ_CP089932.1	2039996	2040364	-
LU633_RS10820	LU633_RS10820	flagellar export chaperone FliS	-0.0165177252404437	-0.0742169695736578	1.15916221569411	-0.0786907854084578	fliS	NZ_CP089932.1	2040365	2040772	-
LU633_RS10825	LU633_RS10825	flagellar filament capping protein FliD	0.223420047525599	0.0693318226211959	-0.581626544916323	-0.204412413100975	fliD	NZ_CP089932.1	2040786	2042198	-
LU633_RS10830	LU633_RS10830	FliC/FljB family flagellin	-0.257281983358277	-0.0829407009628472	-0.486971570976177	-0.121341748810197		NZ_CP089932.1	2042479	2043762	+
LU633_RS10915	LU633_RS10915	Mu-like prophage major head subunit gpT family protein	-0.324900972742074	-0.237202869530849	0.107913300388253	-0.0850080436905365		NZ_CP089932.1	2056319	2057242	-
LU633_RS11025	LU633_RS11025	Mu transposase C-terminal domain-containing protein	-0.0154644554169878	-0.086493496066164	-0.532138423291712	-0.112119561242015		NZ_CP089932.1	2070293	2072275	-
LU633_RS11030	LU633_RS11030	helix-turn-helix transcriptional regulator	-1.63059061381796	-2.51091776479919	-4.24955952726553	-4.07151929746593		NZ_CP089932.1	2072567	2073361	+
LU633_RS11045	LU633_RS11045	glycosyltransferase	0.0235370928582286	-0.0263149851336067	-0.260238393514048	0.376256253553935		NZ_CP089932.1	2075271	2078795	+
LU633_RS11050	LU633_RS11050	class I SAM-dependent methyltransferase	0.129610527998323	0.0142187798707968	-0.0616886618110208	0.0095840580075241		NZ_CP089932.1	2078979	2080028	-
LU633_RS11055	LU633_RS11055	NAD(P)-dependent oxidoreductase	0.0875879918265637	0.0846685323922159	0.0333088401797745	-0.196737929709179		NZ_CP089932.1	2080015	2080872	-
LU633_RS11060	LU633_RS11060	dTDP-4-dehydrorhamnose 3,5-epimerase	0.42820946320584	0.104758390950026	-0.138956350536396	0.327831313021764	rfbC	NZ_CP089932.1	2080872	2081414	-
LU633_RS11065	LU633_RS11065	CDP-glucose 4,6-dehydratase	-0.039801348840663	-0.0259842855454805	0.0790001976054715	0.942510537179339	rfbG	NZ_CP089932.1	2081411	2082508	-
LU633_RS11070	LU633_RS11070	glucose-1-phosphate cytidylyltransferase	0.113544969945173	-0.345457109595529	0.199371131565845	0.190835714746582	rfbF	NZ_CP089932.1	2082493	2083263	-
LU633_RS11075	LU633_RS11075	hypothetical protein	-0.277209160268319	0.184517052069921	-0.421102268899892	-0.227095792796279		NZ_CP089932.1	2083287	2084093	-
LU633_RS11080	LU633_RS11080	HNH endonuclease	0.0434832809404885	-0.513369801624905	0.379867925959788	0.563760849711467		NZ_CP089932.1	2084362	2085330	+
LU633_RS11085	LU633_RS11085	RNA polymerase sigma factor FliA	0.172286165581076	-0.001213453137788	-0.0492614653301817	0.0551653187816288		NZ_CP089932.1	2085470	2086192	+
LU633_RS11090	LU633_RS11090	flagella biosynthesis regulatory protein FliZ	-0.41924679965308	-0.377902571688103	0.448948788002216	0.0479753789311308	fliZ	NZ_CP089932.1	2086238	2086741	+
LU633_RS11095	LU633_RS11095	D-cysteine desulfhydrase	-0.0315436468289658	-0.300027040262603	-0.0295989398703635	-0.216287881872911		NZ_CP089932.1	2086831	2087817	+
LU633_RS11100	LU633_RS11100	cystine ABC transporter substrate-binding protein	0.371902727724965	0.0729814415025505	-0.24494055216835	0.423331456577474	tcyJ	NZ_CP089932.1	2087910	2088713	+
LU633_RS11105	LU633_RS11105	cystine ABC transporter permease	-0.313048628322856	-0.36160349069918	-0.486141673218252	-0.193736380780129	tcyL	NZ_CP089932.1	2088713	2089381	+
LU633_RS11110	LU633_RS11110	L-cystine ABC transporter ATP-binding protein YecC	0.440714181010091	0.204654617505532	0.68820603877031	-0.214583877505597	yecC	NZ_CP089932.1	2089378	2090115	+
LU633_RS11115	LU633_RS11115	Ig-like domain-containing protein	0.112554815691331	-0.0097185160957977	0.129498721699406	0.0020524765073257		NZ_CP089932.1	2091279	2098331	+
LU633_RS11120	LU633_RS11120	trifunctional transcriptional regulator/proline dehydrogenase/L-glutamate gamma-semialdehyde dehydrogenase	-0.103562663807141	-0.239925389705214	0.0950174360750071	0.528172680897563	putA	NZ_CP089932.1	2098437	2102372	-
LU633_RS11125	LU633_RS11125	sodium/proline symporter PutP	0.245961135274269	-0.199432441064991	-0.205412290358678	-0.903730572688709	putP	NZ_CP089932.1	2102777	2104279	+
LU633_RS11130	LU633_RS11130	FTR1 family protein	-0.0307833136939327	-0.404959010780069	0.666643944197331	0.337532327977399		NZ_CP089932.1	2104902	2105735	+
LU633_RS11135	LU633_RS11135	iron uptake system protein EfeO	-0.886922105451034	-0.0372891921235259	0.0307464395582997	-0.329851591523558		NZ_CP089932.1	2105772	2106890	+
LU633_RS11140	LU633_RS11140	iron uptake transporter deferrochelatase/peroxidase subunit	0.111210928964041	0.119909105736627	-0.0660253623911953	-0.195734763584216	efeB	NZ_CP089932.1	2106897	2108183	+
LU633_RS11145	LU633_RS11145	phosphate starvation-inducible protein PhoH	-1.3926943981215	-1.13338131622628	-0.556180947967613	-0.513667171383385	phoH	NZ_CP089932.1	2108740	2109528	+
LU633_RS11165	LU633_RS11165	glyoxylate/hydroxypyruvate reductase GhrA	-0.0106769108247537	0.11376938592082	-0.691048447538791	0.231863055280266	ghrA	NZ_CP089932.1	2111810	2112201	+
LU633_RS11180	LU633_RS11180	NAD(P)-binding domain-containing protein	-1.34762811712053	-0.347828522232374	0.234567762446137	-0.102834439231829		NZ_CP089932.1	2114112	2114648	+
LU633_RS11185	LU633_RS11185	PHP domain-containing protein	0.149665109962209	-0.012801045263711	-0.126350038535959	5.34124226183649		NZ_CP089932.1	2114699	2115078	+
LU633_RS11190	LU633_RS11190	recombinase family protein	-0.115170947268923	-0.193371540677267	0.413585261431975	0.238363243551518		NZ_CP089932.1	2115305	2115748	+
LU633_RS11205	LU633_RS11205	hypothetical protein	0.190720620613903	0.199538565696445	0.304118966448334	0.832577124502382		NZ_CP089932.1	2117934	2118116	-
LU633_RS11210	LU633_RS11210	tyrosine-type recombinase/integrase	0.500432469247937	0.104994615429525	-0.0306577819077609	-0.0177030379061036		NZ_CP089932.1	2118256	2118732	-
LU633_RS11215	LU633_RS11215	hypothetical protein	-0.379696697549534	0.0027085179305144	0.0334002651833003	-0.186071717709037		NZ_CP089932.1	2118724	2118981	+
LU633_RS11230	LU633_RS11230	glutamine amidotransferase	-0.0307027504559082	-0.0014263056707467	0.693302623259962	-0.950687177965759		NZ_CP089932.1	2120403	2121116	+
LU633_RS11235	LU633_RS11235	glycosyltransferase	-0.0140022268856904	-0.112643357172318	-0.196159782996237	-0.141172809406815		NZ_CP089932.1	2121372	2122205	+
LU633_RS11245	LU633_RS11245	trehalose-phosphatase	-1.93441382471914	-2.77483406218621	0.703963396039446	0.187803904301648	otsB	NZ_CP089932.1	2124360	2125139	+
LU633_RS11250	LU633_RS11250	alpha,alpha-trehalose-phosphate synthase	-0.970319718272194	-1.38996478799772	0.944103399507408	0.0130403491524269	otsA	NZ_CP089932.1	2125144	2126550	+
LU633_RS11260	LU633_RS11260	flagellar transcriptional regulator FlhC	-0.401839245498336	-0.488433356066708	0.69186772714155	-0.222214110932189	flhC	NZ_CP089932.1	2127830	2128408	+
LU633_RS11265	LU633_RS11265	flagellar motor stator protein MotA	-0.170804799636288	0.198551700590852	0.553768970112216	-0.532229277636909	motA	NZ_CP089932.1	2128541	2129428	+
LU633_RS11270	LU633_RS11270	flagellar motor protein MotB	0.263312402891588	0.199581698688135	-0.265813904632423	-0.212024509403328	motB	NZ_CP089932.1	2129425	2130465	+
LU633_RS11275	LU633_RS11275	chemotaxis protein CheA	0.339520683444614	0.197875084769412	0.400471393617044	0.123468081785773	cheA	NZ_CP089932.1	2130476	2132467	+
LU633_RS11280	LU633_RS11280	chemotaxis protein CheW	0.257355814406629	-0.0803392344797528	1.82264664567995	0.74186298630032	cheW	NZ_CP089932.1	2132492	2132989	+
LU633_RS11285	LU633_RS11285	methyl-accepting chemotaxis protein	0.185200264584233	-0.013650226968306	-0.244131620235742	-0.790169708581466		NZ_CP089932.1	2133526	2135205	+
LU633_RS11290	LU633_RS11290	methyl-accepting chemotaxis protein	-0.0054691099605247	-0.133007996996206	0.0052271858043979	-0.257782565434717		NZ_CP089932.1	2135248	2136861	+
LU633_RS11295	LU633_RS11295	protein-glutamate O-methyltransferase CheR	0.252461941011754	0.551983847012643	0.684092043048847	0.517176196847884	cheR	NZ_CP089932.1	2136887	2137759	+
LU633_RS11300	LU633_RS11300	chemotaxis response regulator protein-glutamate methylesterase	0.0148840733744227	-0.103957436838445	0.0578520873443329	-0.222214642168465		NZ_CP089932.1	2137759	2138808	+
LU633_RS11305	LU633_RS11305	chemotaxis response regulator CheY	-0.168939464843595	0.373678044557546	0.130613251923584	-0.329523434054881	cheY	NZ_CP089932.1	2138858	2139247	+
LU633_RS11310	LU633_RS11310	protein phosphatase CheZ	-0.258467041277948	-0.0409293521614621	0.796664523989555	-0.0600597336799997	cheZ	NZ_CP089932.1	2139257	2139901	+
LU633_RS11315	LU633_RS11315	flagellar type III secretion system protein FlhB	0.0376974065892917	0.146233774335244	-0.519991460266554	-0.36732515109482	flhB	NZ_CP089932.1	2140110	2141255	+
LU633_RS11320	LU633_RS11320	flagellar biosynthesis protein FlhA	0.129088913144386	0.264775854292431	-0.475978150397043	0.204187420653672	flhA	NZ_CP089932.1	2141255	2143336	+
LU633_RS11335	LU633_RS11335	VOC family protein	-0.482281859500462	0.29052597907478	-0.542984581445696	-0.630020207792634		NZ_CP089932.1	2146319	2146879	+
LU633_RS11340	LU633_RS11340	PatB family C-S lyase	0.0580653978679566	-0.214409288819168	-0.711422486818701	0.164566950255226		NZ_CP089932.1	2146874	2148024	-
LU633_RS11345	LU633_RS11345	copper homeostasis protein CutC	-0.188487467861346	-0.0390037755009297	2.4895804229037	2.01892393018031	cutC	NZ_CP089932.1	2148275	2149030	+
LU633_RS11350	LU633_RS11350	hypothetical protein	-0.324577517771374	-0.0612181174386398	-0.510633860134801	-0.93530929902762		NZ_CP089932.1	2149604	2150014	-
LU633_RS11355	LU633_RS11355	hypothetical protein	0.221898926610255	0.158910155245071	-0.486603030842358	-0.112942974475808		NZ_CP089932.1	2150007	2150780	-
LU633_RS11360	LU633_RS11360	cytochrome B	-0.157810063994943	0.0421236314698994	-0.09380782066303	0.299711151017189		NZ_CP089932.1	2150748	2150876	+
LU633_RS11365	LU633_RS11365	tRNA 5-methoxyuridine(34)/uridine 5-oxyacetic acid(34) synthase CmoB	-3.5758510907008	-3.82170843654257	-0.799844870892272	-0.725785001138881	cmoB	NZ_CP089932.1	2151431	2152399	-
LU633_RS11370	LU633_RS11370	carboxy-S-adenosyl-L-methionine synthase CmoA	-2.92381379490144	-2.32342777162869	-0.663521781370184	-0.1343251887987	cmoA	NZ_CP089932.1	2152396	2153136	-
LU633_RS11375	LU633_RS11375	MAPEG family protein	-0.111679820715004	-0.388903724815085	-0.222708164675517	1.08208978167476		NZ_CP089932.1	2153275	2153562	-
LU633_RS11380	LU633_RS11380	DUF72 domain-containing protein	-0.0405518155277982	-0.0834799805765639	1.00389063784516	-0.28778262357125		NZ_CP089932.1	2153685	2154509	-
LU633_RS11385	LU633_RS11385	hydrolase	0.134902788916135	-0.388714296037703	-0.0400875333057213	1.1763648128772		NZ_CP089932.1	2154602	2155156	-
LU633_RS11425	LU633_RS11425	zinc ABC transporter ATP-binding protein ZnuC	-0.708902800633758	-0.818493755146064	-0.382241060572277	-1.8015665880682	znuC	NZ_CP089932.1	2162162	2162914	-
LU633_RS11435	LU633_RS11435	murein DD-endopeptidase MepM	0.5805913018497	0.30153091956372	-0.192223258892955	-0.298696552348233	mepM	NZ_CP089932.1	2163951	2165279	+
LU633_RS11445	LU633_RS11445	MFS transporter	-0.693911466957057	-0.140549115938099	0.411169862921598	-0.379694296260289		NZ_CP089932.1	2167052	2168287	-
LU633_RS11455	LU633_RS11455	pyruvate kinase	-0.0926861266797101	-0.0020824415040831	-0.384575051206278	0.80991465879932	pyk	NZ_CP089932.1	2168640	2170082	-
LU633_RS11460	LU633_RS11460	MurR/RpiR family transcriptional regulator	-0.0394376537425062	-0.0624435575425897	-0.138360450359827	0.631801039655361		NZ_CP089932.1	2170186	2171064	-
LU633_RS11465	LU633_RS11465	glucose-6-phosphate dehydrogenase	-1.57059073488728	-1.56380485692961	0.0083465750291231	0.110597400807208	zwf	NZ_CP089932.1	2171426	2172901	+
LU633_RS11470	LU633_RS11470	bifunctional 4-hydroxy-2-oxoglutarate aldolase/2-dehydro-3-deoxy-phosphogluconate aldolase	0.54866020437109	0.533664115857582	-0.101941522377645	0.376616558405506		NZ_CP089932.1	2173189	2173827	+
LU633_RS11475	LU633_RS11475	formate-dependent phosphoribosylglycinamide formyltransferase	0.152847534480934	0.271909935145726	0.572598775433332	1.02185672843628	purT	NZ_CP089932.1	2174072	2175250	-
LU633_RS11490	LU633_RS11490	YebG family protein	0.322453746069703	-0.0485599884459029	0.564380493944175	-0.254369574927749		NZ_CP089932.1	2177467	2177829	+
LU633_RS11495	LU633_RS11495	sugar phosphate isomerase/epimerase	-0.134637018783552	-0.15177386184484	-1.01348668381854	-0.775373114943801		NZ_CP089932.1	2177897	2178698	-
LU633_RS11500	LU633_RS11500	DUF533 domain-containing protein	-0.490913719901379	-0.093618046930214	-0.0230102096235325	-0.0280766804150354		NZ_CP089932.1	2178983	2179636	+
LU633_RS11505	LU633_RS11505	prolyl oligopeptidase family serine peptidase	0.0415829055357507	-0.0038503360541277	0.0284301397661519	0.226500720188668		NZ_CP089932.1	2179762	2181840	+
LU633_RS11510	LU633_RS11510	exodeoxyribonuclease X	0.156743017763581	0.166503733011944	-0.194946142435642	0.737840831329605	exoX	NZ_CP089932.1	2181911	2182597	-
LU633_RS11515	LU633_RS11515	carbon-nitrogen hydrolase family protein	0.0420373336358578	0.026692466334664	0.0203210478503959	-0.11438032934631		NZ_CP089932.1	2182602	2183363	-
LU633_RS11520	LU633_RS11520	DNA polymerase III subunit theta	-0.138824851241011	0.442848010471181	0.222071576579771	0.342613955888598		NZ_CP089932.1	2183448	2183678	-
LU633_RS11535	LU633_RS11535	YebY family protein	0.919914473374211	0.26383269372601	-0.929841295405424	-0.663270271970133		NZ_CP089932.1	2185142	2185492	+
LU633_RS11555	LU633_RS11555	hypothetical protein	-0.322617801756432	-0.291229070744928	-0.700771924253191	0.161280678807966		NZ_CP089932.1	2186390	2186685	-
LU633_RS11560	LU633_RS11560	MlaD family protein	-0.050732976691981	0.341414256114791	0.814950101661131	0.266940571032152		NZ_CP089932.1	2186902	2188210	-
LU633_RS11565	LU633_RS11565	GAF domain-containing protein	-0.427727734792557	-0.269621519035814	-0.0738232145873807	-0.0932886107048756		NZ_CP089932.1	2188604	2189104	+
LU633_RS11570	LU633_RS11570	RNA chaperone ProQ	1.17580856932606	0.963960611789789	1.7453333475249	1.53667180721241	proQ	NZ_CP089932.1	2189201	2189887	+
LU633_RS11590	LU633_RS11590	MFS transporter	-0.0709053815291698	-0.0997660998920131	-0.121260930927652	0.0202905178444082		NZ_CP089932.1	2193881	2195257	-
LU633_RS11595	LU633_RS11595	DNA-binding transcriptional regulator KdgR	-0.0265164352412258	-0.048127792741229	0.143276252089747	0.877653912360582	kdgR	NZ_CP089932.1	2195451	2196242	+
LU633_RS11600	LU633_RS11600	YobH family protein	-0.18768036491949	0.135823048173007	-0.961293286236907	0.153999569638518		NZ_CP089932.1	2196278	2196514	-
LU633_RS11610	LU633_RS11610	MBL fold metallo-hydrolase	0.557912239658742	-0.0160908352770245	0.528106046379718	-0.746922961209207		NZ_CP089932.1	2197034	2197980	+
LU633_RS11615	LU633_RS11615	transcription antiterminator/RNA stability regulator CspE	0.380948413367905	-0.133586940188346	1.10081131263744	1.00213503193161	cspE	NZ_CP089932.1	2198696	2198905	+
LU633_RS11620	LU633_RS11620	23S rRNA (guanine(745)-N(1))-methyltransferase	-0.15789172466407	-0.395549790202024	0.127450033910873	0.20744360236912	rlmA	NZ_CP089932.1	2199394	2200221	+
LU633_RS11625	LU633_RS11625	TerC family protein	0.396109535674591	0.18592024179865	0.147436641829356	0.361944521008019		NZ_CP089932.1	2201050	2202615	+
LU633_RS11630	LU633_RS11630	cyclic diguanylate phosphodiesterase	0.251942743086595	-0.0640323469886009	-0.188726143681195	0.0414926120327048		NZ_CP089932.1	2202846	2204408	-
LU633_RS11635	LU633_RS11635	L-serine ammonia-lyase	0.769755220097432	0.731416278227812	-0.466911518951901	-0.422381126461215	sdaA	NZ_CP089932.1	2204653	2206017	-
LU633_RS11650	LU633_RS11650	phage late control D family protein	0.0024532495206062	-0.0571781006675819	1.11212644853991	0.260972597635445		NZ_CP089932.1	2206966	2208102	-
LU633_RS11655	LU633_RS11655	phage tail sheath family protein	0.0437671763894812	-0.195408356992806	-2.45205618022981	-0.399156908085065		NZ_CP089932.1	2208253	2209434	+
LU633_RS11660	LU633_RS11660	phage major tail tube protein	0.256126563972969	-0.0239286215984849	-0.241789210862922	0.30724778053711		NZ_CP089932.1	2209435	2209950	+
LU633_RS11675	LU633_RS11675	phage tail tape measure protein	0.0431516489498405	-0.127972952517698	0.0339332416226195	0.224772941182751		NZ_CP089932.1	2210464	2213436	+
LU633_RS11680	LU633_RS11680	phage tail protein	0.242155376281421	0.153223252130401	0.13890685280356	-0.109269485127824		NZ_CP089932.1	2213449	2213937	+
LU633_RS11685	LU633_RS11685	tail fiber assembly protein	0.190430545900313	0.288814851793603	0.0375118392639546	0.954673032452221		NZ_CP089932.1	2214092	2214688	-
LU633_RS11690	LU633_RS11690	phage tail protein	0.339522736783658	-4.11488271923055e-06	0.508790654417113	0.573321953897398		NZ_CP089932.1	2214688	2215689	-
LU633_RS11700	LU633_RS11700	baseplate J/gp47 family protein	0.239097541924775	-0.174408978647646	0.0417381167477124	-0.409173279230474		NZ_CP089932.1	2216286	2217182	-
LU633_RS11705	LU633_RS11705	GPW/gp25 family protein	-0.582970380746677	0.324676717157808	-0.0590179802298234	-1.31630206809202		NZ_CP089932.1	2217169	2217537	-
LU633_RS11710	LU633_RS11710	phage baseplate assembly protein V	0.0818159348826786	-0.215321842158191	1.05259146113504	-0.573453570483972		NZ_CP089932.1	2217534	2218109	-
LU633_RS11715	LU633_RS11715	phage virion morphogenesis protein	0.344617295539602	-0.0082587521423492	0.189879246135347	0.0490951583480543		NZ_CP089932.1	2218106	2218744	-
LU633_RS11725	LU633_RS11725	DUF2514 family protein	-0.0977216274948987	0.0650902127297177	0.756861243875907	0.100688444734519		NZ_CP089932.1	2219207	2219722	-
LU633_RS11730	LU633_RS11730	lysozyme	0.128929782508099	-0.134641767287281	0.508409524824413	0.235348432162452		NZ_CP089932.1	2219719	2220264	-
LU633_RS11740	LU633_RS11740	tail protein X	0.0912048761704659	0.246661114428712	0.0001504273494941	0.60406554917385		NZ_CP089932.1	2220541	2220741	-
LU633_RS11755	LU633_RS11755	phage major capsid protein, P2 family	0.295638368020631	0.0576114022703212	0.0833439652673533	0.14518745476666		NZ_CP089932.1	2222244	2223293	-
LU633_RS11760	LU633_RS11760	GPO family capsid scaffolding protein	-0.221347460564104	-0.367546631482933	0.044969304727557	0.700848811616111		NZ_CP089932.1	2223317	2224153	-
LU633_RS11780	LU633_RS11780	type II toxin-antitoxin system YafO family toxin	-0.139837849005161	-0.0204409410659875	-0.440336561500774	0.250033188386224		NZ_CP089932.1	2228118	2228498	-
LU633_RS11880	LU633_RS11880	CoA pyrophosphatase	-0.437865544933904	-0.0426980734029516	-0.362705031911472	0.0241312514086081		NZ_CP089932.1	2238931	2239351	-
LU633_RS11885	LU633_RS11885	aminodeoxychorismate synthase component 1	0.214587775127902	-0.117488868720473	0.696791428321643	0.0463516860664999	pabB	NZ_CP089932.1	2239344	2240708	-
LU633_RS11900	LU633_RS11900	hypothetical protein	-0.29298204323401	-0.0737800149486759	0.24042405442313	0.159421583165812		NZ_CP089932.1	2241369	2242013	+
LU633_RS11905	LU633_RS11905	RidA family protein	0.265259163983452	-0.121435580953641	-0.387320890596999	0.120171736228488		NZ_CP089932.1	2242023	2242367	-
LU633_RS11910	LU633_RS11910	ATP-dependent DNA helicase	-0.0765473720940322	0.0740636176913025	-0.524269846726918	-0.006598037041104		NZ_CP089932.1	2242651	2244561	+
LU633_RS11920	LU633_RS11920	Slp family lipoprotein	-0.645001370231022	0.021788319461562	-0.0484122511344425	-0.320526010768944		NZ_CP089932.1	2245435	2246031	+
LU633_RS11925	LU633_RS11925	long-chain-fatty-acid--CoA ligase FadD	0.302937032990177	0.272754185933264	0.706136537451711	-0.0019789258271061	fadD	NZ_CP089932.1	2246245	2247933	+
LU633_RS11930	LU633_RS11930	ribonuclease D	-0.713233055977889	-0.718340281771523	0.0960790982431787	0.0180906836570707	rnd	NZ_CP089932.1	2248032	2249150	+
LU633_RS11935	LU633_RS11935	cell division topological specificity factor MinE	-2.91539788817631	-2.4281909464594	-4.55452999377644	-3.90171409040016	minE	NZ_CP089932.1	2249202	2249471	-
LU633_RS11940	LU633_RS11940	septum site-determining protein MinD	0.155779389060978	0.141270358579177	-1.27057437423677	1.11086472540697	minD	NZ_CP089932.1	2249475	2250287	-
LU633_RS11945	LU633_RS11945	septum site-determining protein MinC	-0.109290527636445	-0.370613819614899	-1.20390771311886	-1.77010412285548	minC	NZ_CP089932.1	2250327	2251019	-
LU633_RS11950	LU633_RS11950	YcgL domain-containing protein	0.190882603962582	-0.435299191700104	0.012067938326686	1.51593091844004		NZ_CP089932.1	2251177	2251452	+
LU633_RS11955	LU633_RS11955	fumarylacetoacetate hydrolase family protein	-0.120344181449797	-0.122771629412228	-1.20143898273831	0.0232698774519211		NZ_CP089932.1	2251701	2252360	+
LU633_RS11960	LU633_RS11960	YcgN family cysteine cluster protein	0.0338732923185984	0.0408732381297231	0.250985241844556	0.447530950360584		NZ_CP089932.1	2252424	2252867	+
LU633_RS11985	LU633_RS11985	fatty acid metabolism transcriptional regulator FadR	-0.144025100812838	-0.206620878792838	0.0722766982872869	0.307879912973514	fadR	NZ_CP089932.1	2256170	2256880	+
LU633_RS11990	LU633_RS11990	SpoVR family protein	-0.538603952212554	-0.678325541585133	0.353984218359605	-0.0450732191784691		NZ_CP089932.1	2256933	2258468	-
LU633_RS11995	LU633_RS11995	D-amino acid dehydrogenase	-0.246992091759283	0.179083525967323	-0.272967517563036	0.02583537548142		NZ_CP089932.1	2258971	2260266	+
LU633_RS12010	LU633_RS12010	multidrug effflux MFS transporter	-0.170298467721954	-0.567455054479307	0.109681445312707	-0.572746618638039		NZ_CP089932.1	2262005	2263180	-
LU633_RS12015	LU633_RS12015	sugar transferase	-0.0342729151751869	-0.0468033962290814	0.0557364904687818	0.206891311832889		NZ_CP089932.1	2263309	2263515	-
LU633_RS12020	LU633_RS12020	IS91 family transposase	0.307010690498871	0.208984430757251	0.22145950534707	0.873580904963875		NZ_CP089932.1	2263692	2264890	-
LU633_RS12030	LU633_RS12030	potassium/proton antiporter	0.303831705031649	0.0989333261028533	0.968737816951142	0.451955007084329		NZ_CP089932.1	2265375	2267102	-
LU633_RS12035	LU633_RS12035	transposase	0.570708206447724	0.178058830456067	-0.135281693464703	-0.887395212628211		NZ_CP089932.1	2267552	2268109	+
LU633_RS12055	LU633_RS12055	YeaH/YhbH family protein	-0.677255824394964	-0.746001956667805	0.312646539177719	0.28262272863051		NZ_CP089932.1	2269574	2270845	-
LU633_RS12060	LU633_RS12060	protein kinase YeaG	0.337329444271838	0.0988867236674116	-0.245241240898461	0.104584704657614	yeaG	NZ_CP089932.1	2270917	2272851	-
LU633_RS12065	LU633_RS12065	IS3 family transposase	0.169187220235949	0.0822270370580342	-0.529267033675832	-0.608282190084667		NZ_CP089932.1	2273565	2274265	-
LU633_RS12070	LU633_RS12070	D-hexose-6-phosphate mutarotase	0.139826149394123	0.176653709675837	0.212762739733096	0.552648662488419		NZ_CP089932.1	2274477	2275355	-
LU633_RS12080	LU633_RS12080	peptide-methionine (R)-S-oxide reductase MsrB	-0.41326102126432	-0.385052542067577	-0.351050501024247	-0.364509021648988	msrB	NZ_CP089932.1	2277100	2277510	+
LU633_RS12085	LU633_RS12085	DUF1315 family protein	-0.115739306341207	0.0314447773016844	0.327278499764494	-0.0695866106487055		NZ_CP089932.1	2277516	2277794	+
LU633_RS12090	LU633_RS12090	bifunctional nicotinamidase/pyrazinamidase	-0.0245457094758922	-0.104465932206559	-0.0636435943968774	0.534946136435512	pncA	NZ_CP089932.1	2277795	2278415	-
LU633_RS12095	LU633_RS12095	asparaginase	0.0092607917117476	-0.141297768173693	-0.387055458447871	-0.0309798345700407	ansA	NZ_CP089932.1	2278427	2279443	-
LU633_RS12100	LU633_RS12100	signal peptide peptidase SppA	-3.1473407513793	-3.15605728870178	-1.19673430939787	-2.21755723060335	sppA	NZ_CP089932.1	2279512	2281368	-
LU633_RS12105	LU633_RS12105	NAD(P)H nitroreductase	-0.0033202704898532	0.281438511863966	0.504032065024837	0.397399336777748		NZ_CP089932.1	2281548	2282099	+
LU633_RS12110	LU633_RS12110	DNA topoisomerase III	0.0618057753856921	0.0034162059712311	-0.283216206899363	-0.16381571177917		NZ_CP089932.1	2282370	2284280	+
LU633_RS12115	LU633_RS12115	YnjH family protein	0.190610621912516	0.0979502105148523	0.22580307527205	0.0729215346458749		NZ_CP089932.1	2284283	2284621	+
LU633_RS12120	LU633_RS12120	exodeoxyribonuclease III	-0.101484684502301	0.306386553247526	-0.491689023693333	0.22223740071642	xthA	NZ_CP089932.1	2284656	2285462	-
LU633_RS12130	LU633_RS12130	formyltetrahydrofolate deformylase	-1.53392259795354	-1.31220120234194	-0.758155031679709	-0.724419466956437	purU	NZ_CP089932.1	2285989	2286837	-
LU633_RS12135	LU633_RS12135	YchJ family protein	-0.0738028137988388	-0.188450654263937	-0.112979305341064	-0.101435085840243		NZ_CP089932.1	2286884	2287342	-
LU633_RS12140	LU633_RS12140	patatin-like phospholipase RssA	-0.0043529391927303	-0.023199520643181	-0.403595921555633	-0.26602547472605	rssA	NZ_CP089932.1	2287447	2288326	+
LU633_RS12160	LU633_RS12160	NAD-dependent epimerase	-3.99201921807922	-4.75058596572603	-4.3090145873847	-3.68333422292519		NZ_CP089932.1	2291929	2292936	+
LU633_RS12170	LU633_RS12170	thymidine kinase	3.13425926114004	2.29894253601721	1.33112602310306	1.62385468499432		NZ_CP089932.1	2293902	2294519	+
LU633_RS12175	LU633_RS12175	bifunctional acetaldehyde-CoA/alcohol dehydrogenase	0.144305210505609	0.128749217340735	0.117730776181295	0.349768544423543	adhE	NZ_CP089932.1	2294670	2297348	-
LU633_RS12180	LU633_RS12180	YchE family NAAT transporter	-0.246546640500658	-0.48343726313026	0.246923394404312	0.690387463508363		NZ_CP089932.1	2297812	2298459	+
LU633_RS12185	LU633_RS12185	ABC transporter substrate-binding protein	-0.0003344762287973	-0.178045463009877	-0.0056804803709822	-0.153553169635745		NZ_CP089932.1	2299091	2300713	+
LU633_RS12190	LU633_RS12190	oligopeptide ABC transporter substrate-binding protein OppA	-0.0483026023178167	0.0698561681517491	-0.536297321156242	0.129580968181455	oppA	NZ_CP089932.1	2300882	2302513	+
LU633_RS12195	LU633_RS12195	oligopeptide ABC transporter permease OppB	0.0138032632817805	-0.429001788779966	-0.210914774154375	0.279506987578233	oppB	NZ_CP089932.1	2302594	2303514	+
LU633_RS12200	LU633_RS12200	oligopeptide ABC transporter permease OppC	-0.0200701224542061	-0.183274951896589	-0.211070065206263	0.116002428404859	oppC	NZ_CP089932.1	2303528	2304436	+
LU633_RS12205	LU633_RS12205	ABC transporter ATP-binding protein	-0.106364416985729	-0.119088413661677	-0.230023541027875	0.19912941184003		NZ_CP089932.1	2304447	2305460	+
LU633_RS12210	LU633_RS12210	murein tripeptide/oligopeptide ABC transporter ATP binding protein OppF	-0.0921120945867523	0.0198675658561233	-0.321357730331602	-0.307644263969257	oppF	NZ_CP089932.1	2305457	2306458	+
LU633_RS12215	LU633_RS12215	HI1450 family dsDNA-mimic protein	0.195649389694405	0.416662485039583	-1.05553816107013	1.2764355605547		NZ_CP089932.1	2306686	2307009	-
LU633_RS12220	LU633_RS12220	cardiolipin synthase	-2.62528833933459	-2.44124264428523	-3.56922788360573	-4.20105078062674	cls	NZ_CP089932.1	2307055	2308515	-
LU633_RS12230	LU633_RS12230	hypothetical protein	0.468732889650487	-0.0224456346246175	0.17940212387691	0.425153301920684		NZ_CP089932.1	2310386	2311669	-
LU633_RS12240	LU633_RS12240	energy transducer TonB	0.199975624314863	-0.104441676524041	0.427387085741246	0.427061189352601		NZ_CP089932.1	2312439	2313167	+
LU633_RS12245	LU633_RS12245	acyl-CoA esterase	-0.264019169121234	-0.226952914441507	-0.0950378969484134	-0.116259078950536		NZ_CP089932.1	2313240	2313500	-
LU633_RS12260	LU633_RS12260	hypothetical protein	0.289514974243578	0.0665887926427165	0.28506298517002	-0.490540222945346		NZ_CP089932.1	2315959	2316369	-
LU633_RS12270	LU633_RS12270	envelope biogenesis factor ElyC	0.728686929523593	0.480688876718761	-0.2037417834283	-0.740905368247747		NZ_CP089932.1	2317314	2318048	-
LU633_RS12275	LU633_RS12275	YkgJ family cysteine cluster protein	-0.236356175534563	-0.230152378072965	0.0305133667839672	-0.163787443962313		NZ_CP089932.1	2318072	2318491	-
LU633_RS12280	LU633_RS12280	type III effector HopV1	-0.310290610990101	0.129867231006363	0.295302838033246	-0.234456840009144		NZ_CP089932.1	2318717	2319940	-
LU633_RS12285	LU633_RS12285	CesT family type III secretion system chaperone	-0.0048726687682727	-0.190583665451966	0.40151377413203	0.299874944194548		NZ_CP089932.1	2319951	2320343	-
LU633_RS12290	LU633_RS12290	BON domain-containing protein	0.0301966092905455	-0.368498227583339	-0.133409466179264	0.39183265354186		NZ_CP089932.1	2320933	2321247	-
LU633_RS12295	LU633_RS12295	tryptophan synthase subunit alpha	0.0819801614732413	0.234856406054944	-0.858175604118008	-0.617780179074004	trpA	NZ_CP089932.1	2321405	2322211	-
LU633_RS12300	LU633_RS12300	tryptophan synthase subunit beta	-0.0386026405022289	-0.0074134611818763	-0.568134171265224	-0.325833025448381	trpB	NZ_CP089932.1	2322211	2323401	-
LU633_RS12305	LU633_RS12305	bifunctional indole-3-glycerol-phosphate synthase TrpC/phosphoribosylanthranilate isomerase TrpF	-0.619132715449729	-0.32782975756169	-1.07034702289895	-0.714465425436282	trpCF	NZ_CP089932.1	2323452	2324813	-
LU633_RS12310	LU633_RS12310	bifunctional anthranilate synthase glutamate amidotransferase component TrpG/anthranilate phosphoribosyltransferase TrpD	-0.350640124021237	-0.268728874231995	-0.490997611588359	-0.668790872110324	trpD	NZ_CP089932.1	2324816	2326408	-
LU633_RS12315	LU633_RS12315	anthranilate synthase component 1	0.100967913460604	0.023660978656355	0.111969650766784	-0.465383101760458		NZ_CP089932.1	2326408	2327970	-
LU633_RS12320	LU633_RS12320	PHP domain-containing protein	-0.0843695126325082	0.352270926347724	0.429613360933068	-0.671398507059773		NZ_CP089932.1	2328236	2329141	+
LU633_RS12325	LU633_RS12325	threonylcarbamoyl-AMP synthase	0.246694780079126	0.184588858326783	0.309993548608374	0.13734209536469		NZ_CP089932.1	2329156	2329776	+
LU633_RS12330	LU633_RS12330	glycosyltransferase	0.0167113116043993	0.132418875107728	0.192518448534546	0.36036735961174		NZ_CP089932.1	2329856	2330932	-
LU633_RS12340	LU633_RS12340	23S rRNA pseudouridine(2605) synthase RluB	-0.448028217628773	-0.378307668750981	-0.986181690360572	-1.4083052272164	rluB	NZ_CP089932.1	2332930	2333793	+
LU633_RS12345	LU633_RS12345	YciK family oxidoreductase	-2.13206569323692	-2.18317572337363	0.256034635729056	0.313343443692067		NZ_CP089932.1	2334335	2335096	-
LU633_RS12350	LU633_RS12350	protease SohB	0.0978786921130265	0.22665624481397	-0.0148933825645428	0.450318215362943	sohB	NZ_CP089932.1	2335294	2336343	+
LU633_RS12385	LU633_RS12385	2-hydroxyacid dehydrogenase	-0.143701203763603	0.0064705206087458	0.524420212482386	0.135943149826994		NZ_CP089932.1	2340240	2340497	-
LU633_RS12390	LU633_RS12390	YdbH family protein	-0.0742234438942099	-0.0362548795541667	-0.0426441558889015	0.346081307189674		NZ_CP089932.1	2340746	2343373	+
LU633_RS12395	LU633_RS12395	YnbE family lipoprotein	0.119815931839517	-0.0048281311391444	-0.759878826082574	0.291717761017076		NZ_CP089932.1	2343360	2343548	+
LU633_RS12410	LU633_RS12410	transposase	0.183356873608528	-0.0338720340932314	1.52692067353972	0.692483084073189		NZ_CP089932.1	2344468	2345630	+
LU633_RS12430	LU633_RS12430	FMN-dependent NADH-azoreductase	-0.022498818606469	-0.191872030999107	1.21928727715543	-0.702868323889237		NZ_CP089932.1	2346951	2347556	-
LU633_RS12435	LU633_RS12435	ATP-dependent RNA helicase HrpA	-0.0599442987991874	-0.102168395636084	0.312925026735794	-0.133116523583329	hrpA	NZ_CP089932.1	2347789	2351685	+
LU633_RS12440	LU633_RS12440	methyl-accepting chemotaxis protein	0.138838521092668	0.0363494366418571	-0.163705941667643	0.490234734358235		NZ_CP089932.1	2352037	2353536	+
LU633_RS12445	LU633_RS12445	hypothetical protein	0.319858825352768	0.0895210608518645	-0.46195936509281	0.11258532155481		NZ_CP089932.1	2353654	2353935	+
LU633_RS12450	LU633_RS12450	hypothetical protein	-0.195565113124216	-0.163364090588673	-0.518340863710269	-0.0215450440994798		NZ_CP089932.1	2353924	2355087	-
LU633_RS12455	LU633_RS12455	peptide ABC transporter ATP-binding protein SapF	-0.516311169835806	-0.596969640296612	-1.66737927263242	-1.38888700510822	sapF	NZ_CP089932.1	2355193	2356005	-
LU633_RS12460	LU633_RS12460	peptide ABC transporter ATP-binding protein SapD	-0.356512073630797	-0.306482008952852	-1.2088740808026	-1.67799424439838	sapD	NZ_CP089932.1	2356005	2356997	-
LU633_RS12465	LU633_RS12465	peptide ABC transporter permease SapC	-0.48837675340602	-0.414821408912534	-1.79955252016805	-1.38745637516067	sapC	NZ_CP089932.1	2356998	2357888	-
LU633_RS12480	LU633_RS12480	autotransporter domain-containing protein	0.0748547791450528	0.0423026348096875	0.253571004009802	-0.0259114253833328		NZ_CP089932.1	2360581	2363874	-
LU633_RS12485	LU633_RS12485	DDE-type integrase/transposase/recombinase	-0.294536752775681	0.431465161023854	-0.311839191286291	-0.263562687671977		NZ_CP089932.1	2364126	2364571	+
LU633_RS12490	LU633_RS12490	hypothetical protein	0.429285262202297	0.128914460211997	0.101881784913778	0.74619653709632		NZ_CP089932.1	2364667	2364912	+
LU633_RS12505	LU633_RS12505	IS630 family transposase	0.0429643594726083	-0.382476863458671	-0.529211704905497	-0.135222330056837		NZ_CP089932.1	2365909	2366679	+
LU633_RS12550	LU633_RS12550	phosphatidylglycerophosphatase B	-0.119275374481517	-0.0531936453802471	0.44327072603124	-0.495003461393101	pgpB	NZ_CP089932.1	2376509	2377270	+
LU633_RS12560	LU633_RS12560	lipopolysaccharide assembly protein LapB	-3.50100269583757	-3.67069420662727	-4.06326922910564	-3.16323407438466	lapB	NZ_CP089932.1	2377760	2378929	+
LU633_RS12565	LU633_RS12565	orotidine-5'-phosphate decarboxylase	-5.13676099151349	-5.45050167660083	-4.36881277318902	-3.55623507124433	pyrF	NZ_CP089932.1	2379128	2379844	+
LU633_RS12570	LU633_RS12570	stress response translation initiation inhibitor YciH	-0.394152068324664	-0.217508126451559	-3.01106052346762	2.19260946664609	yciH	NZ_CP089932.1	2379844	2380170	+
LU633_RS12580	LU633_RS12580	IS200/IS605 family transposase	-0.729883265008555	-0.374762111961523	-0.484704883839343	-0.926691649602198	tnpA	NZ_CP089932.1	2381436	2381897	-
LU633_RS12585	LU633_RS12585	guanine deaminase	0.251489822137073	0.196091655832635	0.330230016965441	0.133869738582331	guaD	NZ_CP089932.1	2382054	2383251	+
LU633_RS12590	LU633_RS12590	hypothetical protein	-0.183911613850976	-0.0909739215474361	0.26662087389877	-0.52227526941355		NZ_CP089932.1	2383365	2383568	+
LU633_RS12595	LU633_RS12595	DUF441 domain-containing protein	-0.552130642746012	-0.106790953097246	-1.2239989961032	-0.100153337019686		NZ_CP089932.1	2383732	2384178	+
LU633_RS12600	LU633_RS12600	Glu/Leu/Phe/Val dehydrogenase	0.0337285609736672	-0.0290212638721407	-0.149734964781098	-0.41274250226077		NZ_CP089932.1	2384655	2385929	-
LU633_RS12605	LU633_RS12605	kdo(2)-lipid A phosphoethanolamine 7''-transferase	-0.001967022212425	0.0328928492539671	-0.164158225230862	-0.226288962158054	eptB	NZ_CP089932.1	2386511	2388169	+
LU633_RS12615	LU633_RS12615	helix-turn-helix domain-containing protein	0.0658982171533162	-0.281260005827602	-0.392919022064528	-0.140857355514632		NZ_CP089932.1	2389742	2390112	+
LU633_RS12625	LU633_RS12625	carbonic anhydrase	0.0509631335175799	0.0861802145248947	1.05136819876089	-0.206890661313902		NZ_CP089932.1	2391749	2392445	+
LU633_RS12630	LU633_RS12630	LysR family transcriptional regulator	-0.136475943667935	-0.265686313942745	0.274605265820207	0.0528643644239097		NZ_CP089932.1	2392684	2393524	-
LU633_RS12635	LU633_RS12635	DUF3164 family protein	-0.0575249915905212	0.445528122198029	-0.156803877015445	-0.83715414112567		NZ_CP089932.1	2393562	2393972	+
LU633_RS12640	LU633_RS12640	hypothetical protein	0.40079408366592	0.252143080453252	1.16306552320957	0.737536385073848		NZ_CP089932.1	2394050	2394238	+
LU633_RS12645	LU633_RS12645	hypothetical protein	0.0920579061917808	0.138207302078837	0.0766819066188842	-0.075129914027926		NZ_CP089932.1	2394235	2394498	+
LU633_RS12650	LU633_RS12650	DUF2786 domain-containing protein	-0.132764426437467	-0.0379096903850147	0.662965140058966	-0.235253260946324		NZ_CP089932.1	2394485	2395138	+
LU633_RS12655	LU633_RS12655	hypothetical protein	0.0256480755154113	0.12154984431115	-0.960618486205219	0.978641253350045		NZ_CP089932.1	2395131	2395332	+
LU633_RS12660	LU633_RS12660	regulatory protein GemA	0.0937383573716837	-0.0115695592074787	-0.817747830478436	0.934860229531512		NZ_CP089932.1	2395322	2395750	+
LU633_RS12695	LU633_RS12695	cupin domain-containing protein	0.0557053245903459	0.111871569939316	0.354828814197174	-0.508692780923734		NZ_CP089932.1	2400329	2400745	+
LU633_RS12700	LU633_RS12700	ABC transporter substrate-binding protein	-0.281434143937038	-0.114923114642848	-1.63493716235659	0.198437960145807		NZ_CP089932.1	2401175	2402131	+
LU633_RS12710	LU633_RS12710	IS481 family transposase	-0.436010020953598	-0.229838564205006	-0.0420071192380416	-0.276608301438945		NZ_CP089932.1	2402787	2403191	+
LU633_RS12715	LU633_RS12715	pentapeptide repeat-containing protein	0.391479868097698	0.599850179367643	0.0777546373548126	-0.875545008703335		NZ_CP089932.1	2403390	2403680	-
LU633_RS12720	LU633_RS12720	adenosine deaminase	0.1877461048681	0.0062599866200904	-0.103115182861954	0.644201699700549	add	NZ_CP089932.1	2404310	2405278	-
LU633_RS12725	LU633_RS12725	type IV secretion protein Rhs	0.378892775752117	0.0178286975265248	0.0129110574319031	-0.360929500367276		NZ_CP089932.1	2405542	2405733	+
LU633_RS12730	LU633_RS12730	YdgA family protein	-0.156378815025465	-0.259282209644536	-0.561907103914788	-0.570949117769217		NZ_CP089932.1	2406489	2408039	-
LU633_RS12745	LU633_RS12745	class II fumarate hydratase	-0.0182466211709894	0.176131212466215	0.0097468428532629	0.214459077848957	fumC	NZ_CP089932.1	2411225	2412622	+
LU633_RS12750	LU633_RS12750	DNA replication terminus site-binding protein	0.378473815281058	0.201394494499655	0.0207634610252578	-0.28732897447485	tus	NZ_CP089932.1	2412687	2413616	-
LU633_RS12755	LU633_RS12755	H-NS histone family protein	0.940809650429711	0.264499454512515	0.0099920484850404	-2.46597576144087		NZ_CP089932.1	2413744	2414145	-
LU633_RS12760	LU633_RS12760	peptide-methionine (S)-S-oxide reductase MsrA	0.269250378688345	0.179600264338767	1.23096180001991	0.130113003338944	msrA	NZ_CP089932.1	2415097	2415537	+
LU633_RS12765	LU633_RS12765	MFS transporter	-0.0199126613600749	-0.123590255897567	0.161546358203108	0.391389898750728		NZ_CP089932.1	2415616	2416731	-
LU633_RS12770	LU633_RS12770	LysR family transcriptional regulator	-0.086706892654009	-0.470370521270834	1.24563328597297	0.692959527249021		NZ_CP089932.1	2416802	2416960	+
LU633_RS12775	LU633_RS12775	ROK family transcriptional regulator	0.333488900309136	0.415884106614292	1.36145135574315	1.29010126360637		NZ_CP089932.1	2417089	2418306	+
LU633_RS12780	LU633_RS12780	dethiobiotin synthase	-0.0455850076037607	0.114843549401273	0.326234641203504	0.063929040545962	bioD	NZ_CP089932.1	2418544	2419215	+
LU633_RS12785	LU633_RS12785	ABC transporter ATP-binding protein	-0.41999577518415	-0.246575362942124	-0.338341710370229	0.823688817497412		NZ_CP089932.1	2419263	2420402	-
LU633_RS12790	LU633_RS12790	ABC transporter permease subunit	0.123674259367444	-0.198151070129835	-0.960244652532719	-0.279829110356014	osmW	NZ_CP089932.1	2420402	2420986	-
LU633_RS12795	LU633_RS12795	glycine/betaine ABC transporter substrate-binding protein	-0.221622314686873	-0.0336221686475344	0.065246699448674	0.0475997547592262		NZ_CP089932.1	2421059	2421886	-
LU633_RS12800	LU633_RS12800	ABC transporter permease	-0.110573370356365	0.0113633058359013	-0.0659230079207691	-0.605988372170595		NZ_CP089932.1	2421962	2422624	-
LU633_RS12805	LU633_RS12805	DUF1161 domain-containing protein	-0.456959397643952	-0.670802286561391	0.362349833698955	-1.04943698519529		NZ_CP089932.1	2423099	2423395	-
LU633_RS12810	LU633_RS12810	DUF1283 family protein	-0.108535047815169	-0.192200101444148	0.181778457780769	-0.878987743096479		NZ_CP089932.1	2423448	2423795	-
LU633_RS12835	LU633_RS12835	exoribonuclease II	2.25274545403281	1.55017248742688	0.620223513601677	0.331171495872009		NZ_CP089932.1	2427465	2429396	-
LU633_RS12840	LU633_RS12840	FdhF/YdeP family oxidoreductase	0.0965258340515717	0.0773962329463502	0.165852936289469	0.308796869436131		NZ_CP089932.1	2429828	2432137	-
LU633_RS12855	LU633_RS12855	6-phospho-beta-glucosidase	-0.0412394061883999	-0.0337006612430172	0.178536028264451	0.722156872609443	ascB	NZ_CP089932.1	2434464	2435858	-
LU633_RS12860	LU633_RS12860	PTS beta-glucoside transporter subunit IIABC	0.181668594208847	0.0882539434473624	0.444105084974147	0.292556028856289	bglF	NZ_CP089932.1	2435861	2437756	-
LU633_RS12875	LU633_RS12875	zinc transporter ZntB	0.159036283881317	0.162547724231099	0.0918388957698044	-0.0149254579514977	zntB	NZ_CP089932.1	2440719	2441702	+
LU633_RS12880	LU633_RS12880	tyrosine-type recombinase/integrase	0.214255411327393	-0.0074476111660279	0.0554817605897284	-0.294630694119135		NZ_CP089932.1	2442024	2442611	-
LU633_RS12895	LU633_RS12895	DUF3596 domain-containing protein	0.104727104413433	0.103837657940354	0.403045340654115	0.59131044621864		NZ_CP089932.1	2445333	2445839	-
LU633_RS12905	LU633_RS12905	Tn3 family transposase	0.0679572666150899	-0.157185478630492	0.0891064907207024	-0.605097797294486		NZ_CP089932.1	2446411	2449380	-
LU633_RS12910	LU633_RS12910	recombinase family protein	0.490511478902956	0.22076908943188	-0.949557160946839	0.309377172049021		NZ_CP089932.1	2449548	2450180	+
LU633_RS12925	LU633_RS12925	alpha/beta hydrolase	0.0881150626646778	0.000983172878733	-0.0907542074076058	1.19228433091252		NZ_CP089932.1	2452237	2453232	+
LU633_RS12930	LU633_RS12930	phenolic acid decarboxylase	0.202816439527973	0.0838433753659005	-0.0533331514355893	0.224659132053967		NZ_CP089932.1	2453303	2453827	-
LU633_RS12935	LU633_RS12935	transposase	0.158887064990729	-0.380638253015632	-0.320542731568668	-1.65097192072069		NZ_CP089932.1	2454319	2454808	-
LU633_RS12940	LU633_RS12940	tRNA 2-thiocytidine(32) synthetase TtcA	-0.213388486062097	0.442186704193627	0.384002581861858	1.74982218564885	ttcA	NZ_CP089932.1	2455201	2456097	+
LU633_RS12950	LU633_RS12950	IS5/IS1182 family transposase	0.162803914759311	0.345012923225704	-0.199953776921349	0.903916137668144		NZ_CP089932.1	2456302	2456391	-
LU633_RS12965	LU633_RS12965	transposase	-0.387196517986079	-0.207511602571629	-1.27906906957497	0.804275627639188		NZ_CP089932.1	2458819	2459304	+
LU633_RS12975	LU633_RS12975	IS481 family transposase	-0.345907996538824	-0.280478610303763	-0.404557608005409	-0.10523512034296		NZ_CP089932.1	2460117	2460242	-
LU633_RS12980	LU633_RS12980	superoxide dismutase family protein	0.0154584564365168	0.0948690553940243	1.19880686503981	-0.308801589791288		NZ_CP089932.1	2460233	2460751	-
LU633_RS12985	LU633_RS12985	hypothetical protein	0.0711347816932597	-0.0828435215011391	0.111690147144632	-0.0776860573396023		NZ_CP089932.1	2460825	2461016	-
LU633_RS13015	LU633_RS13015	hypothetical protein	0.125890174767618	0.106160891422585	-0.0764862432966782	0.567967675284722		NZ_CP089932.1	2466147	2466371	-
LU633_RS13025	LU633_RS13025	hypothetical protein	0.203516174196474	-0.304267853759193	0.939971083431317	0.609362784883361		NZ_CP089932.1	2467719	2468108	-
LU633_RS13030	LU633_RS13030	hypothetical protein	0.277421048741768	0.281338252448731	-0.263104474616767	0.670183779109426		NZ_CP089932.1	2468196	2468648	-
LU633_RS13035	LU633_RS13035	phage/plasmid replication protein, II/X family	-0.230094263722013	-0.0710124106973062	-0.357598277842209	0.588050014533123		NZ_CP089932.1	2468816	2469867	+
LU633_RS13050	LU633_RS13050	AI-2E family transporter	0.24266642864617	0.139071730387756	0.0824971739715974	-0.253984454263093		NZ_CP089932.1	2472366	2473385	-
LU633_RS13065	LU633_RS13065	siderophore-interacting protein	0.308564320724657	0.0440464549189389	0.067471747410377	-0.18190110362848		NZ_CP089932.1	2475209	2475997	-
LU633_RS13070	LU633_RS13070	exopolysaccharide biosynthesis protein	-0.00332005398263	-0.0082206950278219	0.382805395519004	0.0561846821820466		NZ_CP089932.1	2476385	2478157	+
LU633_RS13100	LU633_RS13100	hypothetical protein	0.0914678718866619	0.0374557053107446	0.372252772364617	0.160430499567901		NZ_CP089932.1	2481264	2481521	-
LU633_RS13105	LU633_RS13105	hypothetical protein	0.186427590087305	0.125497036754081	-0.201404445718253	0.770667820257077		NZ_CP089932.1	2481631	2482227	-
LU633_RS13110	LU633_RS13110	hypothetical protein	0.231107338912633	0.169262451760701	-0.739244375832146	-0.160793777977534		NZ_CP089932.1	2482429	2482764	-
LU633_RS13115	LU633_RS13115	class I SAM-dependent methyltransferase	-0.16139641434437	-0.278339792161641	-0.354248585094711	1.04335579057589		NZ_CP089932.1	2483253	2483912	+
LU633_RS13120	LU633_RS13120	DoxX family protein	-0.393471668887813	-0.472481092899653	-0.968749442718012	-0.25433055053113		NZ_CP089932.1	2483979	2484413	+
LU633_RS13125	LU633_RS13125	aromatic acid/H+ symport family MFS transporter	0.0251336591155824	0.0264655024424225	-0.406308152230111	0.554020965324988		NZ_CP089932.1	2484505	2485830	-
LU633_RS13130	LU633_RS13130	hypothetical protein	0.052876416184011	-0.0171495800374651	-0.109176315594059	0.209300889243981		NZ_CP089932.1	2486310	2486549	-
LU633_RS13135	LU633_RS13135	alpha/beta hydrolase	-0.130253778246085	0.17250454481942	1.06311446946624	0.73488992775417		NZ_CP089932.1	2486692	2487552	-
LU633_RS13140	LU633_RS13140	hypothetical protein	-0.0589506757289666	0.101001137099293	0.0032894695093856	0.128370420381662		NZ_CP089932.1	2487670	2489148	-
LU633_RS13150	LU633_RS13150	recombinase family protein	0.164408893498551	0.0015932881406267	-0.0159349369429	0.134574519700441		NZ_CP089932.1	2490403	2491002	-
LU633_RS13155	LU633_RS13155	Tn3 family transposase	0.0018687538334401	0.0026925843915004	-0.0419255798587446	0.24336752463346		NZ_CP089932.1	2491081	2491731	-
LU633_RS13175	LU633_RS13175	universal stress protein UspE	-3.29637925355749	-3.2578014399854	0.360194043875007	0.164599174058404	uspE	NZ_CP089932.1	2495038	2495985	+
LU633_RS13180	LU633_RS13180	Re/Si-specific NAD(P)(+) transhydrogenase subunit beta	1.36035600724634	1.09350706625182	-0.249469019565195	-0.106781864839715	pntB	NZ_CP089932.1	2496091	2497479	-
LU633_RS13185	LU633_RS13185	Re/Si-specific NAD(P)(+) transhydrogenase subunit alpha	1.20249982400296	0.909030835723362	-0.604642679379422	0.0585118440097696	pntA	NZ_CP089932.1	2497490	2499022	-
LU633_RS13195	LU633_RS13195	DUF1471 family protein YdgH	0.0534329422215027	0.0058429922635918	0.411514725017342	0.221656809323793	ydgH	NZ_CP089932.1	2500339	2501292	+
LU633_RS13200	LU633_RS13200	hypothetical protein	-1.39716554842735	-1.44649259638479	0.289732012120376	0.16758933238578		NZ_CP089932.1	2501507	2501920	-
LU633_RS13205	LU633_RS13205	two-component system response regulator RstA	0.0451254459267489	-0.0068910203887965	-1.5685642305999	-1.85211604592839	rstA	NZ_CP089932.1	2502098	2502826	+
LU633_RS13210	LU633_RS13210	two-component system sensor histidine kinase RstB	0.0703016752771046	0.0790799389121306	-1.04636817946255	-1.75343305629046	rstB	NZ_CP089932.1	2502823	2504121	+
LU633_RS13215	LU633_RS13215	carboxypeptidase M32	-0.0105576305000594	-0.442866289563555	-0.0491979947221339	0.129145072254468		NZ_CP089932.1	2504149	2505639	+
LU633_RS13220	LU633_RS13220	acid resistance repetitive basic protein Asr	-0.295139758404845	-0.0923776573232371	-0.569483494758606	1.45185776126062	asr	NZ_CP089932.1	2505827	2506114	+
LU633_RS13225	LU633_RS13225	serine protease	-0.565053979333859	-0.0015180991688437	-3.79338800457006	-2.70693873848223		NZ_CP089932.1	2506394	2507209	+
LU633_RS13230	LU633_RS13230	Tn3 family transposase	0.249806211096299	-0.112574588918923	-0.519471695659494	-0.0984974109660921		NZ_CP089932.1	2507487	2507645	-
LU633_RS13255	LU633_RS13255	hypothetical protein	0.565404166839526	0.108289892685458	0.502836713065372	0.541158414726527		NZ_CP089932.1	2509788	2510117	-
LU633_RS13260	LU633_RS13260	peptide ABC transporter substrate-binding protein	-0.362419900913805	-0.330057618938123	-0.320930884134148	-0.393871253460731		NZ_CP089932.1	2510223	2511836	-
LU633_RS13270	LU633_RS13270	L-Ala-D/L-Glu epimerase	0.0710007349242587	0.232253941933182	0.773966134096748	-0.396039300918299		NZ_CP089932.1	2512798	2513212	-
LU633_RS13275	LU633_RS13275	hypothetical protein	0.416839394234188	0.0497317790516321	-2.34051115693003	-0.178533045367544		NZ_CP089932.1	2513207	2513326	+
LU633_RS13280	LU633_RS13280	transcriptional regulator TyrR	0.822809825762428	0.496538563975642	1.29938341573965	0.39523981803611	tyrR	NZ_CP089932.1	2513376	2514950	-
LU633_RS13285	LU633_RS13285	YcjF family protein	-0.221182494839901	-0.210086441823532	-0.017843327298374	-0.1712458087168		NZ_CP089932.1	2515043	2516083	-
LU633_RS13290	LU633_RS13290	YcjX family protein	0.037871533419093	0.294992962772313	0.0217702600364964	-0.720951517814182		NZ_CP089932.1	2516080	2517477	-
LU633_RS13295	LU633_RS13295	phage shock protein PspD	-0.316447731233646	0.023713403672132	0.153514832922117	0.14277462585916	pspD	NZ_CP089932.1	2517538	2517762	-
LU633_RS13300	LU633_RS13300	envelope stress response membrane protein PspC	-0.601321109040393	-0.454256809470537	-0.689737374427622	0.82077710432281	pspC	NZ_CP089932.1	2517808	2518161	-
LU633_RS13305	LU633_RS13305	envelope stress response membrane protein PspB	-0.290993327325716	-0.20711200163131	0.466173340109002	-1.15126155185908	pspB	NZ_CP089932.1	2518158	2518385	-
LU633_RS13310	LU633_RS13310	phage shock protein PspA	-0.742624389856604	-0.766539752523003	-0.406276195805535	0.0171552555904979	pspA	NZ_CP089932.1	2518427	2519092	-
LU633_RS13315	LU633_RS13315	phage shock protein operon transcriptional activator	0.0027610247529692	-0.130278578761478	0.0209019085844779	-0.231145482193858	pspF	NZ_CP089932.1	2519257	2520258	+
LU633_RS13320	LU633_RS13320	peptide ABC transporter substrate-binding protein SapA	-0.588325579302218	-0.681154703682024	-1.44302399802688	-1.67051429760868	sapA	NZ_CP089932.1	2520838	2522442	+
LU633_RS13325	LU633_RS13325	putrescine ABC transporter permease SapB	-0.764159865716681	-0.791885147163494	-1.26111229551604	-0.910248211209755	sapB	NZ_CP089932.1	2522436	2523401	+
LU633_RS13360	LU633_RS13360	hypothetical protein	-0.459144703502168	-0.207631072442774	-1.76606001514866	0.317680417553462		NZ_CP089932.1	2528147	2528557	+
LU633_RS13365	LU633_RS13365	carbohydrate binding domain-containing protein	0.163911629141344	-0.0972791411417026	0.929976644124007	0.0655706335188198		NZ_CP089932.1	2528589	2529002	+
LU633_RS13370	LU633_RS13370	Rpn family recombination-promoting nuclease/putative transposase	0.351921759586675	0.080616548083535	-0.160786913896187	0.0739957291266551		NZ_CP089932.1	2529125	2529661	-
LU633_RS13380	LU633_RS13380	2-hydroxyacid dehydrogenase	0.357171084314635	-0.0704072474861014	-0.865775932524391	0.653621095988698		NZ_CP089932.1	2530798	2531040	+
LU633_RS13385	LU633_RS13385	DUF333 domain-containing protein	-0.550217006983398	-0.773301514082587	-0.178446650885337	0.41048968853611		NZ_CP089932.1	2531083	2531355	-
LU633_RS13405	LU633_RS13405	AraC family transcriptional regulator	-0.0520892990065861	-0.116098937861149	-0.205685868860329	0.372380738739601		NZ_CP089932.1	2534852	2535042	-
LU633_RS13410	LU633_RS13410	Rrf2 family transcriptional regulator	-0.127168263040973	-0.159599091683368	-0.148671240254057	0.19475382662254		NZ_CP089932.1	2535166	2535612	-
LU633_RS13415	LU633_RS13415	sugar transporter	0.217275611893123	-0.502267766915726	-1.07662513358514	0.769204890032017		NZ_CP089932.1	2535997	2536137	+
LU633_RS13420	LU633_RS13420	sugar transporter	0.299267010526903	0.702913782577273	0.410577089704391	0.595564332010777		NZ_CP089932.1	2536136	2536365	+
LU633_RS13425	LU633_RS13425	L-rhamnose mutarotase	0.187468355924043	0.490047393432782	0.422305158345382	0.545918926279529	rhaM	NZ_CP089932.1	2536431	2536745	-
LU633_RS13430	LU633_RS13430	rhamnulose-1-phosphate aldolase	0.035490493662824	0.314085713142909	0.508277664182841	0.0734280380828465	rhaD	NZ_CP089932.1	2536735	2537577	-
LU633_RS13435	LU633_RS13435	L-rhamnose isomerase	-0.0626797904365244	-0.163743757169576	0.162700621099811	-0.294279413779707		NZ_CP089932.1	2537587	2538843	-
LU633_RS13440	LU633_RS13440	rhamnulokinase	-0.0671445297995532	-0.0520901916736861	0.332436029131446	-0.0093907087523292	rhaB	NZ_CP089932.1	2538840	2540312	-
LU633_RS13445	LU633_RS13445	HTH-type transcriptional activator RhaS	-0.0589709252068531	-0.149862833275714	-0.210219862800536	0.359982597073714	rhaS	NZ_CP089932.1	2540613	2541440	+
LU633_RS13450	LU633_RS13450	HTH-type transcriptional activator RhaR	0.195613120959651	0.15437413986032	-0.250209263916343	0.13760541330308	rhaR	NZ_CP089932.1	2541449	2542306	+
LU633_RS13455	LU633_RS13455	l-rhamnose-proton symporter	0.288824291097915	0.185633272757989	-0.8256986394574	1.25626337214095		NZ_CP089932.1	2542328	2542576	-
LU633_RS13460	LU633_RS13460	methyl-accepting chemotaxis protein	-0.121871460345835	-0.249362372755628	0.0569860213231943	0.718905584805253		NZ_CP089932.1	2542823	2544490	-
LU633_RS13475	LU633_RS13475	bifunctional NADP-dependent 3-hydroxy acid dehydrogenase/3-hydroxypropionate dehydrogenase YdfG	0.240505781427587	-0.0735181807440464	0.0848970756649612	0.337145185808932	ydfG	NZ_CP089932.1	2547121	2547873	+
LU633_RS13480	LU633_RS13480	SMP-30/gluconolactonase/LRE family protein	0.0180156327569763	-0.154517730228342	-0.340819886184814	0.0151043720974671		NZ_CP089932.1	2547933	2548961	-
LU633_RS13485	LU633_RS13485	hypothetical protein	-0.979912771666399	-0.577193335076088	-1.45659076866821	-0.654475881100199		NZ_CP089932.1	2548974	2549177	-
LU633_RS13505	LU633_RS13505	acyltransferase	-0.399145331966576	-0.220572331634441	0.0843102196279055	-0.107348742320934		NZ_CP089932.1	2551097	2551453	+
LU633_RS13510	LU633_RS13510	DUF1378 family protein	0.302742568911685	0.457351180941671	0.429291591451051	1.41907690648313		NZ_CP089932.1	2551677	2551829	-
LU633_RS13515	LU633_RS13515	tail fiber assembly protein	0.0912888674943899	0.0375905895330976	-0.0168950714541574	0.062942241358344		NZ_CP089932.1	2551890	2552462	-
LU633_RS13520	LU633_RS13520	phage tail protein	-0.0776634434418336	-0.277909519617963	-0.628757759112879	-0.733287906544999		NZ_CP089932.1	2552459	2553111	-
LU633_RS13530	LU633_RS13530	IS21-like element helper ATPase IstB	0.178836609290848	0.124463691162861	0.942078980533722	-0.10007288057907	istB	NZ_CP089932.1	2554685	2555290	+
LU633_RS13540	LU633_RS13540	minor capsid protein	0.271697852763116	0.0717512980174226	-0.710523949563569	-0.449503150081413		NZ_CP089932.1	2555669	2557120	-
LU633_RS13545	LU633_RS13545	DUF935 domain-containing protein	-0.284308115599665	-0.0453226926786731	-0.293685126004878	0.104034132383778		NZ_CP089932.1	2557113	2558669	-
LU633_RS13550	LU633_RS13550	phage terminase large subunit	-0.263318877545434	-0.334606313760284	-0.425671141159302	-0.755578884935028	terL	NZ_CP089932.1	2558670	2559581	-
LU633_RS13555	LU633_RS13555	hypothetical protein	-0.0832801062551239	-0.0983637620815141	-1.72943397591196	0.0385989991793825		NZ_CP089932.1	2559500	2560363	-
LU633_RS13570	LU633_RS13570	hypothetical protein	-0.0098679690849432	-0.0963479273475867	0.029050875848216	0.0422451268099897		NZ_CP089932.1	2561118	2561384	-
LU633_RS13590	LU633_RS13590	lysozyme	-0.221329801157008	-0.231219649856548	0.59851164929509	-0.770199205835173		NZ_CP089932.1	2562303	2562758	-
LU633_RS13605	LU633_RS13605	DUF2778 domain-containing protein	-0.215203436300517	-0.0649559088515835	-0.17142689304784	0.264439954631728		NZ_CP089932.1	2563994	2564340	+
LU633_RS13615	LU633_RS13615	hypothetical protein	-0.111090848543891	-0.440813362563634	-0.0817840954800912	-0.244218521550397		NZ_CP089932.1	2565634	2565897	+
LU633_RS13620	LU633_RS13620	DUF4406 domain-containing protein	0.101096549550659	-0.149671783424573	0.818512917127508	0.429306440376738		NZ_CP089932.1	2565924	2566289	-
LU633_RS13625	LU633_RS13625	DUF2786 domain-containing protein	0.092356061879147	-0.0841238876253367	-0.133121163964349	-0.0156180451172911		NZ_CP089932.1	2566545	2567216	-
LU633_RS13660	LU633_RS13660	FAD-binding protein	0.0928184588902428	-0.0662030940920465	-0.097279652745073	-0.0911414053857347		NZ_CP089932.1	2569850	2571580	-
LU633_RS13665	LU633_RS13665	N-acetylmuramoyl-L-alanine amidase	0.308727273190311	0.172959995657069	0.285038127648253	0.153540322252146		NZ_CP089932.1	2571747	2572511	-
LU633_RS13670	LU633_RS13670	family 10 glycosylhydrolase	-0.0395686615963877	-0.200994828728214	-0.0924514886502039	-0.881257927693629		NZ_CP089932.1	2572737	2573672	-
LU633_RS13675	LU633_RS13675	IS1 family transposase	-0.0108558766554553	-0.533373768573221	-0.470229966552054	-0.674646413852175		NZ_CP089932.1	2574480	2575177	+
LU633_RS13680	LU633_RS13680	alcohol dehydrogenase	-0.470357837611928	0.236915761358471	1.91446441060598	0.161651464329827		NZ_CP089932.1	2575284	2575567	-
LU633_RS13695	LU633_RS13695	PAS domain-containing methyl-accepting chemotaxis protein	0.194854200484313	0.0750079952918511	-1.04855367860476	0.35941429603812		NZ_CP089932.1	2576148	2577398	-
LU633_RS13700	LU633_RS13700	SrfA family protein	0.0751312202083307	-0.227565244860726	-0.52106184172528	-0.372990809993232		NZ_CP089932.1	2578147	2579535	+
LU633_RS13705	LU633_RS13705	virulence factor SrfB	0.0593173088259331	0.0292496747782227	-0.12267080146391	-0.189939374165163		NZ_CP089932.1	2579538	2582519	+
LU633_RS13710	LU633_RS13710	virulence factor SrfC family protein	0.194280766910462	0.173007043245953	0.311795539743976	0.595164314358244		NZ_CP089932.1	2582516	2584906	+
LU633_RS13715	LU633_RS13715	diaminobutyrate--2-oxoglutarate transaminase	-0.843070894701585	-1.21995585825032	-0.823680486353078	-0.798434662744783		NZ_CP089932.1	2585364	2586749	+
LU633_RS13720	LU633_RS13720	aspartate aminotransferase family protein	-0.515821510206339	-0.677062468462377	-0.316268027806832	-0.476351697908719		NZ_CP089932.1	2586764	2588254	+
LU633_RS13735	LU633_RS13735	IS3 family transposase	0.799439947682962	0.285116904412619	1.00012394517039	-1.1402280449508		NZ_CP089932.1	2591451	2592053	-
LU633_RS13745	LU633_RS13745	ATP-dependent RNA helicase DbpA	0.181253486122316	0.0582861874617205	-0.0729793390332467	0.0872624862500582	dbpA	NZ_CP089932.1	2592687	2594066	-
LU633_RS13750	LU633_RS13750	IS3 family transposase	0.223355381253869	0.0877173763574353	-0.2911438404613	-0.300528476670854		NZ_CP089932.1	2594657	2595504	+
LU633_RS13785	LU633_RS13785	isopentenyl transferase family protein	0.0799256808957971	0.0586767664292713	0.0013488436601454	-0.216805364188153		NZ_CP089932.1	2599747	2600466	-
LU633_RS13795	LU633_RS13795	Tn3 family transposase	0.0514429583887672	0.0617241892834541	0.0432381625073164	0.0977095351050692		NZ_CP089932.1	2601645	2604209	-
LU633_RS13800	LU633_RS13800	recombinase family protein	-0.0690444853942921	-0.206716525687516	-0.535746899202711	-0.0733337219491457		NZ_CP089932.1	2604358	2604921	+
LU633_RS13815	LU633_RS13815	transposase zinc-binding domain-containing protein	-0.151012198835307	-0.292520800469485	-0.697320045723611	0.552472900741843		NZ_CP089932.1	2605425	2605945	+
LU633_RS13825	LU633_RS13825	ISL3 family transposase	0.0817158131272487	0.0206494674566727	0.282981041877393	0.0264829970777993		NZ_CP089932.1	2606696	2607852	-
LU633_RS13835	LU633_RS13835	YgiW/YdeI family stress tolerance OB fold protein	-0.0721409754996631	0.0707467729472651	-0.0980381026659234	-0.173511299707032		NZ_CP089932.1	2609131	2609514	-
LU633_RS13840	LU633_RS13840	L-ribulose-5-phosphate 4-epimerase AraD	0.250041749408876	-0.020241855888423	-0.316897253856993	0.118110749666421	araD	NZ_CP089932.1	2609574	2610307	-
LU633_RS13860	LU633_RS13860	phage protein	-0.108535284000808	0.0464609127892993	0.271809479224187	0.266554531828813		NZ_CP089932.1	2615475	2615813	+
LU633_RS13865	LU633_RS13865	hypothetical protein	-0.332844850839904	-0.315337495110207	0.0216615192076008	0.230485871550576		NZ_CP089932.1	2615881	2616123	+
LU633_RS13885	LU633_RS13885	hypothetical protein	0.256248708352222	-0.0223253511568677	-0.907087119996311	-0.0331899661618067		NZ_CP089932.1	2618846	2619052	+
LU633_RS13895	LU633_RS13895	hypothetical protein	-0.195076668074255	0.0911298475519599	-0.0377336844317517	0.165843981747035		NZ_CP089932.1	2620519	2620800	+
LU633_RS13910	LU633_RS13910	electron transport complex subunit RsxA	-2.84707147679662	-2.11105406019649	-3.02438921616245	-0.885605858370371	rsxA	NZ_CP089932.1	2624191	2624772	+
LU633_RS13920	LU633_RS13920	electron transport complex subunit RsxC	-2.11284687532673	-2.14401304406968	-1.97071747575664	-1.28292641150406	rsxC	NZ_CP089932.1	2625340	2627046	+
LU633_RS13940	LU633_RS13940	endonuclease III	-0.244966827202686	-0.256009332254422	0.0722927435015872	-0.0235495060902335	nth	NZ_CP089932.1	2629518	2630150	+
LU633_RS13945	LU633_RS13945	hypothetical protein	0.14286208533523	0.0319240938985976	-0.461397108437373	-0.247939295641998		NZ_CP089932.1	2630479	2631297	+
LU633_RS13950	LU633_RS13950	GMC oxidoreductase	-0.316123218710044	0.185942514313702	0.583959900270829	-0.0764625520915971		NZ_CP089932.1	2631405	2632079	-
LU633_RS13955	LU633_RS13955	GMC family oxidoreductase N-terminal domain-containing protein	0.22739771508943	0.744837091575138	-1.94718637613776	0.951036213406293		NZ_CP089932.1	2632281	2633028	-
LU633_RS13965	LU633_RS13965	glutathione transferase GstA	-0.398013583737648	-0.310270952215951	0.360924601168511	-0.0970807443299051	gstA	NZ_CP089932.1	2633382	2633984	+
LU633_RS13970	LU633_RS13970	hypothetical protein	-0.214319522123408	-0.0945870083703823	0.317881124295946	0.217200279776909		NZ_CP089932.1	2634095	2634991	-
LU633_RS13975	LU633_RS13975	pyridoxal kinase PdxY	-0.0344661918616297	-0.285010235843503	-1.60282720966706	3.00239618154688	pdxY	NZ_CP089932.1	2635147	2636016	-
LU633_RS13990	LU633_RS13990	anhydro-N-acetylmuramic acid kinase	0.0787327622354609	-0.0700036268697184	0.465523245476568	-0.264616870267532	anmK	NZ_CP089932.1	2638493	2639614	-
LU633_RS13995	LU633_RS13995	outer membrane lipoprotein SlyB	-1.34622099071788	-0.593572434304251	-0.416636811390438	-0.402424726944032	slyB	NZ_CP089932.1	2639901	2640368	+
LU633_RS14005	LU633_RS14005	ribonuclease T	0.382352446755171	0.142978413823039	0.224809293493314	0.218852230139879	rnt	NZ_CP089932.1	2641918	2642568	-
LU633_RS14010	LU633_RS14010	lactoylglutathione lyase	-0.374795860037767	-0.387658499072132	0.139439170278676	0.0667957031420972	gloA	NZ_CP089932.1	2642671	2643078	-
LU633_RS14015	LU633_RS14015	N-ethylmaleimide reductase	-0.0244614901255799	0.0074142762779851	0.279090306044966	0.168759694588505		NZ_CP089932.1	2643165	2643647	-
LU633_RS14020	LU633_RS14020	DUF1289 domain-containing protein	-0.475453750174998	-0.416546103911762	-1.80467077537006	-0.0460991091594818		NZ_CP089932.1	2643879	2644118	+
LU633_RS14025	LU633_RS14025	transcriptional regulator SlyA	1.35861489014464	0.9123548900174	-0.375391563586042	0.292415534273276	slyA	NZ_CP089932.1	2644963	2645400	+
LU633_RS14050	LU633_RS14050	DinI family protein	0.0607767036171828	0.0687039318299989	0.0956244898471459	0.217558842991636		NZ_CP089932.1	2649835	2650017	+
LU633_RS14055	LU633_RS14055	IS4/IS5 family transposase	-0.189030635797214	-0.253464283186985	0.7135980703411	-0.629457937992346		NZ_CP089932.1	2650362	2650781	+
LU633_RS14075	LU633_RS14075	C40 family peptidase	0.513827996556542	0.372401657713761	-0.202816304185212	-0.321084636489479		NZ_CP089932.1	2654062	2654868	+
LU633_RS14080	LU633_RS14080	HTH-type transcriptional repressor PurR	0.259679594283461	0.22055075297614	-0.102474467660378	0.164891063104808	purR	NZ_CP089932.1	2655274	2656293	+
LU633_RS14090	LU633_RS14090	LysR family transcriptional regulator	0.165787658459264	-0.0046097715710895	0.556118998509575	-0.0038720600377883		NZ_CP089932.1	2657629	2658534	-
LU633_RS14095	LU633_RS14095	Bcr/CflA family multidrug efflux MFS transporter	0.0471870119139832	0.168353669124812	-0.471655189427965	-0.167853614191013		NZ_CP089932.1	2658648	2659829	+
LU633_RS14105	LU633_RS14105	MATE family efflux transporter	0.307771432177377	0.0690596177149299	0.648396647054518	0.39049942331683		NZ_CP089932.1	2660978	2662351	+
LU633_RS14120	LU633_RS14120	tRNA-Val	0.988381476735504	0.451251304919731	0.286658162756418	0.102299388142665		NZ_CP089932.1	2662665	2662741	+
LU633_RS14160	LU633_RS14160	IS481 family transposase	0.006780604513266	-0.300059283966362	-0.448451555942971	0.604751958027826		NZ_CP089932.1	2671192	2671620	+
LU633_RS14170	LU633_RS14170	IS66 family transposase	-0.0839983812184993	-0.040135175991154	0.0117917298648131	-0.269687513706165		NZ_CP089932.1	2672685	2674210	-
LU633_RS14210	LU633_RS14210	hypothetical protein	0.204208439050459	-0.008459988429903	0.592182096687713	-0.38835345402972		NZ_CP089932.1	2680928	2681320	+
LU633_RS14215	LU633_RS14215	hotdog fold thioesterase	-0.117568223220432	0.236031780240113	-0.229221729308246	-0.124003587323593		NZ_CP089932.1	2681348	2681785	-
LU633_RS14220	LU633_RS14220	FAD-binding oxidoreductase	-3.51965305501068	-4.37057482637766	-0.954585896856081	-0.6939959519478		NZ_CP089932.1	2681785	2684844	-
LU633_RS14225	LU633_RS14225	AI-2E family transporter YdiK	0.290072150834927	0.524117933766573	-1.2469335447566	-3.22265364979074	ydiK	NZ_CP089932.1	2685065	2686180	+
LU633_RS14235	LU633_RS14235	phosphoenolpyruvate synthase	0.102240785089294	-0.306838643632156	0.28037724304917	-0.155632532173454	ppsA	NZ_CP089932.1	2686594	2688978	-
LU633_RS14245	LU633_RS14245	kinase/pyrophosphorylase	-0.132203882807285	0.0291215512033607	-0.522082743884069	0.249415096691527		NZ_CP089932.1	2690186	2691013	+
LU633_RS14250	LU633_RS14250	3-deoxy-7-phosphoheptulonate synthase	-0.150638895899743	-0.303087716088137	-0.298010374510243	-0.32460315181525		NZ_CP089932.1	2691166	2692212	+
LU633_RS14255	LU633_RS14255	methyl-accepting chemotaxis protein	-0.149698513135379	-0.202265704032427	0.234363427931765	0.119894163236354		NZ_CP089932.1	2692276	2693820	-
LU633_RS14260	LU633_RS14260	MFS transporter	0.0819381583368712	-0.20753814844062	0.308143817883965	-0.177889193704309		NZ_CP089932.1	2694044	2695249	-
LU633_RS14265	LU633_RS14265	methyl-accepting chemotaxis protein	0.223390618305316	0.0350171401017343	-0.0248423769865742	-0.0708167195149529		NZ_CP089932.1	2696057	2697444	-
LU633_RS14270	LU633_RS14270	sensor domain-containing phosphodiesterase	-0.126958763696537	-0.0260033072420979	0.0924283500634713	-0.149414860516686		NZ_CP089932.1	2697785	2699566	+
LU633_RS14275	LU633_RS14275	diguanylate cyclase	-0.121554662260596	-0.31207838566932	-0.132809254852825	0.765729212480133		NZ_CP089932.1	2699671	2700057	-
LU633_RS14280	LU633_RS14280	YdiU family protein	-0.157301200932866	-0.197210226115752	-0.0772913148658758	-0.12957677262014		NZ_CP089932.1	2700089	2701528	-
LU633_RS14285	LU633_RS14285	EAL domain-containing protein	-0.225683006939948	-0.280527796665581	-0.384850322418452	0.123887190104266		NZ_CP089932.1	2701620	2702363	-
LU633_RS14290	LU633_RS14290	NlpC/P60 family protein	0.293415575815912	0.0935521197409138	-0.113700429822672	-0.0967690681339108		NZ_CP089932.1	2702895	2703353	-
LU633_RS14295	LU633_RS14295	hypothetical protein	0.225183125119002	0.377262161801074	-0.171969873422525	-0.681238945896823		NZ_CP089932.1	2703577	2703951	-
LU633_RS14300	LU633_RS14300	glutathione peroxidase	-0.084876068957951	-0.0829647715855059	0.500265332624174	-0.227785614062376		NZ_CP089932.1	2704052	2704597	-
LU633_RS14305	LU633_RS14305	hypothetical protein	-0.0613178486627876	5.55722988477836e-05	0.786453431292696	-0.166976851063311		NZ_CP089932.1	2705351	2705869	+
LU633_RS14310	LU633_RS14310	IS1 family transposase	0.0018687538334401	0.133867115877586	0.178792939342877	0.0339287376197284		NZ_CP089932.1	2706493	2707184	+
LU633_RS14320	LU633_RS14320	regulatory phage cox family protein	-0.172446176716089	-0.232244932681703	-0.793217957406144	0.31020992157727		NZ_CP089932.1	2707607	2707848	-
LU633_RS14325	LU633_RS14325	helix-turn-helix domain-containing protein	0.292929618363365	0.111093151182709	0.101058322818526	1.52008583401349		NZ_CP089932.1	2707965	2708252	+
LU633_RS14330	LU633_RS14330	tyrosine-type recombinase/integrase	-0.389762388467836	-0.0777710564851847	-0.230239063917483	0.490984351815362		NZ_CP089932.1	2708343	2709331	+
LU633_RS14380	LU633_RS14380	DUF481 domain-containing protein	-0.194695372285905	-0.144198544269659	-0.551832123384353	-0.431775388487165		NZ_CP089932.1	2718685	2719440	-
LU633_RS14390	LU633_RS14390	YniB family protein	-0.0537384189725036	-0.0916324455379534	0.353930443999797	0.122530127205837		NZ_CP089932.1	2721444	2721983	-
LU633_RS14395	LU633_RS14395	hexitol phosphatase HxpB	0.602466807356712	-0.149876118842366	1.13610696180913	-0.526460997015301	hxpB	NZ_CP089932.1	2722147	2722784	+
LU633_RS14400	LU633_RS14400	metal-dependent hydrolase	0.0467458090988142	-0.0389215025388953	0.629385900747964	0.0117263593211026		NZ_CP089932.1	2722925	2723515	+
LU633_RS14405	LU633_RS14405	L-cystine transporter	-0.297611261430392	-0.188174591232575	-0.264982524556062	-0.0003935392792593		NZ_CP089932.1	2723677	2725074	+
LU633_RS14410	LU633_RS14410	catalase	-0.0521799335211641	-0.0690106030322425	-0.41113547891889	0.304326945592925		NZ_CP089932.1	2725253	2726401	+
LU633_RS14425	LU633_RS14425	osmotically-inducible lipoprotein OsmE	0.186170560470862	-0.0046967190283904	0.0818119970782405	-0.0635291166277345	osmE	NZ_CP089932.1	2729251	2729586	-
LU633_RS14440	LU633_RS14440	IS256 family transposase	-0.0966629667380341	0.585011474823726	1.61906569657385	-0.0096840293470159		NZ_CP089932.1	2732442	2733649	-
LU633_RS14445	LU633_RS14445	inverse autotransporter beta domain-containing protein	-0.0052462385319227	-0.0334947561727154	-0.0978340517022942	-0.175139178221613		NZ_CP089932.1	2734270	2735223	-
LU633_RS14455	LU633_RS14455	hypothetical protein	-0.35887861961103	0.0444921840994443	-0.0073619701813005	0.436659213390402		NZ_CP089932.1	2736188	2736451	-
LU633_RS14460	LU633_RS14460	SH3 domain-containing protein	0.554198901313981	0.160392867990933	0.433174660525822	1.234307927398		NZ_CP089932.1	2736605	2737114	+
LU633_RS14465	LU633_RS14465	type IVB secretion system protein IcmH/DotU	1.33606791807696	0.518643251094136	1.22578508096406	2.93348085141907	icmH	NZ_CP089932.1	2737206	2738423	+
LU633_RS14470	LU633_RS14470	type VI secretion system membrane subunit TssM	0.781641697415628	0.166390453611349	1.603030747051	2.44257149358389	tssM	NZ_CP089932.1	2738423	2740537	+
LU633_RS14475	LU633_RS14475	type VI secretion system-associated protein TagF	-0.343419449301804	-1.30227188810187	-1.21917487045735	0.281618621742592	tagF	NZ_CP089932.1	2740540	2741238	+
LU633_RS14480	LU633_RS14480	type VI secretion system-associated FHA domain protein TagH	-0.842585947004087	-0.846922298026709	0.0906374041939388	1.0842114275401	tagH	NZ_CP089932.1	2741280	2742443	+
LU633_RS14485	LU633_RS14485	serine/threonine-protein phosphatase	-1.4594907255183	-1.90245338593672	-0.93805781316668	-0.586923494189338		NZ_CP089932.1	2742440	2743216	+
LU633_RS14490	LU633_RS14490	hypothetical protein	0.981311177905963	0.422304690834608	0.892457469510694	1.34255317990102		NZ_CP089932.1	2743231	2744178	+
LU633_RS14495	LU633_RS14495	serine/threonine protein kinase	1.05542842108771	0.657556493987548	1.66665203230699	1.73829684233866		NZ_CP089932.1	2744228	2745646	+
LU633_RS14500	LU633_RS14500	gamma-glutamylcyclotransferase	0.0554998149462461	0.12143573413798	-0.0006591047124566	-0.377547060455867		NZ_CP089932.1	2745655	2746335	-
LU633_RS14505	LU633_RS14505	sodium-potassium/proton antiporter ChaA	-0.966606960563008	-0.381561268196653	-0.0807376209126087	1.02569766644398	chaA	NZ_CP089932.1	2746888	2747985	+
LU633_RS14510	LU633_RS14510	META domain-containing protein	-0.54195907148933	-0.121978421106251	-0.835366396044507	0.860171263832263		NZ_CP089932.1	2748059	2748457	-
LU633_RS14520	LU633_RS14520	invasion regulator SirB1	1.09837171663033	1.09183924811577	-0.583122741269669	-1.04467107814561	sirB1	NZ_CP089932.1	2749379	2750188	-
LU633_RS14575	LU633_RS14575	hypothetical protein	0.0722008274651931	-0.159960631118419	0.0705965687602341	0.0171552555904979		NZ_CP089932.1	2759696	2759950	+
LU633_RS14580	LU633_RS14580	CCDC90 family protein	-0.366111920950355	0.459649257982111	-0.832150139651353	1.60676736342863		NZ_CP089932.1	2760072	2760608	-
LU633_RS14585	LU633_RS14585	Tn3 family transposase	0.327702375791097	0.134345157064501	0.41079241620794	0.294199923417557		NZ_CP089932.1	2760877	2763770	-
LU633_RS14590	LU633_RS14590	recombinase family protein	0.420842187617579	0.170411791185341	0.467052135840054	0.772173042334616		NZ_CP089932.1	2763941	2764456	+
LU633_RS14605	LU633_RS14605	hypothetical protein	0.113331570811919	0.10121691691503	0.0208174429981196	0.276048845095645		NZ_CP089932.1	2767654	2768058	-
LU633_RS14655	LU633_RS14655	hypothetical protein	-0.29802477271256	-0.0866998619536449	-0.331674356935177	-0.281950613155038		NZ_CP089932.1	2776255	2776686	-
LU633_RS14660	LU633_RS14660	N-acetylmuramoyl-L-alanine amidase	-0.167895175307158	-0.377752012560163	0.0259951497743003	-0.404663720181115		NZ_CP089932.1	2776680	2777279	-
LU633_RS14665	LU633_RS14665	type VI secretion system tube protein Hcp	-0.134551864026918	-0.11634674342969	0.605372075924061	-0.233976378560925		NZ_CP089932.1	2777307	2777789	-
LU633_RS14675	LU633_RS14675	hypothetical protein	0.0724918741104127	0.13538852240932	-0.504842318290284	0.0812168352358043		NZ_CP089932.1	2778883	2779197	+
LU633_RS14680	LU633_RS14680	DUF4225 domain-containing protein	0.182852671461414	-0.177479241996652	0.578292179661268	0.1208936746825		NZ_CP089932.1	2779194	2780015	-
LU633_RS14700	LU633_RS14700	excisionase family protein	-0.0010727419689192	-0.0951520058011943	-0.745000072826516	-0.0827779234461457		NZ_CP089932.1	2782144	2782284	+
LU633_RS14710	LU633_RS14710	flagellar M-ring protein FliF	-0.0078703363824616	-0.131680265209465	0.147961577498897	-0.30993941477263	fliF	NZ_CP089932.1	2783649	2785370	+
LU633_RS14715	LU633_RS14715	flagellar motor switch protein FliG	-0.0020001900248927	-0.55133062413085	-0.836432270419985	0.0249188652375147	fliG	NZ_CP089932.1	2785367	2786359	+
LU633_RS14720	LU633_RS14720	flagellar assembly protein FliH	0.208908801100064	0.24026187221769	2.60368874026519	-0.750928003018541	fliH	NZ_CP089932.1	2786352	2787044	+
LU633_RS14725	LU633_RS14725	flagellum-specific ATP synthase FliI	0.052700195266277	-0.0784368956095276	0.0619192934137984	0.652212122298814	fliI	NZ_CP089932.1	2787044	2788405	+
LU633_RS14730	LU633_RS14730	flagella biosynthesis chaperone FliJ	0.0845372342535247	-0.0633425456465672	0.387802858860696	-0.187431055053258	fliJ	NZ_CP089932.1	2788421	2788867	+
LU633_RS14735	LU633_RS14735	flagellar hook-length control protein FliK	0.369902385608675	-0.0053104768377102	-0.192604170322371	0.386865599226804		NZ_CP089932.1	2788864	2790189	+
LU633_RS14740	LU633_RS14740	flagellar basal body-associated protein FliL	-0.209518571789147	-0.105162375370058	0.323096277708314	-0.294664879317822	fliL	NZ_CP089932.1	2790342	2790824	+
LU633_RS14745	LU633_RS14745	flagellar motor switch protein FliM	-0.253815902523178	-0.0616354835435511	0.625417572561201	0.795766330331253	fliM	NZ_CP089932.1	2790829	2791836	+
LU633_RS14750	LU633_RS14750	flagellar motor switch protein FliN	0.112401112857756	0.56926881023392	2.61251686162762	-1.899977107011	fliN	NZ_CP089932.1	2791829	2792233	+
LU633_RS14755	LU633_RS14755	flagellar biosynthetic protein FliO	0.261529980706065	-0.0416111736068033	0.770642543643466	-1.69608072414718	fliO	NZ_CP089932.1	2792235	2792630	+
LU633_RS14760	LU633_RS14760	flagellar type III secretion system pore protein FliP	0.0192571105333699	-0.247774377731243	-0.728012479326098	0.368077444700749	fliP	NZ_CP089932.1	2792627	2793361	+
LU633_RS14765	LU633_RS14765	flagellar biosynthesis protein FliQ	0.105426278413694	-0.27862233565997	-0.251687017233771	-0.148951125354454	fliQ	NZ_CP089932.1	2793503	2793772	+
LU633_RS14770	LU633_RS14770	flagellar type III secretion system protein FliR	0.0676554686616618	-0.0954969478585321	-0.577278429639147	-0.0970443893768917	fliR	NZ_CP089932.1	2793772	2794557	+
LU633_RS14775	LU633_RS14775	transcriptional regulator RcsA	1.80601754796238	0.994738729756274	3.82171844041243	2.88100621578478	rcsA	NZ_CP089932.1	2795203	2795838	+
LU633_RS14780	LU633_RS14780	Tar ligand binding domain-containing protein	-0.0902531988904042	0.0163955830770961	-0.0720283832291022	0.0865809497858596		NZ_CP089932.1	2796030	2796626	+
LU633_RS14785	LU633_RS14785	hypothetical protein	0.0018687538334401	-0.121301981666715	-0.103579449719217	-0.335774424794947		NZ_CP089932.1	2796649	2796804	+
LU633_RS14790	LU633_RS14790	methyl-accepting chemotaxis protein	-0.109476170589951	0.163672393328194	-0.159785621298685	0.110773063272593		NZ_CP089932.1	2796922	2797564	+
LU633_RS14800	LU633_RS14800	IS481 family transposase	-1.04464507145195	-0.666657658608774	-1.30570091754897	-0.732285290238042		NZ_CP089932.1	2799046	2800086	-
LU633_RS14820	LU633_RS14820	lysozyme	-0.284661715935963	0.377937434908457	1.03172694004846	0.416864795189338		NZ_CP089932.1	2803448	2803885	-
LU633_RS14830	LU633_RS14830	lytic polysaccharide monooxygenase	0.0018687538334401	0.0074432836445783	0.447018655482658	0.573881708960348		NZ_CP089932.1	2804489	2807041	-
LU633_RS14840	LU633_RS14840	flagellar hook-associated protein FlgL	0.112788717305672	-0.168383443224381	-0.398559593599372	0.0471880331611267	flgL	NZ_CP089932.1	2809665	2810630	-
LU633_RS14845	LU633_RS14845	flagellar hook-associated protein FlgK	-0.211163331366868	-0.255867267215198	-0.261192134055914	0.10806606154669	flgK	NZ_CP089932.1	2810648	2812300	-
LU633_RS14850	LU633_RS14850	flagellar assembly peptidoglycan hydrolase FlgJ	0.31674210259729	0.181488178746405	0.339106580421052	-0.0122285206089905	flgJ	NZ_CP089932.1	2812542	2813480	-
LU633_RS14855	LU633_RS14855	flagellar basal body P-ring protein FlgI	0.408243600594171	-0.0085069428720915	-0.815019697732031	-0.462375025847875		NZ_CP089932.1	2813480	2814577	-
LU633_RS14860	LU633_RS14860	flagellar basal body L-ring protein FlgH	-0.165742745618139	-0.429690868142709	-0.0086990847866483	-0.286250462515394	flgH	NZ_CP089932.1	2814587	2815288	-
LU633_RS14865	LU633_RS14865	flagellar basal-body rod protein FlgG	0.0890823073488244	0.133380977516592	0.133645998563364	0.0725243992483176	flgG	NZ_CP089932.1	2815353	2816135	-
LU633_RS14870	LU633_RS14870	flagellar basal body rod protein FlgF	0.486680820882202	0.324302062010769	-0.258340428396687	0.744599475736576		NZ_CP089932.1	2816153	2816908	-
LU633_RS14875	LU633_RS14875	flagellar hook protein FlgE	0.371887888494106	-0.0068703852018982	-0.0402770986715808	-0.272511061528778	flgE	NZ_CP089932.1	2816930	2818159	-
LU633_RS14880	LU633_RS14880	flagellar hook assembly protein FlgD	0.0161669560455816	-0.201227050852704	-0.317597143125594	-0.157682057355468	flgD	NZ_CP089932.1	2818187	2818870	-
LU633_RS14885	LU633_RS14885	flagellar basal body rod protein FlgC	0.531912188257651	-0.1130833801495	1.28702535338863	0.764528886472038	flgC	NZ_CP089932.1	2818882	2819286	-
LU633_RS14890	LU633_RS14890	flagellar basal body rod protein FlgB	0.146574299327597	0.160878159658653	-0.286308945241583	0.541827274709122	flgB	NZ_CP089932.1	2819293	2819703	-
LU633_RS14905	LU633_RS14905	flagellar export chaperone FlgN	-0.0681416647358677	0.1879067727712	0.241070649278288	-0.378056794716599	flgN	NZ_CP089932.1	2820939	2821370	+
LU633_RS14915	LU633_RS14915	IS5 family transposase	0.0305090047287433	0.138672326628551	0.067911228354798	0.298694788557768		NZ_CP089932.1	2823145	2823936	+
LU633_RS14920	LU633_RS14920	hypothetical protein	0.0055394025679157	0.200001421878693	0.360174991311128	-0.103549650696427		NZ_CP089932.1	2824216	2824848	+
LU633_RS14935	LU633_RS14935	DUF480 domain-containing protein	0.0778221287872201	0.250057500245803	0.335691193020466	0.330743226697623		NZ_CP089932.1	2827460	2828052	-
LU633_RS14945	LU633_RS14945	ribosomal protein S5-alanine N-acetyltransferase	-0.0842294753594519	-0.232102272395779	-0.521924534427672	-0.478638542314031	rimJ	NZ_CP089932.1	2829474	2830064	-
LU633_RS14950	LU633_RS14950	lipoprotein	0.0872251813478755	8.85426488702601e-05	0.35828571024071	0.127917076642574		NZ_CP089932.1	2830358	2830921	+
LU633_RS14955	LU633_RS14955	dihydroorotase	-7.0662710900587	-7.356894783669	-5.06743931973762	-5.4611158428232	pyrC	NZ_CP089932.1	2831077	2832123	+
LU633_RS14960	LU633_RS14960	ISL3 family transposase	0.000632793253053	0.13342181103968	-0.140884294127513	0.0285645838910109		NZ_CP089932.1	2832350	2833553	-
LU633_RS14965	LU633_RS14965	DNA damage-inducible protein I	0.260238076260155	0.20634080259792	0.0784078474123568	0.688893349872804	dinI	NZ_CP089932.1	2833653	2833898	+
LU633_RS14970	LU633_RS14970	biofilm formation regulator BssS	-0.490751994621304	-0.479167539999106	-0.621230495041587	0.521285577624363	bssS	NZ_CP089932.1	2834225	2834479	+
LU633_RS14975	LU633_RS14975	N-methyl-L-tryptophan oxidase	0.0544638565002757	0.0111415772150223	0.48407170568658	-0.0843306585796053	solA	NZ_CP089932.1	2834588	2835700	+
LU633_RS14980	LU633_RS14980	MFS transporter	0.170117702752867	0.0586839050063922	0.611467884209889	1.70002552269908		NZ_CP089932.1	2835789	2836955	-
LU633_RS14985	LU633_RS14985	cytochrome b	-0.44972348963471	-0.541709439497538	-0.635249882492467	-0.143521954323231		NZ_CP089932.1	2837633	2837749	+
LU633_RS14995	LU633_RS14995	cytochrome b	-0.094509869220748	0.0385558756925529	-0.538259974514288	-0.228062063118025		NZ_CP089932.1	2838949	2839395	+
LU633_RS15000	LU633_RS15000	YceI family protein	-0.630516502422327	0.152331762251775	1.4347166721773	0.598182620852674		NZ_CP089932.1	2839445	2840014	+
LU633_RS15010	LU633_RS15010	LpxL/LpxP family Kdo(2)-lipid IV(A) lauroyl/palmitoleoyl acyltransferasee	-1.21274651150435	-0.74180271683552	0.13178137961957	1.21764491961285		NZ_CP089932.1	2841633	2842553	+
LU633_RS15015	LU633_RS15015	DUF1440 domain-containing protein	0.149089851584509	0.0483521392193748	-0.178750946901549	0.273376506796815		NZ_CP089932.1	2842864	2843385	+
LU633_RS15020	LU633_RS15020	MysB family protein	-0.0890090038523528	-0.302374330425707	0.590233954511963	0.0291514104808228		NZ_CP089932.1	2843733	2844131	+
LU633_RS15025	LU633_RS15025	YceK/YidQ family lipoprotein	0.357801150009786	0.203868037212978	-0.119862245305861	0.364920620575194		NZ_CP089932.1	2844138	2844377	-
LU633_RS15040	LU633_RS15040	glucans biosynthesis protein MdoC	-0.695255804005745	-0.482521292706336	-0.396324545629279	-0.579702454062516	mdoC	NZ_CP089932.1	2848884	2850008	+
LU633_RS15060	LU633_RS15060	hypothetical protein	-0.128484582512206	0.190223204852634	-0.341161733341274	0.117009343904271		NZ_CP089932.1	2851250	2851417	-
LU633_RS15065	LU633_RS15065	TonB-dependent siderophore receptor	-0.167083738354743	-0.103783771017843	0.223926054457308	-0.0167956379893306		NZ_CP089932.1	2851978	2854047	-
LU633_RS15075	LU633_RS15075	hypothetical protein	0.104702371266811	0.13105821803841	0.281792715579489	0.572777176193258		NZ_CP089932.1	2855653	2856276	+
LU633_RS15095	LU633_RS15095	DUF2778 domain-containing protein	-0.99351517116107	-0.765366100362232	0.133991291574457	0.01628406655019		NZ_CP089932.1	2857850	2858360	+
LU633_RS15100	LU633_RS15100	hypothetical protein	0.0285066055409677	0.216964117306334	0.789824640724478	-0.0371314703182717		NZ_CP089932.1	2858338	2858613	+
LU633_RS15105	LU633_RS15105	type II toxin-antitoxin system YafQ family toxin	-0.175193810861014	-0.179182966798845	-0.293103568159477	-0.1780620307345		NZ_CP089932.1	2858737	2858937	-
LU633_RS15110	LU633_RS15110	type II toxin-antitoxin system RelB/DinJ family antitoxin	-0.122586950432872	0.135432094494686	0.730600694800213	-1.18739896070643		NZ_CP089932.1	2859022	2859282	-
LU633_RS15120	LU633_RS15120	hypothetical protein	-0.669535166283443	-0.26352568942126	-0.377594815690077	0.569281405675753		NZ_CP089932.1	2860112	2861095	+
LU633_RS15125	LU633_RS15125	hypothetical protein	0.474553477651548	0.100252123278772	-0.0579757206659235	0.344741212157971		NZ_CP089932.1	2861174	2861362	+
LU633_RS15130	LU633_RS15130	tail fiber	-0.0564815331824227	0.0465305778502628	0.517891335515198	0.329254967335995		NZ_CP089932.1	2861377	2862498	+
LU633_RS15140	LU633_RS15140	integrase arm-type DNA-binding domain-containing protein	0.298294867028299	0.226607239571318	0.467107818202987	0.593699186491417		NZ_CP089932.1	2863509	2864486	-
LU633_RS15165	LU633_RS15165	excinuclease ABC subunit UvrC	-0.205200544122898	-0.119059530454633	-0.336638774878112	0.188135838537849	uvrC	NZ_CP089932.1	2865699	2867531	-
LU633_RS15170	LU633_RS15170	UvrY/SirA/GacA family response regulator transcription factor	1.39814928130532	0.699692013496371	0.592754052465406	-0.0054489881349701	uvrY	NZ_CP089932.1	2867524	2868183	-
LU633_RS15175	LU633_RS15175	tail fiber assembly protein	0.070279600317363	-0.489016534186848	-0.347959965803966	-0.0137280385529388		NZ_CP089932.1	2868468	2868644	+
LU633_RS15180	LU633_RS15180	autoinducer synthase	0.654316584098798	0.558449899635358	2.30011938006651	2.20377316462203		NZ_CP089932.1	2868885	2869514	-
LU633_RS15185	LU633_RS15185	LuxR C-terminal-related transcriptional regulator	-0.50830003252404	-0.673213165454972	-0.311631372878673	-0.484424250838158		NZ_CP089932.1	2869687	2869839	-
LU633_RS15200	LU633_RS15200	D-serine/D-alanine/glycine transporter	-0.136222558681112	-0.215406626230916	-0.474471052933625	-0.314210849371544	cycA	NZ_CP089932.1	2873865	2875262	+
LU633_RS15205	LU633_RS15205	HTH-type transcriptional regulator RutR	0.177803900853467	-0.0114726296007314	-0.163058912425333	0.240926157416508	rutR	NZ_CP089932.1	2875326	2875834	-
LU633_RS15210	LU633_RS15210	pyrimidine utilization protein A	0.138247752529431	0.15050746690264	-0.159422319171926	0.262094600987175	rutA	NZ_CP089932.1	2876193	2877287	+
LU633_RS15215	LU633_RS15215	pyrimidine utilization protein B	0.504122749044603	0.142160470706127	0.485085545319713	0.359216501108924	rutB	NZ_CP089932.1	2877330	2878014	+
LU633_RS15220	LU633_RS15220	NAD(P)H:quinone oxidoreductase	0.309203290851516	0.398716216714473	-1.31771877903583	1.03382036278497	wrbA	NZ_CP089932.1	2878510	2879109	+
LU633_RS15225	LU633_RS15225	YccJ family protein	-0.0153529279763787	0.055900564289547	0.0006489787218284	0.208495483881486		NZ_CP089932.1	2879130	2879360	+
LU633_RS15235	LU633_RS15235	NAD-dependent succinate-semialdehyde dehydrogenase	-0.145712412940637	0.176502841860773	-0.108893284183379	-0.0973101937318903		NZ_CP089932.1	2881393	2882764	+
LU633_RS15240	LU633_RS15240	bifunctional glucose-1-phosphatase/inositol phosphatase	-0.47259469230568	-0.331768433676112	-0.176659012371287	0.0354760857660552	agp	NZ_CP089932.1	2882825	2884312	-
LU633_RS15250	LU633_RS15250	FtsH protease modulator YccA	-0.70088236033501	-0.529477328506512	0.484431850683029	0.0324412726767034	yccA	NZ_CP089932.1	2885057	2885713	+
LU633_RS15260	LU633_RS15260	acylphosphatase	0.0809999582468869	-0.247810060519579	0.537527972775803	-0.120835945614086	yccX	NZ_CP089932.1	2886202	2886479	-
LU633_RS15265	LU633_RS15265	23S rRNA (cytosine(1962)-C(5))-methyltransferase RlmI	0.109087640204293	0.0988214438083108	-0.179194297365829	-0.172066711456566	rlmI	NZ_CP089932.1	2886567	2887757	+
LU633_RS15270	LU633_RS15270	heat shock protein HspQ	1.83639790384708	1.32759595355464	0.313431937416002	-0.0942713194751239	hspQ	NZ_CP089932.1	2887816	2888132	+
LU633_RS15275	LU633_RS15275	CoA-binding protein	0.18540980848962	0.182718769864269	-0.913813966438722	0.993360436633623		NZ_CP089932.1	2888145	2888558	-
LU633_RS15290	LU633_RS15290	DUF2057 family protein	0.0488188868894501	1.08426428356494	-1.55117417118762	0.643870796514297		NZ_CP089932.1	2889516	2889704	+
LU633_RS15300	LU633_RS15300	DUF2057 family protein	-0.0254293229814126	0.315163228860717	-0.12932416078204	-0.102197879660992		NZ_CP089932.1	2890974	2891495	+
LU633_RS15305	LU633_RS15305	DNA helicase IV	-0.369636021724136	-0.315092051037047	-0.391320393874794	0.0332890814888998	helD	NZ_CP089932.1	2891954	2894008	-
LU633_RS15310	LU633_RS15310	YccF domain-containing protein	0.203361867585548	0.0017662657371736	-0.331448407595778	-0.667101551172062		NZ_CP089932.1	2894140	2894586	+
LU633_RS15320	LU633_RS15320	TIGR01666 family membrane protein	-0.160485999572843	-0.095176248211351	0.548752041332453	0.421486289639463		NZ_CP089932.1	2895975	2896697	+
LU633_RS15325	LU633_RS15325	IS1 family transposase	0.0466868371057095	-0.415006721802488	-1.98381508309862	-0.171638651181201		NZ_CP089932.1	2896746	2897457	+
LU633_RS15330	LU633_RS15330	YccS family putative transporter	-0.0306525044742501	0.0234793858646478	0.0227465905510962	0.19081410199011	yccS	NZ_CP089932.1	2897472	2898794	+
LU633_RS15335	LU633_RS15335	TfoX/Sxy family DNA transformation protein	-0.136923021677305	-0.0311555460765575	-0.437596144630255	-0.219537879425836		NZ_CP089932.1	2898754	2899392	-
LU633_RS15340	LU633_RS15340	cell division inhibitor SulA	0.139629617772089	-0.844858871449955	-0.0164895989117937	-0.0839032389494152	sulA	NZ_CP089932.1	2899595	2900104	+
LU633_RS15355	LU633_RS15355	Lon protease family protein	1.57782090186848	1.51979789854548	0.946915023822204	0.733400571226977		NZ_CP089932.1	2902295	2904112	+
LU633_RS15370	LU633_RS15370	membrane integrity-associated transporter subunit PqiC	-0.974719165425509	-0.837555812057914	-0.415686580051917	-0.0508673961239112	pqiC	NZ_CP089932.1	2905367	2905993	-
LU633_RS15375	LU633_RS15375	intermembrane transport protein PqiB	-0.728333725395245	-0.894717090062282	0.0480710568188429	-0.943497016602152	pqiB	NZ_CP089932.1	2905993	2907633	-
LU633_RS15380	LU633_RS15380	membrane integrity-associated transporter subunit PqiA	-0.450938624248274	-0.655905254691532	-0.861063153128912	-0.798920783124737	pqiA	NZ_CP089932.1	2907620	2908894	-
LU633_RS15385	LU633_RS15385	ABC transporter ATP-binding protein	0.0027139065220809	-0.0054072995344056	-0.735150253997036	-0.175679139881693		NZ_CP089932.1	2908923	2910833	-
LU633_RS15390	LU633_RS15390	bifunctional 23S rRNA (guanine(2069)-N(7))-methyltransferase RlmK/23S rRNA (guanine(2445)-N(2))-methyltransferase RlmL	0.0777909966029067	-0.011727833389814	-0.754935718208827	0.173779693734595	rlmKL	NZ_CP089932.1	2910839	2912956	-
LU633_RS15410	LU633_RS15410	cell division protein ZapC	0.0846052286624948	-0.0472582881376401	0.382456940231383	-0.0803133012065347		NZ_CP089932.1	2916733	2917278	-
LU633_RS15415	LU633_RS15415	quinone-dependent dihydroorotate dehydrogenase	-4.56517027676566	-4.82377004405095	-3.74511654677059	-2.86920568638434	pyrD	NZ_CP089932.1	2917440	2918450	-
LU633_RS15430	LU633_RS15430	NADPH-dependent FMN reductase	0.31164854242832	0.157149216721814	-0.344186826698263	0.271856683340746	ssuE	NZ_CP089932.1	2920905	2921446	+
LU633_RS15435	LU633_RS15435	aliphatic sulfonate ABC transporter substrate-binding protein	-0.0522139392257992	0.0974736274643282	-1.23489222383102	-0.864688882861419		NZ_CP089932.1	2921457	2921657	+
LU633_RS15445	LU633_RS15445	aliphatic sulfonate ABC transporter substrate-binding protein	0.171659821971424	-0.487680241292249	1.13081176977086	-0.095394215995197		NZ_CP089932.1	2922423	2922566	+
LU633_RS15450	LU633_RS15450	aminopeptidase N	-0.540253508121254	-0.776487624660233	-0.502143867428357	-0.0365558215871895	pepN	NZ_CP089932.1	2922826	2925441	-
LU633_RS15460	LU633_RS15460	hypothetical protein	0.065214653607926	0.105158232009953	-0.366790680748759	-0.0098350183403044		NZ_CP089932.1	2926967	2927299	-
LU633_RS15465	LU633_RS15465	hypothetical protein	0.446256956017803	-0.295234660296387	1.19845750373141	-0.062610139724375		NZ_CP089932.1	2927595	2927903	-
LU633_RS15485	LU633_RS15485	type II toxin-antitoxin system RelE/ParE family toxin	-0.196994531335094	-0.0527507447383161	-1.43484104661148	1.01734154368055		NZ_CP089932.1	2929215	2929535	+
LU633_RS15495	LU633_RS15495	hypothetical protein	0.196970090756723	0.398231441568127	0.182244292638428	0.0152635986471161		NZ_CP089932.1	2929821	2930108	+
LU633_RS15510	LU633_RS15510	contact-dependent growth inhibition system immunity protein	-0.151024433962284	0.140920883433064	-0.142031772340955	0.524408397970592		NZ_CP089932.1	2932638	2932946	-
LU633_RS15515	LU633_RS15515	hypothetical protein	-0.0413140030485848	0.14729827903613	-0.0641539175660821	-0.0470666309250236		NZ_CP089932.1	2932949	2933782	-
LU633_RS15535	LU633_RS15535	porin OmpC	-0.623047775910098	-0.166904681063787	-2.80353367643758	-2.81276745895146	ompC	NZ_CP089932.1	2938632	2939738	+
LU633_RS15545	LU633_RS15545	aspartate/tyrosine/aromatic aminotransferase	-2.13123922106928	-2.08648252078514	0.591759696993781	-0.135801882156419		NZ_CP089932.1	2940536	2941726	+
LU633_RS15550	LU633_RS15550	hypothetical protein	-0.0498648671999542	-0.0575597222461448	0.233027822462266	-0.232784458938313		NZ_CP089932.1	2942258	2942704	-
LU633_RS15555	LU633_RS15555	MBL fold metallo-hydrolase	-0.185370030905921	-0.105720429782624	0.410819917740796	-0.084168706523265		NZ_CP089932.1	2942839	2943468	-
LU633_RS15560	LU633_RS15560	YcbK family protein	0.780532506062818	0.542750959355833	0.454295726627373	0.324875709947089		NZ_CP089932.1	2943507	2944055	-
LU633_RS15565	LU633_RS15565	L,D-transpeptidase	-0.100678363291619	-0.229471639380044	0.35184298378241	0.108419258583538	ldtD	NZ_CP089932.1	2944242	2945981	-
LU633_RS15585	LU633_RS15585	tRNA uridine 5-oxyacetic acid(34) methyltransferase CmoM	0.0198916144807548	-0.0003175180401908	0.56546415014315	0.414203478024134	cmoM	NZ_CP089932.1	2952699	2953487	-
LU633_RS15590	LU633_RS15590	envelope biogenesis factor ElyC	-0.387067267682579	-0.386325691998166	-0.996310143243923	-0.135014077960695	elyC	NZ_CP089932.1	2953616	2954389	+
LU633_RS15635	LU633_RS15635	winged helix DNA-binding domain-containing protein	0.0875557480484691	0.0835672532848463	0.0789803315370141	0.0511742787198994		NZ_CP089932.1	2960825	2961958	-
LU633_RS15650	LU633_RS15650	ComEC family protein	0.0297306983457076	-0.166968343706201	-0.47432173066391	-0.0496743071162171		NZ_CP089932.1	2964761	2967019	-
LU633_RS15685	LU633_RS15685	30S ribosomal protein S12 methylthiotransferase accessory protein YcaO	0.354716622855654	0.196578613517326	0.032034060992757	0.440165767097538		NZ_CP089932.1	2973713	2975470	+
LU633_RS15690	LU633_RS15690	formate transporter FocA	-0.302216459224649	0.171766604704437	0.58461726817523	0.123932355932369	focA	NZ_CP089932.1	2975837	2976691	+
LU633_RS15695	LU633_RS15695	formate C-acetyltransferase	0.149753284830682	-0.134519650661281	0.46746355974933	0.137293278672332	pflB	NZ_CP089932.1	2976771	2979053	+
LU633_RS15700	LU633_RS15700	pyruvate formate lyase 1-activating protein	0.0426778894136889	-0.0024164177924658	0.846452950772249	-0.0497790360465777	pflA	NZ_CP089932.1	2979207	2979947	+
LU633_RS15705	LU633_RS15705	MFS transporter	-0.157035610120882	-0.125000333544187	0.0074192258962984	0.383876577569129		NZ_CP089932.1	2979975	2981126	-
LU633_RS15715	LU633_RS15715	replication-associated recombination protein A	0.062967159439107	0.0522832406846426	0.177033212879703	-0.0517774357236958		NZ_CP089932.1	2982841	2984130	-
LU633_RS15725	LU633_RS15725	DNA translocase FtsK 4TM domain-containing protein	-0.729621725805846	-0.825787245806483	-0.955819782482707	-1.43064740814124		NZ_CP089932.1	2985012	2988341	-
LU633_RS15730	LU633_RS15730	leucine-responsive transcriptional regulator Lrp	-4.81007437898771	-5.21718447880576	0.184756099361622	0.99086710082868	lrp	NZ_CP089932.1	2988460	2988954	-
LU633_RS15735	LU633_RS15735	hypothetical protein	-0.137951936836001	-0.101104201254439	-0.904719191505441	0.224940544369589		NZ_CP089932.1	2989072	2989389	+
LU633_RS15745	LU633_RS15745	cysteine/glutathione ABC transporter permease/ATP-binding protein CydD	-0.0270650529170123	0.01753386044373	-0.291277269222012	0.158311512613252	cydD	NZ_CP089932.1	2990593	2992353	+
LU633_RS15750	LU633_RS15750	cysteine/glutathione ABC transporter ATP-binding protein/permease CydC	0.0279655180689099	-0.11767475853276	-0.280026622798082	-0.117355708166924	cydC	NZ_CP089932.1	2992357	2994084	+
LU633_RS15755	LU633_RS15755	leucyl/phenylalanyl-tRNA--protein transferase	-0.0899016167748834	-0.044139168487805	-0.443917516655391	-0.677341137592132	aat	NZ_CP089932.1	2994117	2994809	+
LU633_RS15765	LU633_RS15765	ATP-dependent Clp protease ATP-binding subunit ClpA	0.825756331555438	0.399652672682971	-0.694634055593125	-0.559634504280395	clpA	NZ_CP089932.1	2995460	2997736	-
LU633_RS15770	LU633_RS15770	ATP-dependent Clp protease adapter ClpS	0.468830194376429	0.132283590112337	-0.609703980205806	-0.462053114347455	clpS	NZ_CP089932.1	2997765	2998085	-
LU633_RS15780	LU633_RS15780	DUF3828 domain-containing protein	0.127239899024458	0.135087247409348	-0.471631088797827	0.373487397295425		NZ_CP089932.1	2999676	3000253	+
LU633_RS15785	LU633_RS15785	arginine ABC transporter ATP-binding protein ArtP	1.29476849379015	1.18343960442514	-0.411167963601931	-0.906558853288234	artP	NZ_CP089932.1	3000455	3001183	+
LU633_RS15790	LU633_RS15790	arginine ABC transporter substrate-binding protein	1.35836988841292	1.36401771537466	-0.388780700729972	0.133552642730348	artJ	NZ_CP089932.1	3001198	3001929	+
LU633_RS15795	LU633_RS15795	arginine ABC transporter permease ArtQ	1.65773772161081	1.07428626410964	0.452354073204789	-0.462265230490603	artQ	NZ_CP089932.1	3001937	3002659	+
LU633_RS15800	LU633_RS15800	arginine ABC transporter permease ArtM	1.63435248091012	0.800219943395625	0.319243791858724	-0.743682095764489	artM	NZ_CP089932.1	3002653	3003321	+
LU633_RS15805	LU633_RS15805	transporter substrate-binding domain-containing protein	-0.122620183911607	-0.10500672387879	-0.145480889038839	0.338671064424303		NZ_CP089932.1	3003490	3004097	+
LU633_RS15810	LU633_RS15810	23S rRNA (uracil(747)-C(5))-methyltransferase RlmC	-0.0705093881357139	0.0010698972175927	0.527498904544711	-0.203495630607802	rlmC	NZ_CP089932.1	3004162	3005289	-
LU633_RS15820	LU633_RS15820	YbjO family protein	0.167741699089918	-0.05887420849273	0.308345074429921	-0.821462787125072		NZ_CP089932.1	3006071	3006271	-
LU633_RS15825	LU633_RS15825	YbjO family protein	-0.373435873797784	-0.281228745263904	0.079235699916649	-0.209291325946345		NZ_CP089932.1	3006252	3006476	-
LU633_RS15830	LU633_RS15830	hypothetical protein	0.236288061296958	0.158643789996621	0.564958242583844	0.900407110598292		NZ_CP089932.1	3006914	3007144	+
LU633_RS15835	LU633_RS15835	ISNCY family transposase	0.176182502432663	-0.125584162728357	-0.690528786508736	-0.637430229591109		NZ_CP089932.1	3007207	3007557	-
LU633_RS15840	LU633_RS15840	hypothetical protein	0.142623654755097	-0.0777546259031751	0.0017032239058241	0.113347146784698		NZ_CP089932.1	3008270	3008569	+
LU633_RS15845	LU633_RS15845	YbjN domain-containing protein	0.533531279391922	0.477125347479536	-0.66280239029526	-0.197151985226568		NZ_CP089932.1	3008952	3009431	-
LU633_RS15850	LU633_RS15850	oxygen-insensitive NADPH nitroreductase	-0.0938562830527062	-0.0626504890378221	0.154759805670787	0.17583580613239	nfsA	NZ_CP089932.1	3009649	3010371	-
LU633_RS15855	LU633_RS15855	GrxA family glutaredoxin	-0.220300776638361	-0.256565347063168	0.236647775542489	0.592064683291146		NZ_CP089932.1	3010891	3011154	+
LU633_RS15860	LU633_RS15860	hypothetical protein	-0.633108134030017	-0.429638797828337	0.488443010783668	0.296785302904734		NZ_CP089932.1	3011418	3011774	-
LU633_RS15865	LU633_RS15865	aspartate:alanine antiporter	-0.0651974661708686	0.0421403443670479	-0.0488945793379953	0.118641169760601		NZ_CP089932.1	3012154	3013802	+
LU633_RS15870	LU633_RS15870	IS256 family transposase	-0.0912778781524105	0.396288076917027	0.499355143373003	0.736354045145903		NZ_CP089932.1	3013823	3014838	-
LU633_RS15875	LU633_RS15875	undecaprenyl-diphosphate phosphatase	0.232150537464321	-0.137897055131513	-0.150358156890739	1.56141391260008	ybjG	NZ_CP089932.1	3015311	3015910	+
LU633_RS15880	LU633_RS15880	serine-type D-Ala-D-Ala carboxypeptidase	-0.372570353569335	-0.0540436451414581	-0.532540825275494	0.937720957474421		NZ_CP089932.1	3016096	3016968	-
LU633_RS15885	LU633_RS15885	haloacid dehalogenase-like hydrolase	-0.270234391248054	-0.18449780762383	-0.570103676780547	-0.44489148760812		NZ_CP089932.1	3016947	3017216	+
LU633_RS15890	LU633_RS15890	30S ribosomal protein S12 methylthiotransferase RimO	1.31892826469908	0.938254259912575	-0.803873980395672	0.0071386419719936	rimO	NZ_CP089932.1	3017549	3018877	+
LU633_RS15900	LU633_RS15900	glutathione ABC transporter permease GsiD	-3.04075741537241	-2.7521507964359	-0.276220574994862	0.312753183490494	gsiD	NZ_CP089932.1	3019496	3020401	-
LU633_RS15905	LU633_RS15905	glutathione ABC transporter permease GsiC	-2.93101191412582	-2.35055346043943	0.185535869893105	-0.101745722896539	gsiC	NZ_CP089932.1	3020411	3021331	-
LU633_RS15910	LU633_RS15910	glutathione ABC transporter substrate-binding protein GsiB	-3.16563812509961	-2.72852476361308	0.0762198007438262	0.0138481287455465	gsiB	NZ_CP089932.1	3021394	3022926	-
LU633_RS15915	LU633_RS15915	glutathione ABC transporter ATP-binding protein GsiA	-2.65736606170927	-2.64419745518397	-0.500970987872664	0.265301809720322	gsiA	NZ_CP089932.1	3022969	3024825	-
LU633_RS15920	LU633_RS15920	isoaspartyl peptidase/L-asparaginase	0.34807256402236	-0.0035719538811311	-0.582126491169421	-0.819572246828738		NZ_CP089932.1	3024828	3025796	-
LU633_RS15925	LU633_RS15925	molybdopterin molybdotransferase MoeA	0.10581653382875	-0.23646523005887	0.494140010278071	0.363978311045035	moeA	NZ_CP089932.1	3026134	3027372	+
LU633_RS15935	LU633_RS15935	ABC-F family ATPase	0.19878723029423	0.121738246600645	0.375253686278694	0.410029397321253		NZ_CP089932.1	3028672	3030264	-
LU633_RS15960	LU633_RS15960	efflux transporter outer membrane subunit	-0.169173573386105	-0.222664590626708	-0.342445741185028	-0.289645920440932		NZ_CP089932.1	3032498	3034054	-
LU633_RS15965	LU633_RS15965	DHA2 family efflux MFS transporter permease subunit	-0.216113024070466	-0.0597289121311896	0.421586565432066	0.391506003386451		NZ_CP089932.1	3034056	3035624	-
LU633_RS15970	LU633_RS15970	HlyD family secretion protein	0.0018564462429979	0.0122960199463666	0.20729054338103	0.0048831852622457		NZ_CP089932.1	3035621	3036739	-
LU633_RS15975	LU633_RS15975	anion permease	0.0506393919576564	-0.273353747040839	-0.236797303236126	0.312328511831191		NZ_CP089932.1	3036847	3037962	-
LU633_RS15980	LU633_RS15980	manganese-binding transcriptional regulator MntR	-2.44835934889719	-4.35006346678376	-3.7035041799061	-3.16619413967519	mntR	NZ_CP089932.1	3037987	3038439	-
LU633_RS15985	LU633_RS15985	outer membrane protein OmpX	0.198051624626649	-0.469535711064481	0.11310142726054	-0.0502429822878925	ompX	NZ_CP089932.1	3038774	3039286	-
LU633_RS15990	LU633_RS15990	threonine/homoserine exporter RhtA	0.773605172701741	0.700544007392032	0.556144361316333	-0.0446070151255471	rhtA	NZ_CP089932.1	3039639	3040532	+
LU633_RS16000	LU633_RS16000	glutamine ABC transporter substrate-binding protein GlnH	-0.52033657962468	-0.279032671529833	-0.505727886326917	-0.756960879555902	glnH	NZ_CP089932.1	3041724	3042470	+
LU633_RS16005	LU633_RS16005	glutamine ABC transporter permease GlnP	-0.308540842718578	-0.335994053123247	-0.196273490886933	-0.224077278842309	glnP	NZ_CP089932.1	3042549	3043208	+
LU633_RS16010	LU633_RS16010	glutamine ABC transporter ATP-binding protein GlnQ	-0.0418016181360031	-0.397128187275624	-1.01128358271946	-0.377198422394057	glnQ	NZ_CP089932.1	3043205	3043927	+
LU633_RS16015	LU633_RS16015	hypothetical protein	-0.0841417876677069	0.205259870260977	0.300608518731064	0.228144222490549		NZ_CP089932.1	3044265	3044468	+
LU633_RS16030	LU633_RS16030	mechanosensitive channel protein	0.0445888245397654	-0.0533114971846648	-0.0046966741129881	-0.203663480928844	ybiO	NZ_CP089932.1	3046381	3047811	+
LU633_RS16035	LU633_RS16035	23S rRNA (adenine(1618)-N(6))-methyltransferase RlmF	0.15428007690184	-0.100236843424176	0.78129436263291	-1.17012431435053	rlmF	NZ_CP089932.1	3047821	3048732	-
LU633_RS16050	LU633_RS16050	M20 family metallopeptidase	-0.439909261274374	-0.0151174969722768	-0.119954836504205	-0.152092532965269		NZ_CP089932.1	3051156	3052327	+
LU633_RS16060	LU633_RS16060	DNA-binding protein YbiB	-0.674728578434576	-0.392922385116692	0.457522746899506	-0.387577874330652	ybiB	NZ_CP089932.1	3053026	3053997	-
LU633_RS16065	LU633_RS16065	ATP-dependent DNA helicase DinG	-0.443075050468453	-0.438244326445215	0.0326247063532326	0.248087814371311	dinG	NZ_CP089932.1	3054030	3056195	-
LU633_RS16070	LU633_RS16070	Ail/Lom family outer membrane beta-barrel protein	-0.205996968166341	-0.320841703082177	0.326582437095758	0.185617206664596		NZ_CP089932.1	3056688	3057263	-
LU633_RS16075	LU633_RS16075	GNAT family N-acetyltransferase	0.0050238417927464	0.0835393310581506	0.913767855878997	0.354518219491904		NZ_CP089932.1	3057504	3058022	-
LU633_RS16080	LU633_RS16080	MerR family transcriptional regulator	-0.615317357666829	-0.321043015322424	-0.142378191546988	0.473535552101741		NZ_CP089932.1	3058201	3058935	+
LU633_RS16085	LU633_RS16085	nuclear transport factor 2 family protein	0.288846075619622	0.055991102517625	-0.296498775512041	-0.493471481988472		NZ_CP089932.1	3058944	3059375	+
LU633_RS16090	LU633_RS16090	SDR family NAD(P)-dependent oxidoreductase	0.0002243384074795	-0.134356226531874	-1.10493747514872	-0.464992283681599		NZ_CP089932.1	3059372	3060088	+
LU633_RS16095	LU633_RS16095	FAD-dependent oxidoreductase	-0.0848696335835699	-0.166929068315306	0.739245422802382	0.116849702204627		NZ_CP089932.1	3060091	3061368	+
LU633_RS16100	LU633_RS16100	DUF1365 domain-containing protein	0.367874938573228	0.35174702082036	-0.101275468441788	-0.172618504489333		NZ_CP089932.1	3061365	3062078	+
LU633_RS16105	LU633_RS16105	cyclopropane-fatty-acyl-phospholipid synthase family protein	-0.0865806294005795	-0.292691182089446	-0.428832898990298	0.108480119217436		NZ_CP089932.1	3062082	3063317	+
LU633_RS16110	LU633_RS16110	DUF3833 domain-containing protein	-0.284354897852658	0.0581804709171848	0.119257152915893	0.643757127463784		NZ_CP089932.1	3063317	3063850	+
LU633_RS16125	LU633_RS16125	isopentenyl-diphosphate Delta-isomerase	0.278700246051261	-0.0336221686475344	0.166897278955249	0.0162048664206413	idi	NZ_CP089932.1	3065439	3065996	-
LU633_RS16140	LU633_RS16140	HAMP domain-containing protein	-0.0681444976548464	0.0431907837169206	-0.151727699229749	0.40342012225866		NZ_CP089932.1	3068065	3069459	-
LU633_RS16145	LU633_RS16145	oxygenase MpaB family protein	-0.112891976529957	-0.0580175503702997	0.545265325702092	0.198013251279175		NZ_CP089932.1	3069585	3070451	-
LU633_RS16150	LU633_RS16150	beta-glucosidase BglX	0.215663009813369	0.0589191769484715	-0.328738376126073	-0.34330460346622	bglX	NZ_CP089932.1	3070921	3073218	-
LU633_RS16155	LU633_RS16155	D-lactate dehydrogenase	-0.0267589215025335	-0.0745361597975117	0.000999535320076	0.352413421747787	dld	NZ_CP089932.1	3073403	3074815	+
LU633_RS16165	LU633_RS16165	D-lactate dehydrogenase	-0.141005025312555	-0.884731534687225	-1.00746529405099	-0.592948480860807		NZ_CP089932.1	3076062	3076412	+
LU633_RS16170	LU633_RS16170	hypothetical protein	-1.0841705070601	-0.285042194269892	0.645265356344557	0.0636707783392596		NZ_CP089932.1	3076638	3076811	-
LU633_RS16175	LU633_RS16175	EamA family transporter	-1.65764168557438	-1.36794406308978	-0.72156395107614	-0.442461155886403		NZ_CP089932.1	3076905	3077765	-
LU633_RS16180	LU633_RS16180	uracil phosphoribosyltransferase	1.01153632280335	0.679564718577161	0.213291018164162	1.40943335199241	upp	NZ_CP089932.1	3077758	3078423	-
LU633_RS16185	LU633_RS16185	MarR family transcriptional regulator	2.17245795432621	1.50719694130575	2.12831688179184	2.28053807262032		NZ_CP089932.1	3078545	3079030	+
LU633_RS16190	LU633_RS16190	amino acid adenylation domain-containing protein	0.0077081728050209	-0.0409807693800142	-0.0604905974821688	0.0900184268436715		NZ_CP089932.1	3079180	3083034	+
LU633_RS16195	LU633_RS16195	pseudouridine-5'-phosphate glycosidase	-0.117620926323041	-0.0614211218914017	-0.600278618587972	0.183995782280481		NZ_CP089932.1	3083053	3083988	+
LU633_RS16200	LU633_RS16200	tautomerase family protein	0.567422182365204	-0.206926479789976	0.256764276326582	-0.15533469995001		NZ_CP089932.1	3084010	3084237	+
LU633_RS16205	LU633_RS16205	DUF3772 domain-containing protein	-0.0518548474715167	0.0685439336848492	-0.0403126210707436	-0.1821738598521		NZ_CP089932.1	3084498	3086936	-
LU633_RS16210	LU633_RS16210	D-alanyl-D-alanine endopeptidase	0.603251928162716	0.368523009690915	-0.421716371756339	-0.977145840955519	pbpG	NZ_CP089932.1	3087030	3087971	-
LU633_RS16215	LU633_RS16215	YIP1 family protein	0.0292328156556697	-0.100983102747515	0.108429690654745	-0.110704484774851		NZ_CP089932.1	3088241	3088826	-
LU633_RS16220	LU633_RS16220	DedA family protein	-0.0130831357566957	-0.0563097619301081	-0.0891676579187601	-0.107293131827771		NZ_CP089932.1	3089098	3089570	+
LU633_RS16225	LU633_RS16225	glycoside hydrolase family 15 protein	-0.183285984315306	0.0802376141605862	0.195593946848414	-0.394037520939388		NZ_CP089932.1	3089577	3089981	+
LU633_RS16230	LU633_RS16230	L,D-transpeptidase family protein	-2.92553489355904	-2.10207445929099	-2.73385585018503	-2.25123158593329		NZ_CP089932.1	3090160	3091353	+
LU633_RS16235	LU633_RS16235	DUF1852 domain-containing protein	-3.68077655531034	-3.84957825574968	0.30663578665387	-0.344401589249701		NZ_CP089932.1	3092416	3093399	+
LU633_RS16250	LU633_RS16250	methyl-accepting chemotaxis protein	0.0252094408341798	0.135753451016172	-0.0203000289551296	-0.225183157155453		NZ_CP089932.1	3094888	3096462	-
LU633_RS16255	LU633_RS16255	hypothetical protein	0.462539120876736	0.0998315201057001	-0.743707448816129	0.665727198624096		NZ_CP089932.1	3096574	3096780	+
LU633_RS16260	LU633_RS16260	MFS transporter	0.558448497509909	0.282172603196261	0.144429435126988	-0.326631173883085		NZ_CP089932.1	3097156	3098337	-
LU633_RS16265	LU633_RS16265	tRNA dihydrouridine(16) synthase DusC	0.0074485294536512	-0.339447743203187	1.03540135697981	0.300603637417485	dusC	NZ_CP089932.1	3098536	3099477	-
LU633_RS16270	LU633_RS16270	ATP-dependent RNA helicase RhlE	0.305932297381882	0.226430107604863	0.121453233048065	-0.897761576542325	rhlE	NZ_CP089932.1	3099534	3100940	-
LU633_RS16275	LU633_RS16275	hypothetical protein	-0.632300086245454	-0.522046168180731	-0.652847040805783	-0.477162867878419		NZ_CP089932.1	3101248	3101631	-
LU633_RS16280	LU633_RS16280	Bax inhibitor-1/YccA family protein	-0.0884568176056144	0.220036575055479	1.11188093954067	0.142932962563272		NZ_CP089932.1	3102357	3103067	-
LU633_RS16285	LU633_RS16285	DUF1615 domain-containing protein	-0.168666204358048	-0.0496778126898227	-0.321588708314806	0.419684985335105		NZ_CP089932.1	3103240	3104352	-
LU633_RS16300	LU633_RS16300	cyclic pyranopterin monophosphate synthase MoaC	0.0316322927316156	-0.0072004106147642	0.225184030446053	-0.120209287168868	moaC	NZ_CP089932.1	3105321	3105806	-
LU633_RS16305	LU633_RS16305	molybdenum cofactor biosynthesis protein B	-0.183878653307867	-0.238363643059321	0.231213875905457	0.165999215835495	moaB	NZ_CP089932.1	3105810	3106325	-
LU633_RS16310	LU633_RS16310	GTP 3',8-cyclase MoaA	-0.0370776919597423	-0.0237103685958496	0.212017740841661	0.0793143389191959	moaA	NZ_CP089932.1	3106343	3107332	-
LU633_RS16315	LU633_RS16315	hypothetical protein	0.144844754405456	-0.0213242139668733	-0.245328771492628	-0.0960040322133322		NZ_CP089932.1	3107389	3107607	-
LU633_RS16320	LU633_RS16320	uridine diphosphate-N-acetylglucosamine-binding protein YvcK	0.202665457366231	0.219495915313991	0.0556863784661668	-0.0295557278527372	yvcK	NZ_CP089932.1	3107622	3108530	+
LU633_RS16325	LU633_RS16325	excinuclease ABC subunit B	0.288781473855366	-0.112787799125468	-0.254620027915258	0.381853914044167	uvrB	NZ_CP089932.1	3109009	3111033	-
LU633_RS16330	LU633_RS16330	ATP-binding cassette domain-containing protein	0.375126202952907	-0.293462797087156	0.878908022002912	-0.0472998650902625		NZ_CP089932.1	3111911	3112630	+
LU633_RS16335	LU633_RS16335	hypothetical protein	0.0223581528563134	0.181710761776467	-0.299808644200944	0.458568320738212		NZ_CP089932.1	3113037	3113426	-
LU633_RS16365	LU633_RS16365	fimbrial protein	-0.051250923697499	-0.0262635679150547	0.132751780696535	-0.135865242884684		NZ_CP089932.1	3118701	3119750	-
LU633_RS16370	LU633_RS16370	fimbrial biogenesis outer membrane usher protein	-0.0552223640401925	0.0524957983768487	-0.185662681456291	-0.431348751474811		NZ_CP089932.1	3119773	3122286	-
LU633_RS16375	LU633_RS16375	molecular chaperone	-0.435088788881997	-0.254047687518737	1.41050561502822	0.891975973437396		NZ_CP089932.1	3122309	3123049	-
LU633_RS16380	LU633_RS16380	fimbrial protein	-0.0718973559219318	-0.177768532600491	-0.120724939555525	0.170350256813872		NZ_CP089932.1	3123107	3123706	-
LU633_RS16385	LU633_RS16385	NADP-dependent oxidoreductase	0.0303092726218718	-0.195046271446626	0.104038043972091	0.071433488345461		NZ_CP089932.1	3124327	3125370	+
LU633_RS16390	LU633_RS16390	type 1 glutamine amidotransferase domain-containing protein	0.168326116008436	-0.218921282803778	0.596541544744292	0.427040311124908		NZ_CP089932.1	3125381	3126061	+
LU633_RS16395	LU633_RS16395	kinase inhibitor	0.467881286586895	0.157161586316835	-0.581698318323342	-0.342312642447479		NZ_CP089932.1	3126077	3126565	+
LU633_RS16400	LU633_RS16400	6-phosphogluconolactonase	-1.57555848389719	-1.98263352870694	-1.99791662926533	-1.97467949196817	pgl	NZ_CP089932.1	3126609	3127604	-
LU633_RS16405	LU633_RS16405	pyridoxal phosphatase	-1.22272237464607	-0.85187087158786	0.0585961106609771	-0.637556217751881		NZ_CP089932.1	3127752	3128570	+
LU633_RS16410	LU633_RS16410	molybdenum ABC transporter ATP-binding protein ModC	0.0009320969129245	-0.0032988058568529	-0.204170501739531	0.801983490040097	modC	NZ_CP089932.1	3128576	3129634	-
LU633_RS16415	LU633_RS16415	molybdate ABC transporter permease subunit	-0.204030895917782	-0.133273199886547	0.755977878095815	-0.480913357083503	modB	NZ_CP089932.1	3129628	3130323	-
LU633_RS16420	LU633_RS16420	molybdate ABC transporter substrate-binding protein	0.0586494895864599	0.435862694444768	0.0964524039680392	0.532487317410171	modA	NZ_CP089932.1	3130317	3131090	-
LU633_RS16425	LU633_RS16425	AcrZ family multidrug efflux pump-associated protein	-0.530186033682143	-0.0059606513401487	0.456736445447497	0.130540158536385		NZ_CP089932.1	3131237	3131392	-
LU633_RS16430	LU633_RS16430	ATP-binding cassette domain-containing protein	-0.178852405383833	0.0301050717408623	-0.462031687758435	0.748774155683596		NZ_CP089932.1	3131584	3132033	+
LU633_RS16435	LU633_RS16435	hypothetical protein	-0.0315850425729702	-0.145757661312164	0.0639726475620492	-0.3959846246445		NZ_CP089932.1	3132033	3132383	+
LU633_RS16440	LU633_RS16440	SDR family oxidoreductase	-0.383502004878049	0.046526390602075	-0.459219530829489	2.64821308963485		NZ_CP089932.1	3132504	3133328	-
LU633_RS16460	LU633_RS16460	histidinol-phosphate transaminase	-4.15423815967105	-3.89790083936101	-2.71680580147675	-3.41879936984337	hisC	NZ_CP089932.1	3135927	3137018	+
LU633_RS16490	LU633_RS16490	hypothetical protein	0.10758365909658	0.0012649057604872	0.321110090879444	-0.31697176854278		NZ_CP089932.1	3141102	3141758	-
LU633_RS16505	LU633_RS16505	NADP-dependent phosphogluconate dehydrogenase	-3.17001925432895	-3.91048924025464	-2.50460720974138	-1.9148386961515	gndA	NZ_CP089932.1	3144073	3145479	-
LU633_RS16510	LU633_RS16510	ABC transporter ATP-binding protein	-4.48173099971751	-4.52898784363896	-8.02127583047354	-7.22053877756745		NZ_CP089932.1	3145664	3146428	-
LU633_RS16515	LU633_RS16515	ABC transporter permease	-4.14984503543197	-4.01411902807626	-4.16775981592851	-3.60474446339676		NZ_CP089932.1	3146436	3147161	-
LU633_RS16520	LU633_RS16520	hypothetical protein	0.137953525377299	0.11241004482057	-0.783927694521011	-1.50906653989294		NZ_CP089932.1	3147237	3148532	-
LU633_RS16525	LU633_RS16525	glycosyltransferase family 2 protein	0.105437849771463	0.100082341655149	-1.84880632006748	-2.66629240536973		NZ_CP089932.1	3148562	3149503	-
LU633_RS16530	LU633_RS16530	dTDP-4-dehydrorhamnose 3,5-epimerase	0.538607821575683	0.0603722173750074	-3.94952413530505	-2.18791539013301	rfbC	NZ_CP089932.1	3149646	3150191	-
LU633_RS16535	LU633_RS16535	glucose-1-phosphate thymidylyltransferase RfbA	0.0191742858705596	-0.358826378665057	-1.489283507091	-1.91041240354386	rfbA	NZ_CP089932.1	3150194	3151075	-
LU633_RS16540	LU633_RS16540	dTDP-4-dehydrorhamnose reductase	0.202503332088015	-0.141437913185475	-0.575795418072547	0.402383305576058	rfbD	NZ_CP089932.1	3151123	3152010	-
LU633_RS16545	LU633_RS16545	dTDP-glucose 4,6-dehydratase	-1.12612643796251	-1.03535974747805	-1.92948018293865	-2.74563686873325	rfbB	NZ_CP089932.1	3152010	3153089	-
LU633_RS16550	LU633_RS16550	Tn3 family transposase	0.0696734234343585	-0.0243410311668638	0.123440088493392	0.353709239570417		NZ_CP089932.1	3153648	3156460	-
LU633_RS16555	LU633_RS16555	hypothetical protein	-0.495621552735221	-0.339009706212137	0.412263269188572	1.51967815450254		NZ_CP089932.1	3157371	3157769	+
LU633_RS16565	LU633_RS16565	UDP-glucose 4-epimerase GalE	1.48309984845468	0.705811170492137	1.60609540252251	1.24117926312996	galE	NZ_CP089932.1	3159306	3160319	-
LU633_RS16570	LU633_RS16570	UTP--glucose-1-phosphate uridylyltransferase GalF	0.654042141169505	0.488974537140764	2.31934109961105	3.09731227028543	galF	NZ_CP089932.1	3160372	3161268	-
LU633_RS16575	LU633_RS16575	oligosaccharide flippase family protein	-1.91992741709857	-2.36515417889399	-4.93617344126079	-4.08341588114126		NZ_CP089932.1	3161462	3162802	-
LU633_RS16580	LU633_RS16580	glycosyltransferase	0.380591993288193	-0.0274159040435201	-3.05216913642082	-3.25649271062572		NZ_CP089932.1	3162799	3164022	-
LU633_RS16585	LU633_RS16585	colanic acid biosynthesis pyruvyl transferase WcaK	0.448607869329156	0.213333198812366	-1.30160589938442	-1.00132364677107	wcaK	NZ_CP089932.1	3164027	3165274	-
LU633_RS16590	LU633_RS16590	phage tailspike protein	0.807612405754424	0.415964986189797	-4.4439430557047	-3.45717421998972		NZ_CP089932.1	3165423	3167639	-
LU633_RS16595	LU633_RS16595	glycosyltransferase	0.486969502684384	0.0679896943940549	-2.92210652775675	-0.834094884601523		NZ_CP089932.1	3167822	3168856	-
LU633_RS16600	LU633_RS16600	glycosyltransferase	0.728896397579543	0.0523821672307008	-2.23861787427313	-0.695812312255871		NZ_CP089932.1	3168975	3169727	-
LU633_RS16605	LU633_RS16605	EpsG family protein	1.16379026394359	0.322969915436468	-2.22780770670853	-2.26864754870256		NZ_CP089932.1	3169795	3170922	-
LU633_RS16610	LU633_RS16610	glycosyltransferase family 2 protein	0.931006627902664	0.331755321881196	-3.16850125323131	-1.79749355239249		NZ_CP089932.1	3170966	3171871	-
LU633_RS16615	LU633_RS16615	tyrosine-protein kinase Wzc	0.78105000927886	0.339869217650063	-4.07524317397237	-1.82787035563001	wzc	NZ_CP089932.1	3171976	3174159	-
LU633_RS16620	LU633_RS16620	protein-tyrosine-phosphatase	0.908912478478915	0.0103492880185928	-3.69028982592286	-2.37667499654199		NZ_CP089932.1	3174172	3174606	-
LU633_RS16625	LU633_RS16625	polysaccharide export protein	0.715245654318357	0.225677769991134	-3.48939583189744	-1.87493444360128		NZ_CP089932.1	3174622	3175755	-
LU633_RS16630	LU633_RS16630	undecaprenyl-phosphate galactose phosphotransferase WbaP	1.05828278251281	0.525476849240481	2.34496842402949	3.2576053249399	wbaP	NZ_CP089932.1	3176027	3177460	-
LU633_RS16640	LU633_RS16640	CBS domain-containing protein	-0.0020666063608105	0.206925658309186	0.466091205013204	0.561048847062013		NZ_CP089932.1	3179012	3179393	+
LU633_RS16645	LU633_RS16645	outer membrane assembly protein AsmA	0.681019142035471	0.497999483628301	-0.961549471862548	-0.286531622968661	asmA	NZ_CP089932.1	3179498	3181303	-
LU633_RS16655	LU633_RS16655	uridine kinase	-0.439551666966048	-0.434305918031739	-0.139252608724314	-0.471202889528578	udk	NZ_CP089932.1	3182056	3182697	-
LU633_RS16660	LU633_RS16660	phosphatase PAP2 family protein	0.429827049350052	0.548861672759988	-0.279031524906515	-0.431241505025171		NZ_CP089932.1	3182945	3183541	+
LU633_RS16670	LU633_RS16670	PAS domain S-box protein	0.136710235659926	-0.116121729136822	0.222142614489554	0.289194855286186		NZ_CP089932.1	3184525	3184719	+
LU633_RS16675	LU633_RS16675	diguanylate cyclase	-0.0561709027259756	0.0481269325221427	-0.0316233770073797	0.535106930086098		NZ_CP089932.1	3184685	3185238	+
LU633_RS16685	LU633_RS16685	molecular chaperone	0.125234551288663	0.0327976292205895	-0.200985789044918	0.885059905294664	yegD	NZ_CP089932.1	3185912	3187057	+
LU633_RS16690	LU633_RS16690	MdtA/MuxA family multidrug efflux RND transporter periplasmic adaptor subunit	0.236373100244367	0.048743494701869	1.49962456073339	0.186677005571318		NZ_CP089932.1	3187244	3188470	+
LU633_RS16695	LU633_RS16695	MdtB/MuxB family multidrug efflux RND transporter permease subunit	-0.0182172078950529	0.0468636376235273	0.113875516789288	0.35939428427891		NZ_CP089932.1	3188470	3191595	+
LU633_RS16700	LU633_RS16700	multidrug efflux RND transporter permease subunit MdtC	0.190999536171956	0.113777377229747	0.146820599691227	0.175579433501694	mdtC	NZ_CP089932.1	3191592	3194666	+
LU633_RS16705	LU633_RS16705	multidrug transporter subunit MdtD	0.0257291828489318	-0.0839549096657468	-0.259444362795101	0.0095092916703847	mdtD	NZ_CP089932.1	3194747	3196055	+
LU633_RS16710	LU633_RS16710	two-component system sensor histidine kinase BaeS	0.192760839698046	0.103346033675953	-0.1836997617528	0.293182388300323	baeS	NZ_CP089932.1	3196055	3197440	+
LU633_RS16715	LU633_RS16715	two-component system response regulator BaeR	-0.0578170108317324	-0.107812481900037	-0.0719109833264797	0.257496266989704	baeR	NZ_CP089932.1	3197478	3198179	+
LU633_RS16720	LU633_RS16720	tRNA 5-hydroxyuridine modification protein YegQ	-0.307356960827222	-0.170073592632687	-0.562416415455597	0.212098901415025	yegQ	NZ_CP089932.1	3198335	3199690	+
LU633_RS16725	LU633_RS16725	lipid kinase YegS	0.205938688771552	0.061167823608523	0.58751571464476	0.0222650543286091	yegS	NZ_CP089932.1	3199914	3200816	+
LU633_RS16730	LU633_RS16730	IS6 family transposase	-1.31928871738368	-0.388441928540017	-1.6493826000061	-0.540257755763505		NZ_CP089932.1	3201494	3201757	+
LU633_RS16735	LU633_RS16735	recombinase family protein	0.291942173963842	0.164256187031772	0.504880977197902	0.0656330901492606		NZ_CP089932.1	3201886	3202476	+
LU633_RS16740	LU633_RS16740	T3SS effector OspC family protein	0.0588897217199462	0.257739943972582	-0.222319267739313	0.775593438441864		NZ_CP089932.1	3202527	3203837	-
LU633_RS16755	LU633_RS16755	IS6 family transposase	-0.0126482940562989	0.0834120122393481	-0.31201177864762	0.133068990497779		NZ_CP089932.1	3205241	3205945	-
LU633_RS16760	LU633_RS16760	DUF1493 family protein	0.557310487781737	0.480686073766217	0.284029671061169	0.445783596625374		NZ_CP089932.1	3206176	3206514	+
LU633_RS16765	LU633_RS16765	Ig-like domain-containing protein	0.127745949998386	-0.136698069647755	0.106305632131562	0.199702013510068		NZ_CP089932.1	3206511	3207149	-
LU633_RS16780	LU633_RS16780	bifunctional hydroxymethylpyrimidine kinase/phosphomethylpyrimidine kinase	0.340002385313362	0.164550049060453	0.740635446268482	2.63814057195473	thiD	NZ_CP089932.1	3208039	3208845	-
LU633_RS16785	LU633_RS16785	hydroxyethylthiazole kinase	0.197628347124992	-0.338971223098228	-0.520500939849674	-0.207213474549059		NZ_CP089932.1	3208952	3209569	-
LU633_RS16790	LU633_RS16790	hypothetical protein	0.104134325740824	-0.0811884468194004	1.31909461012982	-1.42767225320785		NZ_CP089932.1	3209566	3209772	-
LU633_RS16795	LU633_RS16795	iron-sulfur cluster carrier protein ApbC	1.22459543361106	0.706865364635793	0.4242434499444	0.966228054812452	apbC	NZ_CP089932.1	3209791	3210900	-
LU633_RS16800	LU633_RS16800	methionine--tRNA ligase	-0.255355840882617	-0.622700551215833	-0.626617089615819	0.0332364153812914	metG	NZ_CP089932.1	3211069	3213102	+
LU633_RS16805	LU633_RS16805	CidA/LrgA family protein	0.0064674583571842	0.45151787210895	-0.839160145733419	-0.144581016956417		NZ_CP089932.1	3213252	3213647	+
LU633_RS16810	LU633_RS16810	CidB/LrgB family autolysis modulator	-0.0912306833995105	-0.0458026074016131	-0.259346437131036	0.393670430256675		NZ_CP089932.1	3213640	3214332	+
LU633_RS16815	LU633_RS16815	cytidine deaminase	0.0948338682662437	0.177358812876217	0.232184666189623	-0.179685816364224	cdd	NZ_CP089932.1	3214460	3215344	+
LU633_RS16820	LU633_RS16820	NAD-dependent malic enzyme	-0.157585590553087	0.0525076038697442	-0.6695828382289	-0.896649013257233		NZ_CP089932.1	3215464	3217161	+
LU633_RS16825	LU633_RS16825	outer membrane permeability protein SanA	-0.156123117435279	0.0323150275495807	-1.08904174661623	-1.11230466650622	sanA	NZ_CP089932.1	3217388	3218233	+
LU633_RS16835	LU633_RS16835	galactose/methyl galactoside ABC transporter permease MglC	-0.216108611631399	-0.199121231169611	-0.528965058420632	-0.492058806291487	mglC	NZ_CP089932.1	3219573	3220583	-
LU633_RS16840	LU633_RS16840	galactose/methyl galactoside ABC transporter ATP-binding protein MglA	-0.0092816456542821	-0.052979348963974	-0.493873142523058	-0.449765619211784	mglA	NZ_CP089932.1	3220603	3222123	-
LU633_RS16845	LU633_RS16845	galactose/glucose ABC transporter substrate-binding protein MglB	-0.332642207689427	-0.543069016303026	0.0585743321950518	-0.0312268721973803	mglB	NZ_CP089932.1	3222214	3223209	-
LU633_RS16850	LU633_RS16850	HTH-type transcriptional regulator GalS	-0.0360522588726073	-0.32630567640443	-0.551958233669482	2.99250458113327	galS	NZ_CP089932.1	3223547	3224545	-
LU633_RS16855	LU633_RS16855	DUF418 family protein	0.131134420772954	0.0898875803435221	0.0001772751137567	0.812014429323009		NZ_CP089932.1	3224701	3225855	-
LU633_RS16870	LU633_RS16870	DNA cytosine methyltransferase	-0.170300632900174	-0.0870750858613986	0.299153449634634	0.159626267147674		NZ_CP089932.1	3227510	3228010	-
LU633_RS16875	LU633_RS16875	hypothetical protein	-0.126685000012747	-0.241949332067532	0.257074238840991	0.0035600125240913		NZ_CP089932.1	3228391	3229400	+
LU633_RS16895	LU633_RS16895	glycoside hydrolase family 1 protein	-0.0060007660367443	0.0539036754666009	0.319918744872997	0.457688096962975		NZ_CP089932.1	3233297	3234733	-
LU633_RS16900	LU633_RS16900	isochorismate synthase	-0.153314118291124	0.0713928816671949	0.28495599259469	1.29321097627618		NZ_CP089932.1	3234924	3236198	-
LU633_RS16905	LU633_RS16905	EmmdR/YeeO family multidrug/toxin efflux MATE transporter	1.20828750883725	0.753737068442798	-0.181294376453219	-0.438461221473651		NZ_CP089932.1	3236146	3237588	-
LU633_RS16915	LU633_RS16915	serine-type D-Ala-D-Ala carboxypeptidase	-0.532017919521828	0.013375676231835	1.52996162288379	-0.906862065130245		NZ_CP089932.1	3238941	3239129	-
LU633_RS16920	LU633_RS16920	ISL3 family transposase	0.0222178912387754	-0.0754340433642805	0.308410880724362	0.597993874963131		NZ_CP089932.1	3239315	3240496	+
LU633_RS16930	LU633_RS16930	hypothetical protein	0.217934417779999	0.0773093846415152	-0.0972850051762089	0.320781778541782		NZ_CP089932.1	3240690	3242012	-
LU633_RS16940	LU633_RS16940	Rpn family recombination-promoting nuclease/putative transposase	-0.216668299009221	-0.15888003454411	0.525959212070012	0.948239935271519		NZ_CP089932.1	3242854	3243220	+
LU633_RS16945	LU633_RS16945	type III effector AvrB4-2	0.0274534948870407	-0.110138597333154	0.107360096810126	-0.295867977813084		NZ_CP089932.1	3243837	3244778	+
LU633_RS16955	LU633_RS16955	IS91 family transposase	0.40221214352569	-0.574048915540704	0.28061937567645	1.15835365314513		NZ_CP089932.1	3245232	3245717	-
LU633_RS16965	LU633_RS16965	Rpn family recombination-promoting nuclease/putative transposase	0.204796851360486	0.0155110605322372	0.141710450889631	0.440404755258738		NZ_CP089932.1	3246068	3246834	-
LU633_RS16975	LU633_RS16975	hypothetical protein	0.272673705470216	-0.148836539537146	-1.65450729934079	0.075284216312683		NZ_CP089932.1	3247206	3247418	+
LU633_RS16995	LU633_RS16995	hypothetical protein	0.27247005159447	-0.0801510677030531	-0.357637216484355	0.985391639642355		NZ_CP089932.1	3249549	3249923	-
LU633_RS17000	LU633_RS17000	ArsC family reductase	-0.622557894500911	-0.620640545086364	-0.410882200488459	-0.219423308658629		NZ_CP089932.1	3249922	3250308	+
LU633_RS17010	LU633_RS17010	YpfN family protein	0.169958810620366	0.194110819156928	-0.278226239622858	0.671125271176058		NZ_CP089932.1	3251447	3251635	+
LU633_RS17015	LU633_RS17015	GNAT family N-acetyltransferase	-0.183287815631205	-0.210266587736066	0.75860812541097	-0.0249642749474286		NZ_CP089932.1	3251961	3254000	-
LU633_RS17020	LU633_RS17020	zinc metallopeptidase	-0.0020595862761803	-0.0194131018756282	-0.157547234335178	0.280574931233342		NZ_CP089932.1	3253976	3254614	-
LU633_RS17025	LU633_RS17025	phosphoribosylaminoimidazolesuccinocarboxamide synthase	-5.22341478505952	-4.39913509997058	-5.27813508066559	-3.68551354543704		NZ_CP089932.1	3254660	3255373	-
LU633_RS17030	LU633_RS17030	outer membrane protein assembly factor BamC	-0.231866709487548	-0.38248764572103	0.269693360383394	-0.189254984881435	bamC	NZ_CP089932.1	3255819	3256853	-
LU633_RS17040	LU633_RS17040	glycine cleavage system transcriptional repressor	0.107845216750023	-0.164675435116345	1.52183527498785	0.630044629808668		NZ_CP089932.1	3257905	3258498	+
LU633_RS17055	LU633_RS17055	M48 family metallopeptidase	-0.325686597778228	0.103999135448067	0.0940384301504187	0.0218735797167682		NZ_CP089932.1	3260608	3262065	+
LU633_RS17060	LU633_RS17060	arsenate reductase (glutaredoxin)	-0.107877578582652	0.0081547691017894	0.304267411359199	0.45317617953199	arsC	NZ_CP089932.1	3262079	3262432	+
LU633_RS17070	LU633_RS17070	uracil permease	-0.0489068357775743	0.0496251244577548	0.609066449120853	0.209714360651485	uraA	NZ_CP089932.1	3264012	3265289	-
LU633_RS17075	LU633_RS17075	uracil phosphoribosyltransferase	1.14343491963376	0.833501159674805	0.0179167508683979	0.654528533406801	upp	NZ_CP089932.1	3265505	3266131	-
LU633_RS17080	LU633_RS17080	phosphoribosylformylglycinamidine cyclo-ligase	-4.00313414187408	-5.41560325259072	-6.12834214721304	-4.26632922108564	purM	NZ_CP089932.1	3266374	3267414	+
LU633_RS17085	LU633_RS17085	phosphoribosylglycinamide formyltransferase	-0.0331660057521147	-0.180184381946964	-1.21831368199917	-0.677086831250881	purN	NZ_CP089932.1	3267411	3268049	+
LU633_RS17090	LU633_RS17090	polyphosphate kinase 1	-3.44773363069869	-4.60632899663542	-2.06193534746575	-1.13324017977156	ppk1	NZ_CP089932.1	3268415	3270475	+
LU633_RS17095	LU633_RS17095	exopolyphosphatase	-2.99969776244873	-2.79172305967584	-1.97348918434725	-0.653008196327787	ppx	NZ_CP089932.1	3270482	3272014	+
LU633_RS17100	LU633_RS17100	tellurite resistance methyltransferase TehB	0.0554081151235783	-0.104327256209622	-1.07545522668366	-0.635578672467815	tehB	NZ_CP089932.1	3272011	3272616	+
LU633_RS17105	LU633_RS17105	hypothetical protein	-0.0524432013070852	-0.192804022127734	-0.597609357347533	0.0110875753896487		NZ_CP089932.1	3272566	3272820	-
LU633_RS17110	LU633_RS17110	DUF2633 family protein	-0.156027509225543	-0.242974557210268	0.571565084746424	-0.0848427366182456		NZ_CP089932.1	3272949	3273116	+
LU633_RS17120	LU633_RS17120	DUF1493 family protein	0.132447074112772	0.0472431505990797	0.56520093364368	-0.0380887069538005		NZ_CP089932.1	3273808	3274137	-
LU633_RS17135	LU633_RS17135	lysis system i-spanin subunit Rz	0.315354647508925	0.170720601243982	-0.620990530291812	-0.231659127305844		NZ_CP089932.1	3276502	3276813	-
LU633_RS17140	LU633_RS17140	integrase arm-type DNA-binding domain-containing protein	-0.0419948501986621	0.0833212522432198	-0.37348532259368	0.440255734031902		NZ_CP089932.1	3277142	3277744	+
LU633_RS17145	LU633_RS17145	4'-phosphopantetheinyl transferase superfamily protein	0.148617619552575	-0.0735809370862993	0.286742984263289	0.230324463600254		NZ_CP089932.1	3277925	3278674	+
LU633_RS17150	LU633_RS17150	DNA oxidative demethylase AlkB	0.0404629341907377	0.237419551818221	0.130810870128774	0.113117384813468	alkB	NZ_CP089932.1	3279045	3279688	-
LU633_RS17155	LU633_RS17155	FAD:protein FMN transferase ApbE	-1.94657014837489	-1.82646073898587	-3.20863053528304	-0.588443649177356	apbE	NZ_CP089932.1	3279710	3280750	-
LU633_RS17160	LU633_RS17160	porin OmpC	-0.113519532962272	-0.106139588721913	0.243943974901155	0.0171552555904979	ompC	NZ_CP089932.1	3281116	3282222	-
LU633_RS17165	LU633_RS17165	phosphotransferase RcsD	0.865080103085672	0.550081577824633	4.28681371824964	5.40854339431069	rcsD	NZ_CP089932.1	3283595	3286249	+
LU633_RS17170	LU633_RS17170	transcriptional regulator RcsB	0.208087587515772	0.213534009979241	4.91076041762645	6.61700039499159	rcsB	NZ_CP089932.1	3286246	3286896	+
LU633_RS17175	LU633_RS17175	two-component system sensor histidine kinase RcsC	1.79317960126802	1.13505795956008	4.22604781482778	5.78523704199209	rcsC	NZ_CP089932.1	3287292	3290147	-
LU633_RS17205	LU633_RS17205	hypothetical protein	-0.242066061289396	0.256942622986758	-1.39865969449807	-1.23480909984858		NZ_CP089932.1	3298433	3298756	+
LU633_RS17225	LU633_RS17225	o-succinylbenzoate--CoA ligase	0.17923748260576	0.11555104768388	0.803022228393041	-0.0893612660087162	menE	NZ_CP089932.1	3301505	3302875	-
LU633_RS17230	LU633_RS17230	o-succinylbenzoate synthase	-0.0810515671862675	-0.12850927013689	-0.442877245467576	0.189643268736148	menC	NZ_CP089932.1	3302863	3303834	-
LU633_RS17235	LU633_RS17235	1,4-dihydroxy-2-naphthoyl-CoA synthase	0.102754491172469	0.0009453294217183	0.0530500364851116	0.0386714651215432	menB	NZ_CP089932.1	3303834	3304691	-
LU633_RS17240	LU633_RS17240	2-succinyl-6-hydroxy-2, 4-cyclohexadiene-1-carboxylate synthase	0.0539708706925264	-0.0291600916130559	0.710449008684903	0.483340275677118	menH	NZ_CP089932.1	3304701	3305465	-
LU633_RS17245	LU633_RS17245	2-succinyl-5-enolpyruvyl-6-hydroxy-3- cyclohexene-1-carboxylic-acid synthase	-0.0376956523545759	-0.221696144616677	0.0485847539315554	-0.190028265984577	menD	NZ_CP089932.1	3305462	3307123	-
LU633_RS17250	LU633_RS17250	stress response protein ElaB	-0.0094013386118537	-0.100847964700117	-0.572178291544106	0.504582330936439	elaB	NZ_CP089932.1	3307456	3307767	-
LU633_RS17255	LU633_RS17255	glyoxalase	0.291860752121829	-0.151981122563349	-0.24102470849851	-0.125579531885049		NZ_CP089932.1	3307958	3308194	-
LU633_RS17265	LU633_RS17265	glyoxalase	0.19237062115914	-0.114743882748157	0.334862629011092	0.245722471251044		NZ_CP089932.1	3308843	3309016	-
LU633_RS17275	LU633_RS17275	BNR-4 repeat-containing protein	-0.204756953451343	-0.0369907636284879	0.529609213634773	-0.0495356851343272		NZ_CP089932.1	3309209	3310231	-
LU633_RS17280	LU633_RS17280	phage protease	0.14303371147838	-0.140189679133543	0.150290253421669	0.142764318148187		NZ_CP089932.1	3310280	3311664	-
LU633_RS17285	LU633_RS17285	hypothetical protein	-0.138142142468756	0.161407234852286	-0.124940487773492	-0.264248190011448		NZ_CP089932.1	3311884	3312093	-
LU633_RS17290	LU633_RS17290	hypothetical protein	-0.188111180067686	-0.0803939245568671	-0.213489859617182	0.0171552555904979		NZ_CP089932.1	3312127	3312663	-
LU633_RS17330	LU633_RS17330	NADH-quinone oxidoreductase subunit NuoN	1.84740966639958	1.32007706724684	-3.5277129119469	-3.19148377005188	nuoN	NZ_CP089932.1	3319392	3320849	-
LU633_RS17335	LU633_RS17335	NADH-quinone oxidoreductase subunit M	1.75794860736288	1.08198724164057	-3.08410256101666	-2.38303702326034	nuoM	NZ_CP089932.1	3320856	3322376	-
LU633_RS17340	LU633_RS17340	NADH-quinone oxidoreductase subunit L	1.65583624353218	1.09940507098972	-2.46955787150176	-2.48353487802649	nuoL	NZ_CP089932.1	3322597	3324435	-
LU633_RS17345	LU633_RS17345	NADH-quinone oxidoreductase subunit NuoK	1.74648874480836	1.30115028011736	-2.68616608675427	-2.61818856719798	nuoK	NZ_CP089932.1	3324432	3324734	-
LU633_RS17350	LU633_RS17350	NADH-quinone oxidoreductase subunit J	1.76921218763973	1.11558103220573	-2.48155068351854	-2.30281633007116	nuoJ	NZ_CP089932.1	3324731	3325279	-
LU633_RS17355	LU633_RS17355	NADH-quinone oxidoreductase subunit NuoI	2.12624224000558	1.58462309273409	-4.2705092347565	-2.12426343017504	nuoI	NZ_CP089932.1	3325290	3325832	-
LU633_RS17360	LU633_RS17360	NADH-quinone oxidoreductase subunit NuoH	2.06052196773972	1.39752574104987	-2.65792295185233	-2.62328503239026	nuoH	NZ_CP089932.1	3325846	3326823	-
LU633_RS17365	LU633_RS17365	NADH-quinone oxidoreductase subunit NuoG	1.9220684408514	1.16670622127437	-3.15420864352856	-2.41870943273187	nuoG	NZ_CP089932.1	3326820	3329546	-
LU633_RS17370	LU633_RS17370	NADH-quinone oxidoreductase subunit NuoF	1.81890668270161	1.00190461610693	-3.15619409818498	-2.33422953235037	nuoF	NZ_CP089932.1	3329661	3331007	-
LU633_RS17380	LU633_RS17380	NADH-quinone oxidoreductase subunit C/D	1.75365001946854	1.18755201644678	-3.27215716501603	-2.1036706023686	nuoC	NZ_CP089932.1	3331522	3333321	-
LU633_RS17385	LU633_RS17385	NADH-quinone oxidoreductase subunit B	1.54496126959822	0.978807328409386	-3.00972779792122	-2.2118696920013		NZ_CP089932.1	3333428	3334102	-
LU633_RS17390	LU633_RS17390	NADH-quinone oxidoreductase subunit A	1.98431972339661	1.11537787387665	-3.0330438296025	-2.74091004446997		NZ_CP089932.1	3334118	3334555	-
LU633_RS17400	LU633_RS17400	pyridoxal phosphate-dependent aminotransferase	-4.0388743967374	-4.23542201079182	-1.78519550929316	-1.0900130682352		NZ_CP089932.1	3336994	3338208	+
LU633_RS17405	LU633_RS17405	5'-deoxynucleotidase	-0.963919593045177	-0.725362262022179	0.705985752818382	0.968239487606445	yfbR	NZ_CP089932.1	3338330	3338926	+
LU633_RS17410	LU633_RS17410	SLC13 family permease	0.184476694776931	-0.0292538781622256	0.745889727770642	0.193117154658157		NZ_CP089932.1	3338931	3340763	-
LU633_RS17415	LU633_RS17415	sugar phosphatase	-0.231857349878351	-0.524146513007153	-0.219516474105872	-0.764924486038781		NZ_CP089932.1	3340841	3341500	-
LU633_RS17420	LU633_RS17420	YfbU family protein	-0.068895329912856	0.0345523688640097	0.69301770006981	-0.449613780584401		NZ_CP089932.1	3341515	3342009	-
LU633_RS17425	LU633_RS17425	DUF412 domain-containing protein	-0.728414503185122	-0.408528577092395	0.663450646794042	0.507125298053995		NZ_CP089932.1	3342154	3342606	-
LU633_RS17430	LU633_RS17430	acetate kinase	-0.0375226950191774	-0.0892807926157043	0.0779546542148932	0.671788713273883	ackA	NZ_CP089932.1	3342923	3344125	+
LU633_RS17435	LU633_RS17435	phosphate acetyltransferase	-0.455066268364801	-0.45290786746353	0.0104162172928461	0.399331584148425	pta	NZ_CP089932.1	3344305	3346452	+
LU633_RS17440	LU633_RS17440	TOBE domain-containing protein	0.102688356167539	-0.0569126045605706	0.304506969474808	0.368455207667153		NZ_CP089932.1	3346504	3346812	-
LU633_RS17455	LU633_RS17455	omptin family outer membrane protease	-0.192623871251803	-0.122945056666049	0.271418704038031	0.317339644180069		NZ_CP089932.1	3349261	3350199	-
LU633_RS17465	LU633_RS17465	transposase	0.138048588261787	-0.0107058509722257	0.657081044706939	-0.0457610163169069		NZ_CP089932.1	3350950	3351697	+
LU633_RS17470	LU633_RS17470	ATP-binding cassette domain-containing protein	-0.31121488056758	0.0605668914419378	0.619078969714415	0.0798440802736724		NZ_CP089932.1	3351960	3352484	-
LU633_RS17485	LU633_RS17485	NUDIX hydrolase YfcD	0.385280803414853	0.0028107997345989	-0.748039565831443	0.680578134169765	yfcD	NZ_CP089932.1	3353260	3353802	-
LU633_RS17490	LU633_RS17490	glutathione transferase	-0.38744351404328	0.017818201938531	0.610418034857185	0.682677384321564	yfcF	NZ_CP089932.1	3353897	3354544	-
LU633_RS17495	LU633_RS17495	TIGR01777 family oxidoreductase	-0.18931393777117	-0.243888380344029	-0.377098341551546	0.382046584006466		NZ_CP089932.1	3354771	3355664	+
LU633_RS17510	LU633_RS17510	amidophosphoribosyltransferase	-4.15257805099039	-5.26677413476848	-4.80697253134043	-4.42083126107334	purF	NZ_CP089932.1	3357082	3358599	-
LU633_RS17515	LU633_RS17515	colicin V production protein	-0.872301633135362	-0.986646096702846	-2.13235279758639	-2.13643653439469	cvpA	NZ_CP089932.1	3358637	3359122	-
LU633_RS17520	LU633_RS17520	cell division protein DedD	-0.558691998017542	-0.538784102131488	-1.59700730823815	-1.39159675857466	dedD	NZ_CP089932.1	3359560	3360294	-
LU633_RS17540	LU633_RS17540	chorismate mutase	0.010147818053391	0.100386439504942	0.341887516785165	-0.32546943262968		NZ_CP089932.1	3364598	3365140	+
LU633_RS17545	LU633_RS17545	DedA family protein	0.876634550890288	0.310985497096908	-1.99260966001018	-2.03624300153955		NZ_CP089932.1	3365425	3366084	-
LU633_RS17550	LU633_RS17550	tRNA pseudouridine(38-40) synthase TruA	0.64559279403448	0.300820189150255	0.247701234967611	0.315011251112149	truA	NZ_CP089932.1	3366114	3366929	-
LU633_RS17555	LU633_RS17555	aspartate-semialdehyde dehydrogenase	-0.007392840776788	0.284715995417334	0.265171265047157	0.0171552555904979		NZ_CP089932.1	3366929	3367939	-
LU633_RS17565	LU633_RS17565	flagella biosynthesis regulator Flk	0.223558798268378	0.109254827170099	-0.070997286157314	-0.0293850947648973	flk	NZ_CP089932.1	3369830	3370864	+
LU633_RS17575	LU633_RS17575	bifunctional tRNA (5-methylaminomethyl-2-thiouridine)(34)-methyltransferase MnmD/FAD-dependent 5-carboxymethylaminomethyl-2-thiouridine(34) oxidoreductase MnmC	0.266188220373581	0.546243155380256	0.376633916264549	-0.582433540979238	mnmC	NZ_CP089932.1	3372785	3374785	+
LU633_RS17585	LU633_RS17585	elongation factor P hydroxylase	-0.411265522203565	-0.406381209819142	0.0242322582090666	-0.373748260220508		NZ_CP089932.1	3375147	3375692	-
LU633_RS17590	LU633_RS17590	sulfite exporter TauE/SafE family protein	-0.45541179178127	-0.0798418442587603	0.0298039773550365	1.1846326931404		NZ_CP089932.1	3375741	3376544	-
LU633_RS17595	LU633_RS17595	penicillin-insensitive murein endopeptidase	1.16529410409815	0.61938130610458	-0.175985872740986	-0.974519424869764	mepA	NZ_CP089932.1	3376576	3377380	-
LU633_RS17605	LU633_RS17605	50S ribosomal protein L3 N(5)-glutamine methyltransferase	1.71772962347506	1.12642121417291	-0.996179724653423	-0.424057030576164	prmB	NZ_CP089932.1	3378647	3379579	-
LU633_RS17610	LU633_RS17610	endonuclease SmrB	0.345146807940107	0.438208256882194	0.795285883816893	1.62980042189765	smrB	NZ_CP089932.1	3379752	3380303	+
LU633_RS17620	LU633_RS17620	hypothetical protein	0.130647554615307	0.220983826091131	0.494756607782149	0.74132285908346		NZ_CP089932.1	3380989	3381324	-
LU633_RS17630	LU633_RS17630	acetyl-CoA C-acyltransferase FadI	0.50033893972621	-0.0222944900409848	0.323285343415332	-0.305112610439868	fadI	NZ_CP089932.1	3381701	3382304	-
LU633_RS17635	LU633_RS17635	YfcZ/YiiS family protein	-0.0814863745103276	-0.260562831759588	0.528166233162886	0.202971405240296		NZ_CP089932.1	3382478	3382774	-
LU633_RS17640	LU633_RS17640	long-chain fatty acid transporter FadL	0.106757361390048	0.219208514912375	0.698322742328805	0.0611842789051953	fadL	NZ_CP089932.1	3383150	3384421	+
LU633_RS17645	LU633_RS17645	phospholipid-binding lipoprotein MlaA	-1.3290530109914	-1.31975258213955	-0.0813364171407363	-1.49230618558776	mlaA	NZ_CP089932.1	3384469	3385230	-
LU633_RS17650	LU633_RS17650	hypothetical protein	-0.121868377458697	0.188527913052722	0.492097866633192	0.389331600997913		NZ_CP089932.1	3385335	3385556	+
LU633_RS17655	LU633_RS17655	cytochrome c-type biogenesis protein CcmH	0.107523502639437	0.0525335284436447	0.603357852753088	0.358992736898383		NZ_CP089932.1	3385588	3385977	-
LU633_RS17685	LU633_RS17685	DinI family protein	-0.29784979542399	-0.401792864755207	-0.393870866757368	-0.358285884738238		NZ_CP089932.1	3393567	3393812	+
LU633_RS17690	LU633_RS17690	hypothetical protein	-0.0741012648237723	-0.216240734795606	0.0383791677107548	0.114865172141984		NZ_CP089932.1	3394017	3394457	+
LU633_RS17695	LU633_RS17695	DUF1493 family protein	0.0167076015111443	-0.153116095951395	0.293501336584303	0.236878488627003		NZ_CP089932.1	3394451	3394756	+
LU633_RS17700	LU633_RS17700	hypothetical protein	0.0353537045102702	0.008852133347869	0.365016617486477	0.574299813601133		NZ_CP089932.1	3394798	3395274	-
LU633_RS17710	LU633_RS17710	hypothetical protein	-0.262095194941109	-0.375351436007787	0.294968747649787	0.148026100692632		NZ_CP089932.1	3395518	3395829	-
LU633_RS17720	LU633_RS17720	glycosyltransferase family 2 protein	0.264000282939088	0.164985892501894	-0.223766169887312	0.214601910858129		NZ_CP089932.1	3396445	3396925	-
LU633_RS17725	LU633_RS17725	GtrA family protein	-0.192190684584544	0.0751588366246373	-0.501007736480905	-0.0867571878963393		NZ_CP089932.1	3396922	3397281	-
LU633_RS17735	LU633_RS17735	DUF943 family protein	0.0289764443256849	0.0239828251991595	0.0790934011322788	-0.0925542706379536		NZ_CP089932.1	3398748	3399218	-
LU633_RS17740	LU633_RS17740	DUF3289 family protein	0.301567152642482	0.230149888326731	0.709116243321166	-0.094405866254649		NZ_CP089932.1	3399215	3400050	-
LU633_RS17745	LU633_RS17745	hypothetical protein	0.117270341357248	0.0109164513276687	-0.425378172633196	0.537877185869224		NZ_CP089932.1	3400180	3400407	+
LU633_RS17755	LU633_RS17755	hypothetical protein	-0.379585650533459	-0.240195121407946	-0.470291775597189	-0.600323825252908		NZ_CP089932.1	3401172	3401531	-
LU633_RS17775	LU633_RS17775	integrase family protein	0.124113514951844	-0.0138841535369985	0.537774508948807	0.385823312856439		NZ_CP089932.1	3404224	3405373	-
LU633_RS17785	LU633_RS17785	integrase arm-type DNA-binding domain-containing protein	-0.0097497606683056	0.118414088357392	0.531489920304809	0.18932596086653		NZ_CP089932.1	3405808	3407106	+
LU633_RS17790	LU633_RS17790	IS200/IS605 family transposase	-0.0132439585646162	0.0141961334251857	-0.557307000518691	0.507939588527685	tnpA	NZ_CP089932.1	3407460	3407894	-
LU633_RS17800	LU633_RS17800	Phage antitermination protein q	-0.225412096019367	-0.146489610030745	-0.0414913281646874	-0.849836698503696		NZ_CP089932.1	3408245	3408538	-
LU633_RS17805	LU633_RS17805	DUF3289 family protein	0.195666234653247	0.0123514556614311	-0.136951013375686	0.236740764243832		NZ_CP089932.1	3409092	3409931	+
LU633_RS17810	LU633_RS17810	DUF943 family protein	-0.0313238372775664	0.0492432882751368	-0.107718627885876	0.753369336729313		NZ_CP089932.1	3409928	3410395	+
LU633_RS17815	LU633_RS17815	hypothetical protein	-0.0561073891785064	-0.107325790644643	-0.0555960123017647	1.0827144110298		NZ_CP089932.1	3410575	3411150	+
LU633_RS17835	LU633_RS17835	Arm DNA-binding domain-containing protein	0.057471177270856	-0.159766635407704	-0.222489531572939	0.320731886654591		NZ_CP089932.1	3414089	3414526	+
LU633_RS17845	LU633_RS17845	integrase	0.300389720496126	0.20897009163084	-0.0630707596755804	0.330286243675573		NZ_CP089932.1	3415732	3415962	+
LU633_RS17860	LU633_RS17860	DUF4225 domain-containing protein	-0.209202837821044	0.0350688880054745	-0.0180047497707547	0.158170826067159		NZ_CP089932.1	3419168	3419695	-
LU633_RS17865	LU633_RS17865	type VI secretion system tube protein Hcp	-0.1535354433908	0.0459613286275848	0.0353359597634517	-0.111085980673605		NZ_CP089932.1	3420042	3420524	+
LU633_RS17870	LU633_RS17870	hypothetical protein	0.0905288390274998	0.0069916269604795	0.250440548394716	0.132456297992787		NZ_CP089932.1	3420573	3421031	+
LU633_RS17895	LU633_RS17895	DUF616 domain-containing protein	-0.0677150816185736	-0.0051332612637791	0.342071906472446	0.143669132079239		NZ_CP089932.1	3425379	3426338	+
LU633_RS17905	LU633_RS17905	IS630 family transposase	0.188218430099336	0.0286228531597204	0.0616670697466852	0.268063056014656		NZ_CP089932.1	3427627	3428551	-
LU633_RS17915	LU633_RS17915	DUF333 domain-containing protein	0.0854917223036541	0.0370829189145528	-0.235709721430724	0.600585208778442		NZ_CP089932.1	3430477	3430719	-
LU633_RS17930	LU633_RS17930	hypothetical protein	0.324290060804383	0.0942358837271685	-0.0347866238318499	0.578115333637329		NZ_CP089932.1	3432837	3433073	+
LU633_RS17935	LU633_RS17935	hypothetical protein	-0.614327363619036	0.181266474218458	-0.0534926145012233	0.187872321221502		NZ_CP089932.1	3433182	3433391	+
LU633_RS17940	LU633_RS17940	hypothetical protein	0.158802202453102	0.475675181898739	0.968360251829895	0.772305535146907		NZ_CP089932.1	3433481	3433627	+
LU633_RS17945	LU633_RS17945	mechanosensitive ion channel	-0.044513990630223	0.170155099536192	0.276234268952781	0.198484325498252		NZ_CP089932.1	3433747	3434997	+
LU633_RS17965	LU633_RS17965	DUF1176 domain-containing protein	-0.536556076736193	-0.806695261702905	-1.18915377621437	-1.87516281749265		NZ_CP089932.1	3437290	3438402	+
LU633_RS17970	LU633_RS17970	transketolase	-0.536367671929261	-0.320499105732753	-0.23699039842838	-0.336880780284214	tkt	NZ_CP089932.1	3438627	3440627	-
LU633_RS17975	LU633_RS17975	transaldolase	-0.296304180099204	-0.286737205851244	0.215497418111963	0.395729757854759	tal	NZ_CP089932.1	3440688	3441638	-
LU633_RS17985	LU633_RS17985	N-acetylmuramoyl-L-alanine amidase AmiA	-0.27129688200006	0.332479058445973	-0.0804193371475259	0.121096531820891	amiA	NZ_CP089932.1	3443059	3443896	-
LU633_RS17990	LU633_RS17990	GNAT family acetyltransferase	-0.0816125086172625	0.0563814068171914	-1.05485874016949	-0.593547309741966		NZ_CP089932.1	3444112	3444537	+
LU633_RS17995	LU633_RS17995	DUF2919 domain-containing protein	-0.0939211790585714	-0.0717370898724161	-0.0730564618517655	0.103763955581824		NZ_CP089932.1	3444600	3445047	+
LU633_RS18000	LU633_RS18000	RpoE-regulated lipoprotein	-0.204289306729831	0.216601166846892	0.12539350046262	0.19308237762626		NZ_CP089932.1	3445113	3445730	+
LU633_RS18005	LU633_RS18005	thiosulfate ABC transporter substrate-binding protein CysP	-2.29109796575621	-2.5203918445335	-0.279449307526097	-0.322519623483478	cysP	NZ_CP089932.1	3445929	3446945	+
LU633_RS18010	LU633_RS18010	sulfate/thiosulfate ABC transporter permease CysT	-3.00408032052192	-3.68999705048112	-1.02770128597552	-0.747141912725403	cysT	NZ_CP089932.1	3446945	3447778	+
LU633_RS18015	LU633_RS18015	sulfate/thiosulfate ABC transporter permease CysW	-3.52388668480054	-3.11111478600649	-0.0271270044536513	-0.57333302625202	cysW	NZ_CP089932.1	3447778	3448626	+
LU633_RS18020	LU633_RS18020	sulfate/thiosulfate ABC transporter ATP-binding protein CysA	-3.86433596203425	-3.64289654272482	-1.22901926151926	0.647126241377311	cysA	NZ_CP089932.1	3448641	3449729	+
LU633_RS18030	LU633_RS18030	GntR family transcriptional regulator	-0.684779365177337	-0.91145294674552	-1.50264341596385	-0.782545989294301		NZ_CP089932.1	3451473	3452162	+
LU633_RS18045	LU633_RS18045	bile acid:sodium symporter	-0.377022895178963	-1.11015301391119	-3.53191170746374	-2.50634452740242		NZ_CP089932.1	3454057	3455052	+
LU633_RS18050	LU633_RS18050	IS481 family transposase	0.321973173454063	-0.358168883173311	-0.32273954818601	-1.88341472285601		NZ_CP089932.1	3455185	3456223	-
LU633_RS18055	LU633_RS18055	DUF3820 family protein	0.295674133291106	0.282394870854322	0.512416383666416	-0.143018209163109		NZ_CP089932.1	3456360	3456580	-
LU633_RS18065	LU633_RS18065	cell division protein ZipA	-5.53457709773696	-5.82129741202002	-4.58128899121016	-3.77553210441807	zipA	NZ_CP089932.1	3458678	3459598	-
LU633_RS18070	LU633_RS18070	sulfate transporter CysZ	0.254523041686355	-0.265057486525287	-0.615551107979142	0.395684773285655	cysZ	NZ_CP089932.1	3459815	3460576	+
LU633_RS18085	LU633_RS18085	phosphoenolpyruvate-protein phosphotransferase PtsI	-3.32122699087812	-4.87510403637312	-3.06939555045555	-2.78836779784083	ptsI	NZ_CP089932.1	3462543	3464270	+
LU633_RS18090	LU633_RS18090	PTS glucose transporter subunit IIA	-1.50551663860692	-0.773856072136733	-1.43823939555587	-1.5105589585022	crr	NZ_CP089932.1	3464314	3464817	+
LU633_RS18100	LU633_RS18100	IS481 family transposase	-0.0083071040548117	-0.299542127880814	-0.399400914300156	-1.55682012030603		NZ_CP089932.1	3466206	3466514	-
LU633_RS18105	LU633_RS18105	IS110 family transposase	0.30586586289787	-0.151061185505853	0.029202925414731	0.807903103378075		NZ_CP089932.1	3466788	3467794	-
LU633_RS18115	LU633_RS18115	LysR family transcriptional regulator	-0.0554815646042737	0.0728586151524681	0.348523826482285	-0.161234834685166		NZ_CP089932.1	3468729	3469532	+
LU633_RS18125	LU633_RS18125	FlxA-like family protein	0.280293247666832	-0.0883131319968654	-0.0713878133802195	-0.0477314127630608		NZ_CP089932.1	3469785	3469907	-
LU633_RS18145	LU633_RS18145	tRNA-Val	0.498376153759333	0.436840241136162	-0.168065072473122	0.0034958946537893		NZ_CP089932.1	3470529	3470604	-
LU633_RS18160	LU633_RS18160	putative DNA-binding transcriptional regulator	-0.0960857636317549	-0.528160810654586	-1.62012527321912	-2.80364159332347		NZ_CP089932.1	3474516	3474875	-
LU633_RS18165	LU633_RS18165	formate/nitrite transporter family protein	0.184670074577529	0.139696050000822	1.09559890351051	0.163844633843161		NZ_CP089932.1	3475015	3475803	-
LU633_RS18175	LU633_RS18175	tRNA-Ala	-0.714513459862157	-0.868021578768277	-1.85764780307815	-1.39275882206919		NZ_CP089932.1	3476344	3476419	+
LU633_RS18180	LU633_RS18180	NupC/NupG family nucleoside CNT transporter	0.271791752388166	0.127684647990956	0.483084977300836	0.818661308900867		NZ_CP089932.1	3476553	3477737	-
LU633_RS18190	LU633_RS18190	Nramp family divalent metal transporter	-0.37539063661989	-0.119640707450555	-0.980053860372437	-1.49344844078519		NZ_CP089932.1	3479521	3480753	+
LU633_RS18200	LU633_RS18200	hypothetical protein	0.208349939983541	-0.391795096794101	-0.0469351338559585	0.193995277207105		NZ_CP089932.1	3481002	3481148	-
LU633_RS18205	LU633_RS18205	aldo/keto reductase	0.147854077801856	-0.0053122692480033	-0.651671638112369	0.860741394256018		NZ_CP089932.1	3481304	3482291	-
LU633_RS18220	LU633_RS18220	hypothetical protein	-0.0854064100389977	-0.190457066047962	0.0149466297817555	-0.245466208486381		NZ_CP089932.1	3484012	3484422	-
LU633_RS18230	LU633_RS18230	site-specific integrase	0.0435974678647082	-0.0080328770057935	-0.187071366011182	0.215578705067704		NZ_CP089932.1	3485105	3486385	-
LU633_RS18235	LU633_RS18235	DNA mismatch repair protein MutS	0.112842866392885	-0.0646709296425724	0.370802809097832	0.437550890086841	mutS	NZ_CP089932.1	3486619	3489180	+
LU633_RS18250	LU633_RS18250	RNA polymerase sigma factor RpoS	-3.45007401877292	-4.26713696051108	0.0139468457873528	1.83357431956056	rpoS	NZ_CP089932.1	3491961	3492956	-
LU633_RS18255	LU633_RS18255	murein hydrolase activator NlpD	-4.02307204253907	-2.53289610990649	-2.11176977532371	-2.28430900359489	nlpD	NZ_CP089932.1	3493007	3494122	-
LU633_RS18260	LU633_RS18260	protein-L-isoaspartate(D-aspartate) O-methyltransferase	-3.3444269616276	-1.8894240145214	-0.151976164037478	1.90101510469071		NZ_CP089932.1	3494266	3494892	-
LU633_RS18265	LU633_RS18265	5'/3'-nucleotidase SurE	-1.21575818041961	-1.20923859256938	-0.882611415554342	-0.360740558748218	surE	NZ_CP089932.1	3494886	3495647	-
LU633_RS18270	LU633_RS18270	tRNA pseudouridine(13) synthase TruD	-0.267254079368322	-0.313628453417208	-0.373270121032431	0.482330535592535	truD	NZ_CP089932.1	3496332	3497381	-
LU633_RS18290	LU633_RS18290	DUF3561 family protein	0.0816945004470035	-0.195290853490102	0.745060161294817	0.0308146165272065		NZ_CP089932.1	3499089	3499409	-
LU633_RS18295	LU633_RS18295	adenylyl-sulfate kinase	-3.63161756924786	-3.5476748617525	0.598248366512914	-0.292449227743993	cysC	NZ_CP089932.1	3499465	3500070	-
LU633_RS18300	LU633_RS18300	sulfate adenylyltransferase subunit CysN	-4.29467841308019	-4.49409200578571	-0.301295365345742	0.0437512710487862	cysN	NZ_CP089932.1	3500070	3501497	-
LU633_RS18305	LU633_RS18305	sulfate adenylyltransferase subunit CysD	-4.57070208809852	-5.5746312693758	-0.44422015383876	-0.210992028801107	cysD	NZ_CP089932.1	3501507	3502415	-
LU633_RS18310	LU633_RS18310	siroheme synthase CysG	-3.76880159021359	-5.2380723859727	1.40992750167622	0.257265440866055	cysG	NZ_CP089932.1	3502425	3503840	-
LU633_RS18320	LU633_RS18320	phosphoadenylyl-sulfate reductase	-4.38464589634994	-4.91274498397204	-1.05966303448708	-1.32073536430338		NZ_CP089932.1	3504844	3505575	-
LU633_RS18325	LU633_RS18325	assimilatory sulfite reductase (NADPH) hemoprotein subunit	-4.33832940779712	-5.83694206795513	-0.606453074593013	-0.940162365231504	cysI	NZ_CP089932.1	3505588	3507303	-
LU633_RS18330	LU633_RS18330	NADPH-dependent assimilatory sulfite reductase flavoprotein subunit	-4.28401235434806	-4.67799402503504	-0.126868625920446	0.0171552555904979	cysJ	NZ_CP089932.1	3507303	3509096	-
LU633_RS18335	LU633_RS18335	6-carboxytetrahydropterin synthase QueD	0.682499064646449	0.469142731455853	0.0094311856930857	-0.337938623350603	queD	NZ_CP089932.1	3509402	3509764	+
LU633_RS18340	LU633_RS18340	7-carboxy-7-deazaguanine synthase QueE	0.189995887169239	-0.111334644762496	-0.32343347375012	0.48310834389295	queE	NZ_CP089932.1	3509781	3510452	-
LU633_RS18345	LU633_RS18345	hypothetical protein	0.13934782456688	0.134228096725854	0.317927459792542	0.299859959497548		NZ_CP089932.1	3510568	3511245	-
LU633_RS18350	LU633_RS18350	acyltransferase	0.129683545288594	0.0190076473063793	0.0456179839901565	-0.0093127677011657		NZ_CP089932.1	3511296	3512408	-
LU633_RS18365	LU633_RS18365	nucleoside triphosphate pyrophosphohydrolase	0.328316409880931	0.251692133758338	-0.183031695667017	0.435689010470985	mazG	NZ_CP089932.1	3515863	3516645	-
LU633_RS18370	LU633_RS18370	GTP diphosphokinase	-0.224368497372483	-0.232237395458659	1.09023450575871	0.622116666997622	relA	NZ_CP089932.1	3516847	3519075	-
LU633_RS18375	LU633_RS18375	23S rRNA (uracil(1939)-C(5))-methyltransferase RlmD	-0.152021057803563	0.0071668795591375	0.312262925279144	0.424066479801105	rlmD	NZ_CP089932.1	3519089	3520070	-
LU633_RS18385	LU633_RS18385	TRAM domain-containing protein	-0.253098745046135	-0.218897303333706	-0.36420578788472	-0.545468720815719		NZ_CP089932.1	3521503	3521853	-
LU633_RS18390	LU633_RS18390	two-component sensor histidine kinase BarA	1.32279267781455	0.819951272361105	0.17517740285423	0.665050759649223	barA	NZ_CP089932.1	3521966	3524692	+
LU633_RS18395	LU633_RS18395	glycerate kinase	-0.23553072824041	-0.391304044445681	-0.56223109056704	-0.397448883778062		NZ_CP089932.1	3524735	3525880	-
LU633_RS18400	LU633_RS18400	2-hydroxy-3-oxopropionate reductase	-0.0188316802347419	0.0537052720649064	-0.230268352657959	0.0356514085685424	garR	NZ_CP089932.1	3525951	3526835	-
LU633_RS18410	LU633_RS18410	glucarate dehydratase	0.107844916029291	0.0242232968764466	-0.132036585758728	-0.54862980578694	gudD	NZ_CP089932.1	3527646	3528986	-
LU633_RS18415	LU633_RS18415	glucarate dehydratase family protein	0.0911738284062895	-0.124448609187126	0.0180909205685285	0.413554655836548		NZ_CP089932.1	3529014	3530351	-
LU633_RS18420	LU633_RS18420	MFS transporter	0.0322758593219661	0.0565204183253135	0.0833139942897929	0.282326421783446		NZ_CP089932.1	3530362	3531705	-
LU633_RS18425	LU633_RS18425	SAF domain-containing protein	0.460455257396991	0.131184481656193	-1.62018001894144	-0.838444463052189		NZ_CP089932.1	3532212	3532667	+
LU633_RS18440	LU633_RS18440	UxaA family hydrolase	-0.190546202649794	0.273656327005821	0.5160026132998	-0.464727498981257		NZ_CP089932.1	3534553	3535656	+
LU633_RS18445	LU633_RS18445	flavodoxin	0.255186370902786	0.0469311068347122	-0.584217364894348	-1.12723626707538		NZ_CP089932.1	3535700	3536149	-
LU633_RS18450	LU633_RS18450	tRNA pseudouridine(65) synthase TruC	0.127251346573415	-0.0800414501341559	-0.216243675070891	-0.152722343805957	truC	NZ_CP089932.1	3536171	3536950	-
LU633_RS18455	LU633_RS18455	YqcC family protein	-0.164077863121068	-0.0817102963730806	-0.963139211861524	0.700106730135035		NZ_CP089932.1	3536950	3537273	-
LU633_RS18460	LU633_RS18460	SecY-interacting protein	0.254546242358154	0.0180563817593303	-0.286204943389723	-0.0597775022438567	syd	NZ_CP089932.1	3537826	3538401	-
LU633_RS18465	LU633_RS18465	NADPH-dependent 7-cyano-7-deazaguanine reductase QueF	0.360156099584404	-0.141752873617251	-0.406782378933267	-0.0063887209986717	queF	NZ_CP089932.1	3538544	3539389	+
LU633_RS18470	LU633_RS18470	nucleotide 5'-monophosphate nucleosidase PpnN	-0.0341486853525927	-0.325489644368162	-0.0336492763704321	0.405184610031053	ppnN	NZ_CP089932.1	3539580	3540938	+
LU633_RS18475	LU633_RS18475	flap endonuclease Xni	0.164322746440455	0.202302965618988	-0.165737284530809	0.347347384432631	xni	NZ_CP089932.1	3540981	3541745	+
LU633_RS18480	LU633_RS18480	23S rRNA (cytidine(2498)-2'-O)-methyltransferase RlmM	0.179030017100029	0.13613633226234	0.20143079564648	-0.0595200407890331	rlmM	NZ_CP089932.1	3541780	3542880	-
LU633_RS18485	LU633_RS18485	DUF423 domain-containing protein	-0.347446558651851	-0.080462282956506	0.509586627327128	0.336935072069515		NZ_CP089932.1	3542873	3543268	-
LU633_RS18490	LU633_RS18490	transcriptional regulator GcvA	-0.63950067843271	-0.412917313256299	-0.0126705949317176	1.100935649918		NZ_CP089932.1	3543319	3544236	-
LU633_RS18500	LU633_RS18500	YgdI/YgdR family lipoprotein	0.229820048182928	0.242058583536415	0.287162240746291	0.159553166389875		NZ_CP089932.1	3545209	3545406	-
LU633_RS18505	LU633_RS18505	cysteine desulfurase CsdA	-1.05134529370135	-0.685638381572106	-0.686194625231803	1.21940285484935	csdA	NZ_CP089932.1	3545617	3546822	+
LU633_RS18510	LU633_RS18510	cysteine desulfurase sulfur acceptor subunit CsdE	-0.584975550252117	-0.0726019103783004	-0.12295229915761	0.492798642053444	csdE	NZ_CP089932.1	3546825	3547268	+
LU633_RS18515	LU633_RS18515	tRNA cyclic N6-threonylcarbamoyladenosine(37) synthase TcdA	-0.391360051119009	-0.535920301963642	0.962980056530051	-0.513473571146293	tcdA	NZ_CP089932.1	3547269	3548069	-
LU633_RS18520	LU633_RS18520	murein transglycosylase A	0.214044739722427	0.218905789492878	0.0980935588036398	0.2952389977564	mltA	NZ_CP089932.1	3548123	3549265	-
LU633_RS18530	LU633_RS18530	N-acetylmuramoyl-L-alanine amidase AmiC	-0.002401816041488	0.0646027823881065	0.22817343920365	0.189320213378789	amiC	NZ_CP089932.1	3549633	3550862	-
LU633_RS18535	LU633_RS18535	amino-acid N-acetyltransferase	-3.56483557103149	-3.70552506532901	-2.96470706167443	-0.607413430042657	argA	NZ_CP089932.1	3551087	3552430	+
LU633_RS18540	LU633_RS18540	hypothetical protein	0.501658682122067	0.133278403915325	0.0145611722983547	0.58406227661102		NZ_CP089932.1	3552595	3553299	+
LU633_RS18545	LU633_RS18545	hypothetical protein	0.28862401332233	0.145443927226912	-0.245438347660107	-0.301553013156622		NZ_CP089932.1	3553296	3553733	+
LU633_RS18560	LU633_RS18560	pitrilysin	-0.198108398217568	-0.124963974166008	-0.402741029600836	-0.131889553719936	ptrA	NZ_CP089932.1	3559142	3562030	-
LU633_RS18570	LU633_RS18570	prepilin-type N-terminal cleavage/methylation domain-containing protein	0.244581148549437	0.0638967785322656	-0.444878794116522	-0.200991792379971		NZ_CP089932.1	3565944	3566240	-
LU633_RS18580	LU633_RS18580	prepilin peptidase-dependent protein	0.421300242865067	0.471445917846545	1.66023410713791	0.899986329721349		NZ_CP089932.1	3566652	3567203	-
LU633_RS18585	LU633_RS18585	prepilin peptidase-dependent protein	0.172803568916092	0.233020387381972	0.183004752060201	0.787479030994531		NZ_CP089932.1	3567194	3567643	-
LU633_RS18595	LU633_RS18595	TauD/TfdA family dioxygenase	0.691336938956012	0.184048063649207	0.405333400115266	0.501860554460082		NZ_CP089932.1	3569233	3570069	+
LU633_RS18600	LU633_RS18600	sulfotransferase family protein	0.377540692206617	0.362833718919118	1.68153512811252	1.63127621008804		NZ_CP089932.1	3570062	3571111	+
LU633_RS18605	LU633_RS18605	aspartate aminotransferase family protein	0.364266705088434	0.548115749889354	0.373661343575246	0.120312782958491		NZ_CP089932.1	3571095	3572339	+
LU633_RS18610	LU633_RS18610	hypothetical protein	0.152661613029	-0.168409448632453	0.335324957762481	-0.238627264312097		NZ_CP089932.1	3572382	3572768	+
LU633_RS18615	LU633_RS18615	hypothetical protein	-0.0776336962571706	-0.196132195224449	-0.654441756204168	-0.577475966305096		NZ_CP089932.1	3572769	3572912	+
LU633_RS18620	LU633_RS18620	AAA family ATPase	0.161504382733809	0.135751118767239	-0.264216735825808	-0.189095580140572		NZ_CP089932.1	3573031	3573573	+
LU633_RS18635	LU633_RS18635	phosphoenolpyruvate--protein phosphotransferase	0.278471582842678	0.0184084284330828	3.43733653262987	4.09403055038016	ptsP	NZ_CP089932.1	3576157	3578403	-
LU633_RS18645	LU633_RS18645	DNA mismatch repair endonuclease MutH	-0.378832558737927	0.265981015749062	0.523189040996421	0.316567105570259	mutH	NZ_CP089932.1	3579617	3580303	+
LU633_RS18650	LU633_RS18650	TerC family protein	-0.320325297318795	-0.495953337920089	0.353492635052824	0.610414459256574		NZ_CP089932.1	3580466	3581176	+
LU633_RS18655	LU633_RS18655	YgdI/YgdR family lipoprotein	0.177014860128035	-0.139047561908157	-0.359793354557466	-0.502352508879019		NZ_CP089932.1	3581339	3581554	+
LU633_RS18660	LU633_RS18660	NADP(H)-dependent aldo-keto reductase	-0.347692916785338	-0.338167822715479	0.0861702590619313	0.525678979387476		NZ_CP089932.1	3581855	3582895	+
LU633_RS18665	LU633_RS18665	lysophospholipid transporter LplT	-0.476001671171923	-0.794337718688756	-0.155081934960886	-0.159703037225881	lplT	NZ_CP089932.1	3582986	3584197	-
LU633_RS18670	LU633_RS18670	bifunctional acyl-ACP--phospholipid O-acyltransferase/long-chain-fatty-acid--ACP ligase	0.143402638859046	-0.0306074939947658	0.11086636306404	-0.162670573139317	aas	NZ_CP089932.1	3584175	3586349	-
LU633_RS18675	LU633_RS18675	efflux transporter outer membrane subunit	0.21198197850491	0.0261697889883736	-0.186225141336495	0.0940945922204082		NZ_CP089932.1	3586592	3587786	-
LU633_RS18680	LU633_RS18680	biotin/lipoyl-binding protein	-0.484349310072693	-0.0415070304206102	0.238468495816508	-0.326227280596857		NZ_CP089932.1	3587796	3588111	-
LU633_RS18685	LU633_RS18685	peptidoglycan synthetase	0.0018687538334401	-0.0564835170304622	0.219792734394817	0.552110719798833		NZ_CP089932.1	3588850	3590574	-
LU633_RS18695	LU633_RS18695	molybdopterin-dependent oxidoreductase	0.137253413905241	-0.0683145273893432	0.0452118171323022	0.114343586274889		NZ_CP089932.1	3592335	3594555	-
LU633_RS18700	LU633_RS18700	HTH-type transcriptional regulator GalR	2.14041669531967	1.3912903019315	0.405448851224096	0.351527852709641	galR	NZ_CP089932.1	3594747	3595748	+
LU633_RS18705	LU633_RS18705	diaminopimelate decarboxylase	-3.10946723673725	-4.68270984323821	-4.32093450853404	-3.07163957374873	lysA	NZ_CP089932.1	3595757	3597016	-
LU633_RS18710	LU633_RS18710	LysR family transcriptional regulator	-0.19260268067473	0.269872590908681	0.656797185023228	0.529313719618282		NZ_CP089932.1	3597134	3598054	+
LU633_RS18715	LU633_RS18715	MFS transporter	0.0552748636843134	-0.0390434715082826	-0.113656763644419	0.0308818392027508		NZ_CP089932.1	3598051	3599205	-
LU633_RS18720	LU633_RS18720	hypothetical protein	-0.0952956764337225	0.0690888235022562	-0.401686899960934	0.374543380104013		NZ_CP089932.1	3599670	3600293	+
LU633_RS18725	LU633_RS18725	RES family NAD+ phosphorylase	-0.240113174979465	-0.0701085622950933	0.467604645541962	0.278994842454113		NZ_CP089932.1	3600589	3601296	-
LU633_RS18730	LU633_RS18730	hypothetical protein	0.232562398870827	-0.171214575845508	0.510868793554501	-0.308175211156559		NZ_CP089932.1	3601289	3602017	-
LU633_RS18740	LU633_RS18740	hypothetical protein	0.258426918877768	0.0434143210921707	-0.375842399053151	0.83945332168328		NZ_CP089932.1	3604394	3604900	-
LU633_RS18745	LU633_RS18745	DUF2778 domain-containing protein	0.4471534548419	-0.0526223585918554	-0.935779148654118	0.742550124832381		NZ_CP089932.1	3604828	3605067	-
LU633_RS18760	LU633_RS18760	single-stranded-DNA-specific exonuclease RecJ	-0.209356303421756	-0.239041015753146	-0.407041555763336	-1.24920784579962	recJ	NZ_CP089932.1	3608508	3610226	-
LU633_RS18765	LU633_RS18765	bifunctional protein-disulfide isomerase/oxidoreductase DsbC	-0.162392647919662	-0.0552429572384743	0.0262929339845461	-0.0746939631913186	dsbC	NZ_CP089932.1	3610232	3610936	-
LU633_RS18770	LU633_RS18770	site-specific tyrosine recombinase XerD	-2.29548546046734	-1.05898239027727	-2.14012406216829	-2.30967937011023	xerD	NZ_CP089932.1	3610980	3611873	-
LU633_RS18775	LU633_RS18775	flavodoxin FldB	-0.191659034803662	0.263703392218127	0.36313797424299	-1.42517114984151	fldB	NZ_CP089932.1	3611972	3612490	+
LU633_RS18780	LU633_RS18780	hypothetical protein	0.32983306199051	0.221402752430813	0.0312985862793469	0.387940528617871		NZ_CP089932.1	3612600	3613001	-
LU633_RS18785	LU633_RS18785	FAD assembly factor SdhE	-1.71523278987411	-1.20044173584641	-3.23587188261045	-2.23992569328924	sdhE	NZ_CP089932.1	3612982	3613248	-
LU633_RS18810	LU633_RS18810	hemolysin III family protein	-0.127117256629556	0.0403340037632918	0.247335019337411	-0.0534786256196922		NZ_CP089932.1	3615366	3615756	-
LU633_RS18815	LU633_RS18815	PTS transporter subunit EIIB	-0.194645722601998	0.118131657047594	0.569582044038269	-0.835711809162199		NZ_CP089932.1	3615771	3616241	+
LU633_RS18820	LU633_RS18820	6-phospho-beta-glucosidase	0.11544060459446	0.222069922068865	0.323281493669572	0.0460234728248645		NZ_CP089932.1	3616435	3617874	+
LU633_RS18825	LU633_RS18825	transcriptional regulator	0.0072164338535729	0.224293886951561	0.509319775602978	-0.291051481086915		NZ_CP089932.1	3618146	3618256	+
LU633_RS18830	LU633_RS18830	hypothetical protein	-0.142566134799285	0.775680653286954	0.462112174974948	1.21380335548981		NZ_CP089932.1	3618390	3618680	-
LU633_RS18835	LU633_RS18835	aminomethyl-transferring glycine dehydrogenase	-0.324733027417174	-0.459277434651201	-0.561089717996161	0.360093555286148	gcvP	NZ_CP089932.1	3618944	3621826	-
LU633_RS18840	LU633_RS18840	glycine cleavage system protein GcvH	-0.413032164529088	-0.0869084644895463	0.207422727234847	-0.325646386539408	gcvH	NZ_CP089932.1	3621850	3622236	-
LU633_RS18845	LU633_RS18845	glycine cleavage system aminomethyltransferase GcvT	-0.552085960023642	-0.447410442379936	-0.738370540747359	0.321939490515456	gcvT	NZ_CP089932.1	3622312	3623406	-
LU633_RS18870	LU633_RS18870	Xaa-Pro aminopeptidase	-0.550157913529285	-0.65427832704571	-0.66373079760037	-1.38122856253473	pepP	NZ_CP089932.1	3627459	3628775	-
LU633_RS18875	LU633_RS18875	YecA family protein	-0.206532720576827	-0.0904999955829987	0.0241842881347536	-0.103398174315608		NZ_CP089932.1	3628806	3629384	-
LU633_RS18880	LU633_RS18880	cell division protein ZapA	0.0716060070013522	0.167144242431902	-0.46173374427567	-0.295994699305872	zapA	NZ_CP089932.1	3629554	3629883	+
LU633_RS18895	LU633_RS18895	phosphoglycerate dehydrogenase	-4.29677713656182	-5.35585051194969	-0.452211704452144	-0.893721212136953	serA	NZ_CP089932.1	3630976	3632211	-
LU633_RS18905	LU633_RS18905	LysR family transcriptional regulator ArgP	-2.46318755634481	-1.73825402778656	1.0550370382426	0.457146375872376		NZ_CP089932.1	3633347	3634243	+
LU633_RS18910	LU633_RS18910	oxidative stress defense protein	0.224591607104563	0.250135703572486	0.492029320370493	0.341788358262439		NZ_CP089932.1	3634250	3634975	-
LU633_RS18915	LU633_RS18915	MFS transporter	-0.0678921921245206	-0.196917307411303	-0.421686535416001	-0.511764990408136		NZ_CP089932.1	3635367	3635972	-
LU633_RS18920	LU633_RS18920	LysE family transporter	-0.0427255556336543	-0.1829578924155	-0.425663480282823	0.624638439341745		NZ_CP089932.1	3635998	3636627	-
LU633_RS18930	LU633_RS18930	small-conductance mechanosensitive channel MscS	0.352490147245683	-0.0429300820085879	0.071894827341326	1.07376923021275	mscS	NZ_CP089932.1	3637421	3638305	-
LU633_RS18950	LU633_RS18950	hypothetical protein	0.436975371562262	0.623139043090209	1.29313425726413	-1.18721807802923		NZ_CP089932.1	3642471	3642644	+
LU633_RS18955	LU633_RS18955	polymer-forming cytoskeletal protein	0.137732580915033	0.264293560764115	-0.681430923151127	-0.503439791334695		NZ_CP089932.1	3642637	3643179	+
LU633_RS18960	LU633_RS18960	transketolase	-0.269945119692731	-0.0905920268757995	-0.128965498587129	-0.440151280957117	tkt	NZ_CP089932.1	3643699	3645690	-
LU633_RS18975	LU633_RS18975	agmatinase	-2.58655361045806	-1.82098203181115	-2.11721481038671	-2.17964488187495	speB	NZ_CP089932.1	3649425	3650360	-
LU633_RS18980	LU633_RS18980	biosynthetic arginine decarboxylase	-0.816261322948494	-1.01824366248656	-0.0512655730788616	-1.79919166059533	speA	NZ_CP089932.1	3650527	3652503	-
LU633_RS18990	LU633_RS18990	sugar porter family MFS transporter	0.0904602160380115	0.126469702359735	0.170554509733575	0.395861649280965		NZ_CP089932.1	3654823	3656178	+
LU633_RS18995	LU633_RS18995	SprT family zinc-dependent metalloprotease	-0.0993921305386931	-0.0881779304192704	0.0603747101109648	-1.02816155890097		NZ_CP089932.1	3656248	3656772	+
LU633_RS19000	LU633_RS19000	deoxyribonuclease I	-1.14798428158607	-0.938461924598375	0.193760433239032	0.0148578807420123	endA	NZ_CP089932.1	3656878	3657591	+
LU633_RS19005	LU633_RS19005	16S rRNA (uracil(1498)-N(3))-methyltransferase	-0.144483284461117	0.148934903126162	1.8549082491021	0.697613317766611	rsmE	NZ_CP089932.1	3657666	3658397	+
LU633_RS19010	LU633_RS19010	glutathione synthase	-2.95099420532369	-2.57421573863567	0.0355860895094271	-0.550553992469633	gshB	NZ_CP089932.1	3658481	3659425	+
LU633_RS19015	LU633_RS19015	YqgE/AlgH family protein	2.42293411499911	1.45465235830235	-0.411613688162612	-0.426863543878804		NZ_CP089932.1	3659519	3660082	+
LU633_RS19025	LU633_RS19025	type IV pilus twitching motility protein PilT	-0.220682002332929	0.0144659590780117	0.67218158549544	0.168937393054173		NZ_CP089932.1	3660516	3661511	-
LU633_RS19030	LU633_RS19030	YggS family pyridoxal phosphate-dependent enzyme	-3.39765574116927	-3.54239334281611	-2.95296606913426	-0.693946030230158		NZ_CP089932.1	3661526	3662233	+
LU633_RS19035	LU633_RS19035	YggT family protein	-0.144721974563611	0.0702945558830373	-0.0236251539127006	-0.578100265360175		NZ_CP089932.1	3662242	3662793	+
LU633_RS19045	LU633_RS19045	radical SAM family heme chaperone HemW	-0.120073144886494	-0.326770158388344	-1.23746340507842	-0.393286845667557	hemW	NZ_CP089932.1	3663413	3664573	+
LU633_RS19065	LU633_RS19065	tRNA (guanosine(46)-N7)-methyltransferase TrmB	-0.334632466680435	-0.0286494465356346	-0.151149535536447	0.684280159081786	trmB	NZ_CP089932.1	3666931	3667650	-
LU633_RS19070	LU633_RS19070	A/G-specific adenine glycosylase	0.0202113571295739	0.0494076948901856	-0.212202104161979	0.78540610447289	mutY	NZ_CP089932.1	3667802	3668881	+
LU633_RS19075	LU633_RS19075	oxidative damage protection protein	-3.88432536973441	-3.33819441956434	0.261404624796332	-0.060157075691321		NZ_CP089932.1	3668894	3669166	+
LU633_RS19080	LU633_RS19080	membrane-bound lytic murein transglycosylase MltC	0.0082135806107637	-0.172896901971025	-1.54232291144863	-0.693713697965396	mltC	NZ_CP089932.1	3669218	3670297	+
LU633_RS19085	LU633_RS19085	phosphoenolpyruvate hydrolase family protein	-0.563884404198212	-0.453427764960982	-0.475122384983608	0.411729470404311		NZ_CP089932.1	3670365	3671192	-
LU633_RS19090	LU633_RS19090	Tm-1-like ATP-binding domain-containing protein	0.127840208846898	0.337384982814682	0.835619332161222	0.12048476179904		NZ_CP089932.1	3671195	3672415	-
LU633_RS19095	LU633_RS19095	TetR/AcrR family transcriptional regulator	0.760198226781983	0.775031948985306	2.58283389676176	3.40975737848442		NZ_CP089932.1	3672656	3673312	+
LU633_RS19100	LU633_RS19100	ornithine decarboxylase	0.378527569404304	-0.167942563917746	-1.26753693258598	-1.20334408253788		NZ_CP089932.1	3673347	3675491	-
LU633_RS19120	LU633_RS19120	hypothetical protein	0.561818077655876	0.204131977451377	0.574573401837575	-0.334404462447968		NZ_CP089932.1	3679777	3680436	+
LU633_RS19130	LU633_RS19130	MbeD family mobilization/exclusion protein	-0.293009716369219	0.18528225809009	-1.07130040053235	0.637839023005471		NZ_CP089932.1	3680897	3681058	-
LU633_RS19160	LU633_RS19160	type II toxin-antitoxin system death-on-curing family toxin	-0.700985639994802	-0.399527615274946	-1.06192016685977	0.135438569219203		NZ_CP089932.1	3686392	3686775	-
LU633_RS19170	LU633_RS19170	DNA methylase	0.101201770584329	0.0958771593622723	0.0779481443851462	-0.575699966214801		NZ_CP089932.1	3687060	3687755	-
LU633_RS19200	LU633_RS19200	ash family protein	0.241802843317959	0.091180563879468	0.114767442106524	1.22823353224003		NZ_CP089932.1	3691857	3692123	-
LU633_RS19260	LU633_RS19260	hypothetical protein	0.543990412107948	0.122242657367059	-0.189329740672885	-1.01174307900428		NZ_CP089932.1	3698529	3699089	-
LU633_RS19265	LU633_RS19265	integrase domain-containing protein	0.0840068669100857	0.129121195541144	0.0929330232713401	-0.120586425953521		NZ_CP089932.1	3699398	3700308	-
LU633_RS19270	LU633_RS19270	hypothetical protein	-0.281013833209913	0.486490144375497	-0.0638612195172161	0.352863454950285		NZ_CP089932.1	3701293	3702465	-
LU633_RS19275	LU633_RS19275	hypothetical protein	-0.0444435162209538	0.0459918608513571	-0.461264952361071	-0.407448266314241		NZ_CP089932.1	3702710	3702997	+
LU633_RS19280	LU633_RS19280	conjugal transfer protein TraG N-terminal domain-containing protein	-0.240895667060418	0.0961170243917941	0.408345405137535	-0.238919908653732		NZ_CP089932.1	3703035	3704294	-
LU633_RS19305	LU633_RS19305	hypothetical protein	-0.10710240696411	-0.148662748210875	-0.1993822217833	-0.435753321982353		NZ_CP089932.1	3707615	3708235	-
LU633_RS19320	LU633_RS19320	hypothetical protein	0.288055203888287	-0.153924980791308	1.03405737872576	0.372476803982492		NZ_CP089932.1	3710547	3711221	+
LU633_RS19325	LU633_RS19325	hypothetical protein	-0.157520898007523	-0.139679165990345	-0.400462675709871	-0.48206128579463		NZ_CP089932.1	3711237	3711656	+
LU633_RS19345	LU633_RS19345	hypothetical protein	0.19505011359502	-0.623765535261261	-0.727781498884523	-0.745876921842707		NZ_CP089932.1	3715345	3715605	-
LU633_RS19355	LU633_RS19355	integrative conjugative element protein, RAQPRD family	-0.744448518208611	-0.116163113199375	-1.87230474359709	-1.359342785417		NZ_CP089932.1	3715986	3716289	-
LU633_RS19375	LU633_RS19375	hypothetical protein	-0.0221752795833716	-0.0193171432449907	0.281510167112241	-0.270787484234882		NZ_CP089932.1	3718088	3718363	-
LU633_RS19380	LU633_RS19380	hypothetical protein	0.249602845941358	0.0340993185420488	2.17340231738224	0.98817375672768		NZ_CP089932.1	3718506	3718655	-
LU633_RS19390	LU633_RS19390	DUF2778 domain-containing protein	0.159969646429981	0.0194525439993779	-0.402047923947221	-0.0489765129473425		NZ_CP089932.1	3719734	3720252	-
LU633_RS19410	LU633_RS19410	site-specific integrase	0.0350518381683875	-0.0315264539136485	-0.209228022514446	-0.14812208607677		NZ_CP089932.1	3722630	3723639	-
LU633_RS19415	LU633_RS19415	helicase/relaxase domain-containing protein	0.129325161959618	0.146745756697958	0.236817329553632	1.13231866046463		NZ_CP089932.1	3723688	3725325	-
LU633_RS19420	LU633_RS19420	ATP-binding domain-containing protein	-0.100604262123437	-0.278073085787134	0.346176574518064	0.344085965968963		NZ_CP089932.1	3725301	3726055	-
LU633_RS19440	LU633_RS19440	polysaccharide lyase family protein	0.047131860575967	-0.107319698959292	-0.16260212847717	-0.0829885593910071		NZ_CP089932.1	3729640	3731358	+
LU633_RS19445	LU633_RS19445	KdgM family transporter	-0.302934847300878	-0.0279079185003963	-0.115187159216688	-0.154352294341803		NZ_CP089932.1	3731576	3732319	+
LU633_RS19450	LU633_RS19450	2-isopropylmalate synthase	0.290866209257544	0.138433804941636	-0.330419359098355	-0.389427432616128		NZ_CP089932.1	3732665	3733180	-
LU633_RS19460	LU633_RS19460	catalase	-0.108735286873494	-0.150780469230123	0.201869038381182	-0.437478357360196	katB	NZ_CP089932.1	3734280	3735746	-
LU633_RS19465	LU633_RS19465	transglycosylase SLT domain-containing protein	-0.235636550574013	0.0442687758107424	-0.240365317591332	-0.393249604549742		NZ_CP089932.1	3736624	3737106	-
LU633_RS19470	LU633_RS19470	hypothetical protein	0.113282734881161	-0.0259228492616409	-0.10150255391142	0.0269726485674147		NZ_CP089932.1	3738472	3739665	+
LU633_RS19490	LU633_RS19490	AraC family ligand binding domain-containing protein	-0.0308136493690689	0.265016826329088	0.671455456461385	-0.107649463168392		NZ_CP089932.1	3743721	3744233	+
LU633_RS19500	LU633_RS19500	2OG-Fe dioxygenase family protein	0.171216186702661	0.317034212549953	-0.246006892330575	2.13003777621065		NZ_CP089932.1	3745098	3745442	+
LU633_RS19505	LU633_RS19505	lysine exporter LysO family protein	0.132631845534208	-0.0463339249690077	-0.0041436464971196	-1.4059610460947		NZ_CP089932.1	3745603	3746493	+
LU633_RS19520	LU633_RS19520	IclR family transcriptional regulator	-0.502457687216968	-0.660404646626115	-0.453911410769127	0.33416873459162		NZ_CP089932.1	3749719	3750531	-
LU633_RS19525	LU633_RS19525	sugar ABC transporter ATP-binding protein	-0.0282157564134393	-0.291435698134155	0.37483529924441	0.55106975024078		NZ_CP089932.1	3750856	3752382	+
LU633_RS19530	LU633_RS19530	ABC transporter permease	0.168933046512236	0.275422977502346	-0.023565095683066	0.644802709289492		NZ_CP089932.1	3752423	3753523	+
LU633_RS19535	LU633_RS19535	substrate-binding domain-containing protein	-0.263262453908946	0.10091642762139	-0.447264466097777	0.125065930079675		NZ_CP089932.1	3753520	3754620	+
LU633_RS19540	LU633_RS19540	SMP-30/gluconolactonase/LRE family protein	-0.212536710921341	-0.33434471966446	0.152178122850484	-0.0849203044390334		NZ_CP089932.1	3754631	3755482	+
LU633_RS19545	LU633_RS19545	3-dehydro-L-gulonate 2-dehydrogenase	0.325774750755008	-0.164933316934345	-2.61828357767265	-2.02819387154615	yiaK	NZ_CP089932.1	3755799	3756797	+
LU633_RS19550	LU633_RS19550	YhcH/YjgK/YiaL family protein	-0.283886023578501	-1.0228108718019	-0.986908461959487	0.0216565216173512		NZ_CP089932.1	3756811	3757269	+
LU633_RS19555	LU633_RS19555	MFS transporter	0.162881796615938	-0.454349931985487	-0.695261134449075	-1.28324977140316		NZ_CP089932.1	3757284	3758582	+
LU633_RS19560	LU633_RS19560	carbohydrate kinase	0.0415674057337481	-0.003899062421623	-1.09919526360087	-1.06461443393481		NZ_CP089932.1	3758579	3760063	+
LU633_RS19565	LU633_RS19565	3-keto-L-gulonate-6-phosphate decarboxylase UlaD	-0.498063019171637	-0.201467661849086	-1.60002988363522	-0.320950753062319	ulaD	NZ_CP089932.1	3760060	3760722	+
LU633_RS19570	LU633_RS19570	L-ribulose-5-phosphate 3-epimerase	-0.384812246327003	0.474628522199862	-2.27798614976922	-1.62602110639602		NZ_CP089932.1	3760725	3761582	+
LU633_RS19575	LU633_RS19575	L-ribulose-5-phosphate 4-epimerase	0.227800900476822	0.169850301228526	-1.10221446278347	-1.12980297439676	araD	NZ_CP089932.1	3761579	3762277	+
LU633_RS19585	LU633_RS19585	hypothetical protein	0.415947960495755	-0.227443826717483	-1.16626763466297	0.784112813958573		NZ_CP089932.1	3763769	3764608	+
LU633_RS19590	LU633_RS19590	IS91 family transposase	0.345939017148758	-0.163193623075659	-0.394571803436748	-0.963149094165888		NZ_CP089932.1	3764796	3764933	-
LU633_RS19595	LU633_RS19595	IS3 family transposase	-0.336645844477275	0.264718166783315	-0.43604132235274	-0.216714828062983		NZ_CP089932.1	3764978	3765223	-
LU633_RS19600	LU633_RS19600	DNA primase	-0.405360021477813	-0.573026360439416	0.458902689829407	-1.30277162284396		NZ_CP089932.1	3765215	3765616	+
LU633_RS19610	LU633_RS19610	alanine transaminase	0.169580186178134	-0.011215844737104	-0.0872595126529734	0.0772137372522537	alaC	NZ_CP089932.1	3767779	3769014	-
LU633_RS19615	LU633_RS19615	glucokinase	0.233159516336593	0.994027684107329	-0.511857618009163	-0.414967082313189	glk	NZ_CP089932.1	3769844	3770809	-
LU633_RS19620	LU633_RS19620	hypothetical protein	0.27546904924172	-0.341013980667012	0.0179300358033005	-0.263795265793269		NZ_CP089932.1	3771353	3771823	-
LU633_RS19660	LU633_RS19660	IclR family transcriptional regulator	0.394163137922557	0.290040461334318	-0.213475671133679	0.208102469059398		NZ_CP089932.1	3778041	3778823	-
LU633_RS19665	LU633_RS19665	MFS transporter	0.214492750028047	0.0578625387059635	-0.0079007413753062	-0.001141163864518		NZ_CP089932.1	3778985	3780577	+
LU633_RS19670	LU633_RS19670	HlyD family secretion protein	0.145281603775584	-0.0603976071732565	-0.271348137622772	0.335688907446112		NZ_CP089932.1	3780580	3781608	+
LU633_RS19690	LU633_RS19690	hypothetical protein	-0.154593239471383	0.0991404081239013	-0.176819362094192	0.526706054913294		NZ_CP089932.1	3786078	3786581	-
LU633_RS19700	LU633_RS19700	hypothetical protein	0.0695125428243242	0.232488008169201	0.749685367304112	0.312889585381461		NZ_CP089932.1	3787758	3788417	-
LU633_RS19710	LU633_RS19710	IS3 family transposase	-0.238643632452388	-0.210981223675803	1.44039658194545	-0.6499201351434		NZ_CP089932.1	3789280	3790049	+
LU633_RS19715	LU633_RS19715	hypothetical protein	0.0098439147225304	0.178557969254738	-0.258258225537961	1.22443059312742		NZ_CP089932.1	3790271	3790621	+
LU633_RS19745	LU633_RS19745	phage-like protein	-0.367106598535674	-0.545206364766517	-1.22305700128963	0.517644068248063		NZ_CP089932.1	3796293	3796661	-
LU633_RS19750	LU633_RS19750	hypothetical protein	-0.10420823247976	-0.0071493514581457	-0.785004871971186	0.446090692679065		NZ_CP089932.1	3796784	3797239	+
LU633_RS19755	LU633_RS19755	hypothetical protein	0.208632349103137	-0.110965030502811	0.0461200249657017	0.106040318403878		NZ_CP089932.1	3797261	3797809	-
LU633_RS19760	LU633_RS19760	DUF4054 domain-containing protein	-0.01695428263057	0.0480559223772609	-0.835153495556257	0.380745471669561		NZ_CP089932.1	3797806	3798246	-
LU633_RS19765	LU633_RS19765	hypothetical protein	-0.0655486710662505	0.377823081080418	-1.34379645793191	0.250005140061742		NZ_CP089932.1	3798243	3798587	-
LU633_RS19770	LU633_RS19770	DUF2184 domain-containing protein	-0.100218948418711	-0.200690351702177	-0.0453248372358679	-0.715291038511208		NZ_CP089932.1	3798630	3799697	-
LU633_RS19775	LU633_RS19775	hypothetical protein	0.360567189998172	-0.0035776357651378	-0.511658394147587	0.656795392618378		NZ_CP089932.1	3799699	3800196	-
LU633_RS19780	LU633_RS19780	DUF2213 domain-containing protein	-0.170158138079457	0.0313535563282121	0.273889272880656	-0.387400059666978		NZ_CP089932.1	3800196	3801485	-
LU633_RS19790	LU633_RS19790	DUF1073 domain-containing protein	-0.0992469009035639	0.0022475954293744	-0.575756461346908	0.238099621663985		NZ_CP089932.1	3802185	3803711	-
LU633_RS19795	LU633_RS19795	phage terminase large subunit	0.195638971774904	0.125115281707238	0.528790905358596	0.210426827952568	terL	NZ_CP089932.1	3803714	3805132	-
LU633_RS19800	LU633_RS19800	terminase small subunit	-0.0034201625767769	0.105433853790212	-0.501186883461001	0.0839277397460947		NZ_CP089932.1	3805098	3805670	-
LU633_RS19805	LU633_RS19805	hypothetical protein	-1.07580762804391	-0.289288536914586	-0.13334427669231	-1.26095536418564		NZ_CP089932.1	3805706	3806179	-
LU633_RS19810	LU633_RS19810	lysis protein	0.151033375538662	-0.0751098496400751	-0.426190051375122	-0.514057075328577		NZ_CP089932.1	3806237	3806698	-
LU633_RS19815	LU633_RS19815	protein P5	0.0505344894966193	0.18704279538632	1.04760114474015	0.860942305902675		NZ_CP089932.1	3806695	3807111	-
LU633_RS19825	LU633_RS19825	hypothetical protein	0.633140910835095	-0.467409280947485	-0.636348825208523	0.0171552555904979		NZ_CP089932.1	3807513	3807809	-
LU633_RS19830	LU633_RS19830	hypothetical protein	-0.181686209058606	-0.191654366030891	0.276248534493115	-0.162630467964733		NZ_CP089932.1	3807810	3808370	-
LU633_RS19840	LU633_RS19840	phage N-6-adenine-methyltransferase	0.116132826232137	0.136843520560405	-0.509667870721312	0.200465875099697		NZ_CP089932.1	3809285	3809494	-
LU633_RS19865	LU633_RS19865	type I toxin-antitoxin system Hok family toxin	0.115885668026397	-0.0242831529811728	0.581212756300051	-0.0992841373078623		NZ_CP089932.1	3812759	3812917	-
LU633_RS19880	LU633_RS19880	ATP-binding protein	0.0289404099193424	-0.165845837692116	-0.779466640356562	1.07696583801116		NZ_CP089932.1	3815168	3815908	-
LU633_RS19885	LU633_RS19885	hypothetical protein	-0.346700516382717	-0.291917087983429	-0.863726578277307	-0.298817220920881		NZ_CP089932.1	3815911	3816765	-
LU633_RS19890	LU633_RS19890	toxin YdaT family protein	-0.166525756243085	0.0633302353608912	-0.197682066234794	0.588416518263589		NZ_CP089932.1	3816807	3817280	-
LU633_RS19895	LU633_RS19895	Cro/CI family transcriptional regulator	-0.121949005626792	-0.0425772838328337	-0.0286122904804667	-0.791467519963593		NZ_CP089932.1	3817258	3817488	-
LU633_RS19970	LU633_RS19970	phage integrase Arm DNA-binding domain-containing protein	0.134681607204355	0.0683277000753189	0.285974909610638	-0.344430030107335		NZ_CP089932.1	3828727	3829905	+
LU633_RS19990	LU633_RS19990	hypothetical protein	0.217003777542961	-0.135338092197281	-0.369450739942484	-0.0355294817580649		NZ_CP089932.1	3831660	3831851	+
LU633_RS19995	LU633_RS19995	phage antirepressor N-terminal domain-containing protein	0.184117104460694	0.249782790926555	0.369481868466806	0.259313740099631		NZ_CP089932.1	3831848	3832585	+
LU633_RS20005	LU633_RS20005	SHOCT domain-containing protein	0.143296778893525	-0.409757238840306	-1.49114808976296	-0.634589234030061		NZ_CP089932.1	3833108	3833281	+
LU633_RS20010	LU633_RS20010	phage tail protein	0.134993962976933	0.0182804152441448	-0.0222986426274774	0.423141139999796		NZ_CP089932.1	3833353	3834210	-
LU633_RS20015	LU633_RS20015	DUF2612 domain-containing protein	0.175715300627601	-0.0571255206344339	0.193610624786933	0.376702749957333		NZ_CP089932.1	3834295	3834948	-
LU633_RS20020	LU633_RS20020	baseplate J/gp47 family protein	-0.162696885107964	-0.0309566204650169	0.255091778344462	0.0230650195705824		NZ_CP089932.1	3834945	3836132	-
LU633_RS20025	LU633_RS20025	phage-like protein	-0.888428287023014	-0.690201752380811	0.229202544261408	-0.284088963379221		NZ_CP089932.1	3836125	3836469	-
LU633_RS20030	LU633_RS20030	hypothetical protein	-0.692758008852153	-0.0555903681817282	-0.215779368090728	0.307984063323562		NZ_CP089932.1	3836551	3836838	-
LU633_RS20035	LU633_RS20035	phage-like protein	-0.75330849670676	-0.563179888737933	-0.55207917282285	0.232649760186277		NZ_CP089932.1	3836835	3837527	-
LU633_RS20040	LU633_RS20040	hypothetical protein	0.0696412359576146	0.161868766914705	0.198549894464135	-0.168828634459646		NZ_CP089932.1	3837531	3838346	-
LU633_RS20045	LU633_RS20045	hypothetical protein	0.174783053015342	-0.062273667986576	-0.146274333231562	0.291652927728053		NZ_CP089932.1	3838339	3838632	-
LU633_RS20050	LU633_RS20050	hypothetical protein	0.883399084239215	0.256044820382943	0.526099314888044	-0.0136676872383124		NZ_CP089932.1	3838638	3839147	-
LU633_RS20055	LU633_RS20055	hypothetical protein	0.230245343404338	0.263166174149176	0.415711523069528	0.0141931391303642		NZ_CP089932.1	3839144	3840832	-
LU633_RS20065	LU633_RS20065	DUF2441 domain-containing protein	-0.111610735663777	0.279153057059675	0.217396710238029	-0.328195556255779		NZ_CP089932.1	3841505	3842035	+
LU633_RS20070	LU633_RS20070	hypothetical protein	-0.129153917311535	-0.136491744589268	-0.385268068095178	0.436517473113132		NZ_CP089932.1	3842013	3842201	-
LU633_RS20075	LU633_RS20075	hypothetical protein	-0.0106131435679124	-0.163214093112775	-0.289701095829568	-0.238878980271669		NZ_CP089932.1	3842262	3842714	-
LU633_RS20080	LU633_RS20080	DUF3383 domain-containing protein	0.189904471006277	0.0872108835995505	0.403211263556859	-0.506355970641673		NZ_CP089932.1	3842725	3844212	-
LU633_RS20110	LU633_RS20110	hypothetical protein	0.0998522354962396	-0.0886666117423663	0.0323276345682075	0.0554588635791728		NZ_CP089932.1	3847747	3848541	+
LU633_RS20145	LU633_RS20145	DUF6516 family protein	0.563670439578955	-0.1491707463093	0.229059132577375	0.0171552555904979		NZ_CP089932.1	3852565	3852846	-
LU633_RS20150	LU633_RS20150	Rha family transcriptional regulator	0.187915399433744	0.0212856949193436	0.307989817685224	0.909808686962721		NZ_CP089932.1	3853695	3854090	+
LU633_RS20165	LU633_RS20165	IS3 family transposase	0.0814234786070234	0.064535542057624	-0.0069146364338788	-0.172326477088689		NZ_CP089932.1	3855662	3856815	-
LU633_RS20185	LU633_RS20185	Rha family transcriptional regulator	0.0298583041912697	0.0611637243512615	-0.118286916542935	0.218556598945898		NZ_CP089932.1	3858020	3858619	+
LU633_RS20200	LU633_RS20200	recombinase XerD	0.0888839322648172	-0.0595716387946907	-0.346411439493037	-0.301162538056465		NZ_CP089932.1	3861182	3861567	-
LU633_RS20240	LU633_RS20240	hypothetical protein	-0.0061119048794158	-0.0924136224360407	0.387877347863485	1.12422919993042		NZ_CP089932.1	3867467	3867682	-
LU633_RS20245	LU633_RS20245	site-specific tyrosine recombinase XerC	-0.275618117679701	-0.497067863721446	-0.759073393675292	-1.1452342330565	xerC	NZ_CP089932.1	3867735	3868718	-
LU633_RS20250	LU633_RS20250	CHC2 zinc finger domain-containing protein	-0.0602974983596984	0.100474153959942	-0.488922530309662	0.419772563998051		NZ_CP089932.1	3868618	3871701	-
LU633_RS20275	LU633_RS20275	DUF6531 domain-containing protein	0.0741266171032993	-0.0503886014838857	-0.404235815391779	-0.237403196445982		NZ_CP089932.1	3873829	3878355	-
LU633_RS20285	LU633_RS20285	type VI secretion system tip protein VgrG	0.337323632508392	-0.0925116443044558	-0.0768791404313798	-0.444975706993151	vgrG	NZ_CP089932.1	3878801	3880728	-
LU633_RS20290	LU633_RS20290	serine/threonine protein kinase	0.227024359918885	-0.0166237098332396	1.72715250875421	1.72439071856638		NZ_CP089932.1	3881114	3882499	-
LU633_RS20295	LU633_RS20295	type VI secretion system ATPase TssH	0.237774757944085	0.139549051659348	1.19481437210034	1.56222684975841	tssH	NZ_CP089932.1	3882529	3885144	-
LU633_RS20300	LU633_RS20300	DUF4225 domain-containing protein	0.0495129406964701	-0.065263472594887	0.600727576064462	0.748113935758455		NZ_CP089932.1	3885567	3886328	-
LU633_RS20305	LU633_RS20305	type VI secretion system baseplate subunit TssG	-0.0380683252943019	-0.0848511374327532	0.794275671937051	0.21111671449863	tssG	NZ_CP089932.1	3886375	3887427	-
LU633_RS20310	LU633_RS20310	type VI secretion system baseplate subunit TssF	-0.188253547011156	0.265807595447479	1.27819163587546	0.818760999778914	tssF	NZ_CP089932.1	3887424	3889301	-
LU633_RS20315	LU633_RS20315	type VI secretion system baseplate subunit TssE	0.156912165847255	0.0410028421325636	0.609756864700403	2.07189512742908	tssE	NZ_CP089932.1	3889304	3889879	-
LU633_RS20320	LU633_RS20320	virulence protein	0.147236898370899	-0.0023995833789979	1.2644121947476	0.943205492504382		NZ_CP089932.1	3889872	3890696	-
LU633_RS20325	LU633_RS20325	hypothetical protein	0.844274303103521	0.157417264653438	1.81612838831062	1.97953723124109		NZ_CP089932.1	3890722	3891774	-
LU633_RS20330	LU633_RS20330	type VI secretion system-associated FHA domain protein TagH	0.0323649556113232	0.120569192827879	0.06478974835249	1.07182669561881	tagH	NZ_CP089932.1	3891793	3893820	-
LU633_RS20335	LU633_RS20335	hypothetical protein	-0.395797375912256	-0.183676202065977	-0.226914296197888	0.436264940450399		NZ_CP089932.1	3894077	3894352	-
LU633_RS20345	LU633_RS20345	peptidoglycan-binding protein	0.10039072151271	0.0349961934257619	0.8898046132783	0.836483492093393		NZ_CP089932.1	3895208	3895924	-
LU633_RS20350	LU633_RS20350	type VI secretion system tube protein Hcp	0.398819432688204	0.0545477081429885	0.827004198492457	1.66819094573493		NZ_CP089932.1	3896021	3896500	-
LU633_RS20355	LU633_RS20355	type VI secretion system contractile sheath large subunit	0.0056354998950953	-0.412218382050217	0.273940706406208	0.140359980395125	tssC	NZ_CP089932.1	3897194	3898696	-
LU633_RS20360	LU633_RS20360	type VI secretion system contractile sheath small subunit	0.346095375458601	-0.0612387359097895	1.3068145113645	1.89445508085969	tssB	NZ_CP089932.1	3898700	3899224	-
LU633_RS20365	LU633_RS20365	type VI secretion system protein TssA	-0.0869236605330184	0.0639654296959179	0.2444845249737	0.73974081645268	tssA	NZ_CP089932.1	3899274	3900293	-
LU633_RS20370	LU633_RS20370	type VI secretion system-associated protein TagF	0.601377440509366	0.0582972928455254	2.07201588100317	1.60080254045987	tagF	NZ_CP089932.1	3900309	3901022	-
LU633_RS20375	LU633_RS20375	type VI secretion system membrane subunit TssM	0.429070916015506	0.0347641346617444	0.92790389406379	1.05754566176096	tssM	NZ_CP089932.1	3901039	3904662	-
LU633_RS20380	LU633_RS20380	DotU family type VI secretion system protein	0.32291367165859	-0.096681437687045	1.75249605086125	1.06189991590438		NZ_CP089932.1	3904666	3905883	-
LU633_RS20385	LU633_RS20385	type VI secretion system baseplate subunit TssK	-0.0280253145865033	-0.0570789979762709	0.149708366160364	1.15145353908922	tssK	NZ_CP089932.1	3905919	3907262	-
LU633_RS20390	LU633_RS20390	type VI secretion system lipoprotein TssJ	0.564564438035527	0.0665915811424328	0.726820337873525	2.60343253908342	tssJ	NZ_CP089932.1	3907259	3907795	-
LU633_RS20395	LU633_RS20395	hypothetical protein	0.919990968491463	0.190539118396313	1.50539863246515	2.43624192231876		NZ_CP089932.1	3907820	3908320	-
LU633_RS20400	LU633_RS20400	pyrimidine 5'-nucleotidase	0.155876378611187	-0.253720113969907	-0.762823387429385	-0.0552536210656571	yjjG	NZ_CP089932.1	3909242	3909922	-
LU633_RS20405	LU633_RS20405	ribosomal protein S18-alanine N-acetyltransferase	0.16399599518289	0.12862033688194	-0.0893098368351155	-0.0159526993136003	rimI	NZ_CP089932.1	3909993	3910433	-
LU633_RS20415	LU633_RS20415	16S rRNA (guanine(1207)-N(2))-methyltransferase RsmC	-2.57015179202908	-0.472879082250375	0.318000552705962	-0.165398140017403	rsmC	NZ_CP089932.1	3910955	3911983	+
LU633_RS20420	LU633_RS20420	hypothetical protein	0.156097614790455	0.410374330629744	0.707719535832249	1.31816842473636		NZ_CP089932.1	3912087	3912599	-
LU633_RS20430	LU633_RS20430	tRNA-Leu	0.123756851244114	-0.238823379005606	0.258049296744811	0.620959820509431		NZ_CP089932.1	3913008	3913094	+
LU633_RS20440	LU633_RS20440	DUF1435 domain-containing protein	-0.240745967951935	0.266815944289338	-0.616504697818995	0.873995379169156		NZ_CP089932.1	3913302	3913577	-
LU633_RS20455	LU633_RS20455	hypothetical protein	0.153644952678611	0.16051434104042	0.471038924816765	-0.0779566478292697		NZ_CP089932.1	3915107	3915550	+
LU633_RS20460	LU633_RS20460	siderophore-iron reductase FhuF	-0.921739232978935	-0.227364105931805	-0.708783003718029	-0.793788181677317	fhuF	NZ_CP089932.1	3915501	3915827	+
LU633_RS20465	LU633_RS20465	YbaK/EbsC family protein	0.123195147669431	0.0841344563392943	1.14969442714065	-0.25728680803266		NZ_CP089932.1	3915899	3916372	+
LU633_RS20470	LU633_RS20470	MFS transporter	-0.110665697925366	-0.191997487044594	0.817476425544281	0.252427656697102		NZ_CP089932.1	3916444	3917587	-
LU633_RS20475	LU633_RS20475	DUF2946 domain-containing protein	-0.269904281344655	-0.0805324251951526	0.105339148811446	0.287011106107885		NZ_CP089932.1	3917827	3918264	+
LU633_RS20480	LU633_RS20480	PepSY domain-containing protein	0.196008990563576	-0.0901700981831607	-0.320540875678913	-0.0200085234754872		NZ_CP089932.1	3918340	3919806	+
LU633_RS20490	LU633_RS20490	DUF4942 domain-containing protein	0.221453947056157	-0.0438138975292303	-0.551040213253653	0.0085341714328768		NZ_CP089932.1	3920255	3921109	-
LU633_RS20500	LU633_RS20500	HNH endonuclease	0.214178061288271	0.325618170110151	-0.518629450982263	-1.25711046288411		NZ_CP089932.1	3922295	3922567	-
LU633_RS20510	LU633_RS20510	Fic family protein	-0.0037538596537178	0.145066581167716	0.0016432443548908	-0.0248892860696048		NZ_CP089932.1	3922936	3923550	-
LU633_RS20515	LU633_RS20515	integrase	-0.209177742623243	-0.404082030834034	-2.96822495502346	1.38541861503216		NZ_CP089932.1	3923555	3923740	-
LU633_RS20525	LU633_RS20525	methyl-accepting chemotaxis protein	-0.063996103905164	-0.0858149382969905	0.0735706004457941	-0.214775527726199		NZ_CP089932.1	3924869	3926408	+
LU633_RS20530	LU633_RS20530	hypothetical protein	0.503517212406146	-0.166488990622064	0.485974342710872	-1.25158861338196		NZ_CP089932.1	3926786	3926998	+
LU633_RS20560	LU633_RS20560	LacI family DNA-binding transcriptional regulator	-0.816457114208564	-1.25928175187354	2.65906738638538	4.46546892734619		NZ_CP089932.1	3934537	3935544	-
LU633_RS20565	LU633_RS20565	hypothetical protein	-0.233520911629117	-0.186242546441656	0.861606750786572	2.28516025558679		NZ_CP089932.1	3935548	3935970	-
LU633_RS20570	LU633_RS20570	hypothetical protein	0.0942091499498758	-0.162748086061955	-0.743493504790855	0.708917610379354		NZ_CP089932.1	3935967	3936659	-
LU633_RS20575	LU633_RS20575	MbeD family mobilization/exclusion protein	0.19521625692002	-0.142802047459046	0.184315116476048	-0.580885930353551		NZ_CP089932.1	3936841	3937055	-
LU633_RS20580	LU633_RS20580	sucrose-6-phosphate hydrolase	-0.973154820127178	0.243631910975977	-3.88885252179455	-2.99420108569932		NZ_CP089932.1	3937228	3938637	-
LU633_RS20585	LU633_RS20585	sucrose-specific PTS transporter subunit IIBC	0.634106278470599	0.408121669949136	-2.09032132086785	-0.985953031317962		NZ_CP089932.1	3938637	3940007	-
LU633_RS20590	LU633_RS20590	carbohydrate porin	0.202526934774816	-0.220182234611636	-2.05934513154764	-2.05724542117363		NZ_CP089932.1	3940073	3941635	-
LU633_RS20595	LU633_RS20595	aminoimidazole riboside kinase	-0.888903431760517	-0.192067469523327	0.290473191241674	2.02408277045747		NZ_CP089932.1	3941796	3942725	-
LU633_RS20600	LU633_RS20600	diguanylate cyclase	0.118121364020303	0.0320416752432027	0.143032040768026	-0.150870611127883		NZ_CP089932.1	3943066	3944979	+
LU633_RS20610	LU633_RS20610	AvrE-family type 3 secretion system effector	0.0949803201483266	0.0382089814439309	0.338974877125734	-0.0568831057514316		NZ_CP089932.1	3945590	3950917	-
LU633_RS20615	LU633_RS20615	hypothetical protein	-0.0786488835705794	0.0195265138939882	0.628440974755749	0.105560175829131		NZ_CP089932.1	3951235	3951522	+
LU633_RS20620	LU633_RS20620	Virulence/avirulence effector protein	-0.0792439985259896	0.0904355433180822	0.145946451152648	-0.24113624421123		NZ_CP089932.1	3951634	3952869	-
LU633_RS20625	LU633_RS20625	type III secretion system chaperone	-0.0979007250759907	-0.0714576646124048	0.172000869952242	-0.333782200934089		NZ_CP089932.1	3952866	3953441	-
LU633_RS20630	LU633_RS20630	harpin HrpZ family protein	-0.0986258124142865	-0.126982357089246	-0.208398018147347	-0.245062138907429		NZ_CP089932.1	3953443	3954798	-
LU633_RS20635	LU633_RS20635	hypothetical protein	-0.39750930355546	-0.230239219212539	-1.02374429664674	-0.208320490921086		NZ_CP089932.1	3954988	3955338	-
LU633_RS20645	LU633_RS20645	type III secretion system outer membrane ring subunit SctC	-0.117279508694819	0.0175234821085711	-0.0129640752382623	0.0745795672689455	sctC	NZ_CP089932.1	3955540	3957564	-
LU633_RS20650	LU633_RS20650	hypothetical protein	-0.157801183007549	-0.248537958682044	0.419950862139146	-0.501975347081879		NZ_CP089932.1	3957557	3957988	-
LU633_RS20660	LU633_RS20660	type III secretion system stator protein SctL	-0.223185214744368	0.277750733997918	0.970306613576035	0.907311143444516	sctL	NZ_CP089932.1	3958298	3958882	-
LU633_RS20665	LU633_RS20665	hypothetical protein	-1.04083757364496	-0.208777936766369	-0.651426250366362	0.159719032642106		NZ_CP089932.1	3958876	3959466	-
LU633_RS20670	LU633_RS20670	type III secretion inner membrane ring lipoprotein SctJ	0.106454640785815	-0.0267157305876994	-0.531106710948245	-0.392700727890737	sctJ	NZ_CP089932.1	3959459	3960235	-
LU633_RS20680	LU633_RS20680	hypothetical protein	-0.475933188399846	-0.055137252487406	0.147020205186902	-0.120515323620748		NZ_CP089932.1	3960674	3960889	-
LU633_RS20685	LU633_RS20685	sigma-54 dependent transcriptional regulator	-0.21538295863305	-0.407927910665651	2.38004596563743	3.23728707873852		NZ_CP089932.1	3961130	3962107	-
LU633_RS20690	LU633_RS20690	response regulator transcription factor	0.191002616041646	-0.114132220915336	2.10044647471297	1.29952690918424		NZ_CP089932.1	3962466	3963107	-
LU633_RS20695	LU633_RS20695	PAS domain-containing sensor histidine kinase	-0.221954968674141	-0.138354633417856	1.40405199390722	1.59663467993828		NZ_CP089932.1	3963100	3964599	-
LU633_RS20700	LU633_RS20700	sigma-70 family RNA polymerase sigma factor	-1.05033553342718	0.285073365196243	3.32575441490735	1.75403574279472		NZ_CP089932.1	3964744	3965292	-
LU633_RS20705	LU633_RS20705	type III secretion system gatekeeper subunit SctW	0.208140072092533	-0.0234437006131119	0.0533810678802176	0.973457998046733	sctW	NZ_CP089932.1	3965570	3966736	+
LU633_RS20710	LU633_RS20710	type III secretion system export apparatus subunit SctV	0.0369114309459435	0.0370499851369194	-0.0705080955898005	-0.0872235787493301	sctV	NZ_CP089932.1	3966737	3968890	+
LU633_RS20715	LU633_RS20715	type III secretion system inner membrane ring subunit SctD	-0.0666213032003868	-0.401755780337672	-1.14152285046077	-0.190103366184685	sctD	NZ_CP089932.1	3968869	3969789	+
LU633_RS20720	LU633_RS20720	type III secretion system ATPase SctN	-0.0589795988150106	-0.227282658026555	0.243410316270049	-0.259510816756036	sctN	NZ_CP089932.1	3969783	3971150	+
LU633_RS20725	LU633_RS20725	hypothetical protein	0.0577514932541439	-0.229597579410415	-0.278310056798723	-0.185479074311853		NZ_CP089932.1	3971134	3971577	+
LU633_RS20730	LU633_RS20730	type III secretion system HrpP C-terminal domain-containing protein	0.139809568162411	0.0459669041921823	-0.505768007103092	-1.11852261761905		NZ_CP089932.1	3971577	3972050	+
LU633_RS20735	LU633_RS20735	type III secretion system cytoplasmic ring protein SctQ	0.323795427031219	0.158802984625749	-0.154055797026435	0.923379762189757	sctQ	NZ_CP089932.1	3972047	3973096	+
LU633_RS20740	LU633_RS20740	type III secretion system export apparatus subunit SctR	-0.129802483049427	-0.377574987909757	-0.0249268867936088	-0.188390726805467	sctR	NZ_CP089932.1	3973093	3973746	+
LU633_RS20745	LU633_RS20745	type III secretion system export apparatus subunit SctS	0.0227100674278897	0.0608600295501356	0.219220131128827	0.415277994560475	sctS	NZ_CP089932.1	3973754	3974014	+
LU633_RS20750	LU633_RS20750	type III secretion system export apparatus subunit SctT	-0.138434313564034	0.0604863835105957	-0.764675531417935	0.413962753569811	sctT	NZ_CP089932.1	3974016	3974813	+
LU633_RS20755	LU633_RS20755	type III secretion system export apparatus subunit SctU	-0.217979598985543	0.0673524739464424	-0.275446147672246	0.0124789044544431	sctU	NZ_CP089932.1	3974813	3975895	+
LU633_RS20760	LU633_RS20760	GNAT family N-acetyltransferase	0.163019988667422	-0.0485608245152291	-0.413254046306784	0.0493319195661255		NZ_CP089932.1	3975999	3976448	+
LU633_RS20765	LU633_RS20765	acyl-CoA thioesterase	0.137624461148538	0.0770267895847497	-0.0664918342380962	0.0774862249415655		NZ_CP089932.1	3976770	3977153	+
LU633_RS20775	LU633_RS20775	type III effector HrpK	-0.048501165299855	-0.0561619678042629	-0.0879522284234091	0.253797208737234		NZ_CP089932.1	3977912	3980212	-
LU633_RS20780	LU633_RS20780	diguanylate phosphodiesterase	-0.146121122258025	-0.091370056151866	0.22054442362957	0.262761400916513		NZ_CP089932.1	3980796	3981907	+
LU633_RS20790	LU633_RS20790	biofilm development regulator YmgB/AriR family protein	0.109083357877433	0.260510216234761	0.529800197201633	2.24011112574398		NZ_CP089932.1	3983237	3983497	-
LU633_RS20795	LU633_RS20795	hypothetical protein	-0.198683395638542	-0.322272078568872	-0.363601276132545	-0.350178876114333		NZ_CP089932.1	3983558	3983836	-
LU633_RS20800	LU633_RS20800	regulatory protein YcgZ	0.761517443994594	-0.0757878329120865	0.105934900749771	0.0919750566351372	ycgZ	NZ_CP089932.1	3983898	3984137	-
LU633_RS20835	LU633_RS20835	aromatic amino acid transporter AroP	-0.466578109078409	-0.351078694353359	-0.292250667170114	-0.732703055291329	aroP	NZ_CP089932.1	3994367	3995722	+
LU633_RS20845	LU633_RS20845	hypothetical protein	-0.108670575893836	-0.0878823959374366	0.0221130872469022	0.128704205189851		NZ_CP089932.1	3997224	3997490	+
LU633_RS20850	LU633_RS20850	beta-lactamase regulator AmpE	0.0728663376749517	-0.0466637261104413	0.022616984912236	0.381172319558189	ampE	NZ_CP089932.1	3997545	3998380	-
LU633_RS20855	LU633_RS20855	1,6-anhydro-N-acetylmuramyl-L-alanine amidase AmpD	-0.0435963438551208	-0.1479718583415	0.738353500904982	-0.0921994088456914	ampD	NZ_CP089932.1	3998393	3998943	-
LU633_RS20860	LU633_RS20860	carboxylating nicotinate-nucleotide diphosphorylase	-0.103713598584329	-0.0158635680482051	0.366582282171893	1.49807822604683	nadC	NZ_CP089932.1	3999094	3999981	+
LU633_RS20870	LU633_RS20870	type II secretion system protein GspE	-0.0896087666727712	0.149009995944072	0.0119232988232465	0.282828720084526	gspE	NZ_CP089932.1	4000629	4002032	+
LU633_RS20875	LU633_RS20875	protein transport protein HofC	-0.0199670830733623	0.118490733209052	-0.203257554333366	-0.276128925342099	hofC	NZ_CP089932.1	4002010	4003209	+
LU633_RS20880	LU633_RS20880	GMP reductase	-0.614709017429445	-0.529481201632664	0.601093605268138	0.367392773069858		NZ_CP089932.1	4003260	4004300	-
LU633_RS20890	LU633_RS20890	cell division protein ZapD	-0.996720240729807	-0.614796509134207	0.122199349681465	-0.514032476736065	zapD	NZ_CP089932.1	4005162	4005905	+
LU633_RS20895	LU633_RS20895	DNA gyrase inhibitor YacG	-2.27341515953237	-2.23655142263188	0.615698145245583	0.315050981600659	yacG	NZ_CP089932.1	4005917	4006126	+
LU633_RS20900	LU633_RS20900	8-oxo-dGTP diphosphatase MutT	-0.103140198520762	0.0669154667869765	-0.101696651767477	-0.493310338756197	mutT	NZ_CP089932.1	4006154	4006549	-
LU633_RS20915	LU633_RS20915	DciA family protein	-0.105187567230094	0.274803272094013	-0.608083697632162	-0.467548140434102		NZ_CP089932.1	4009983	4010492	+
LU633_RS20990	LU633_RS20990	16S rRNA (cytosine(1402)-N(4))-methyltransferase RsmH	1.96595601488422	1.46215822947727	-0.979007757079583	-0.658299363833875	rsmH	NZ_CP089932.1	4026978	4027919	-
LU633_RS20995	LU633_RS20995	division/cell wall cluster transcriptional repressor MraZ	0.0280502304263237	0.709924508428362	-0.952054024881742	-1.68137678351947	mraZ	NZ_CP089932.1	4027922	4028380	-
LU633_RS21000	LU633_RS21000	catabolite repressor/activator	0.0970213838001088	0.107080194556964	0.554099441068883	0.66982467547195	cra	NZ_CP089932.1	4028918	4029928	-
LU633_RS21010	LU633_RS21010	acetolactate synthase small subunit	-2.03750021925422	-1.38359922480482	-1.92289090926091	0.450607562021312	ilvN	NZ_CP089932.1	4030759	4031250	-
LU633_RS21015	LU633_RS21015	acetolactate synthase 3 large subunit	-1.7241871388444	-1.66500562724037	-0.573127274185728	-0.390756285855364	ilvI	NZ_CP089932.1	4031253	4032977	-
LU633_RS21020	LU633_RS21020	2-isopropylmalate synthase	-4.99372290407805	-5.48645203707929	-2.9039337240249	-1.85604974073368	leuA	NZ_CP089932.1	4033875	4035443	+
LU633_RS21025	LU633_RS21025	3-isopropylmalate dehydrogenase	-4.94309524584294	-4.82072674240621	-3.52304050407534	-1.78762275138373	leuB	NZ_CP089932.1	4035446	4036534	+
LU633_RS21030	LU633_RS21030	3-isopropylmalate dehydratase large subunit	-4.08166760010761	-4.5110525118714	-4.18339802011591	-2.67366664400024	leuC	NZ_CP089932.1	4036537	4037946	+
LU633_RS21035	LU633_RS21035	3-isopropylmalate dehydratase small subunit	-4.46669683443586	-5.33071549982594	-3.62001346963697	-3.08010289312402	leuD	NZ_CP089932.1	4037956	4038561	+
LU633_RS21045	LU633_RS21045	drug resistance transporter	0.147152109300527	0.193992722049977	-0.103636052651286	1.07319706035584		NZ_CP089932.1	4039099	4039458	-
LU633_RS21050	LU633_RS21050	hypothetical protein	0.293162223658114	-0.0667041398430243	0.304017716418743	1.3653912414668		NZ_CP089932.1	4039611	4039781	-
LU633_RS21055	LU633_RS21055	MFS transporter	-0.1072468535428	-0.0378803949791908	-0.259620417613067	0.139960529179554		NZ_CP089932.1	4039909	4041075	-
LU633_RS21060	LU633_RS21060	HTH-type transcriptional regulator SgrR	0.250801219098634	0.0649664072136813	0.026183207219947	0.156998009721831	sgrR	NZ_CP089932.1	4041337	4042998	+
LU633_RS21080	LU633_RS21080	DedA family protein	-0.169921660645701	-0.0152597993204214	-0.320228570292273	-0.58839518341817		NZ_CP089932.1	4046663	4047430	-
LU633_RS21090	LU633_RS21090	DNA polymerase II	0.14936619644572	-0.0336221686475344	-0.384447653128493	-0.316531631720477	polB	NZ_CP089932.1	4048091	4050451	+
LU633_RS21095	LU633_RS21095	RNA polymerase-associated protein RapA	-0.459321780202426	-0.379609843586483	-0.983692972626163	-0.309896141117818	rapA	NZ_CP089932.1	4050709	4053615	+
LU633_RS21100	LU633_RS21100	bifunctional tRNA pseudouridine(32) synthase/23S rRNA pseudouridine(746) synthase RluA	-0.210082219362626	-0.0024878210072371	-0.859943839111379	-0.568922810125084	rluA	NZ_CP089932.1	4053655	4054308	+
LU633_RS21110	LU633_RS21110	transposase	0.234442377944368	0.260242238565294	-0.404374141085986	0.179889554870095		NZ_CP089932.1	4055283	4055816	+
LU633_RS21115	LU633_RS21115	hypothetical protein	0.122825799189274	0.0881629267758963	0.68457637735012	0.110949385673476		NZ_CP089932.1	4056301	4057515	+
LU633_RS21120	LU633_RS21120	hypothetical protein	0.0099913868643057	0.481857015585648	0.376713575961195	0.286497849057782		NZ_CP089932.1	4057558	4057920	+
LU633_RS21135	LU633_RS21135	IS5 family transposase	0.239373882916904	0.329311320327654	0.0667055070835372	0.150083722971947		NZ_CP089932.1	4058434	4059259	-
LU633_RS21140	LU633_RS21140	bifunctional tetrahydrofolate synthase/dihydrofolate synthase	-0.0357535844938881	-0.265260157489955	-0.396493892402646	0.215228593301644	folC	NZ_CP089932.1	4060051	4061295	+
LU633_RS21150	LU633_RS21150	glutamine-hydrolyzing carbamoyl-phosphate synthase small subunit	-6.26544981083413	-6.07505916255768	-4.57421753907075	-4.20247941039452	carA	NZ_CP089932.1	4063226	4064371	+
LU633_RS21155	LU633_RS21155	carbamoyl-phosphate synthase large subunit	-5.43773107531889	-5.92859394905334	-4.52926115867562	-4.00250837556546	carB	NZ_CP089932.1	4064386	4067610	+
LU633_RS21170	LU633_RS21170	Co2+/Mg2+ efflux protein ApaG	-2.77758327954832	-4.37506768230641	-1.64311659599348	-1.27865363702364	apaG	NZ_CP089932.1	4069906	4070283	-
LU633_RS21175	LU633_RS21175	16S rRNA (adenine(1518)-N(6)/adenine(1519)-N(6))- dimethyltransferase RsmA	1.57901368491273	1.29820699034779	-0.715781337726945	-1.730797990974	rsmA	NZ_CP089932.1	4070285	4071115	-
LU633_RS21195	LU633_RS21195	co-chaperone DjlA	0.15427913344001	0.320039323156784	0.195339746026088	0.0091407068395064	djlA	NZ_CP089932.1	4076115	4076936	+
LU633_RS21240	LU633_RS21240	Na+/H+ antiporter NhaA	-4.7146610378098	-5.47273256414276	1.11968643555433	0.271690800820681	nhaA	NZ_CP089932.1	4085090	4086250	-
LU633_RS21255	LU633_RS21255	acetate uptake transporter	-0.249251938972646	-0.0054108497522421	-0.564023257645418	0.144698629825371	satP	NZ_CP089932.1	4090183	4090752	+
LU633_RS21265	LU633_RS21265	MFS transporter	-0.395956340479573	0.0685905641140541	0.276545430246036	-0.208430315822399		NZ_CP089932.1	4091938	4093257	-
LU633_RS21270	LU633_RS21270	molybdopterin adenylyltransferase	-0.294075540964892	-0.42295658758131	-1.73590198512815	-1.91564145592249	mog	NZ_CP089932.1	4093482	4094066	-
LU633_RS21275	LU633_RS21275	transaldolase	-0.123684212140476	-0.0738397548125868	-0.715235252478721	-0.567028672057229	tal	NZ_CP089932.1	4094178	4095131	-
LU633_RS21280	LU633_RS21280	peroxide stress protein YaaA	-0.586127292563814	-0.454560134174176	1.10985308111497	-0.480977069373314	yaaA	NZ_CP089932.1	4095370	4096146	+
LU633_RS21295	LU633_RS21295	bifunctional aspartate kinase/homoserine dehydrogenase I	-2.49376567213517	-3.93112219707374	-2.78402958711771	-1.28014713072002	thrA	NZ_CP089932.1	4098406	4100868	-
LU633_RS21305	LU633_RS21305	protein CreA	-0.171978967218276	-0.367223153239244	-0.218096739293925	0.0038916353680642	creA	NZ_CP089932.1	4102894	4103368	-
LU633_RS21310	LU633_RS21310	MDR efflux pump AcrAB transcriptional activator RobA	1.0905018573117	0.522992602769911	-0.315741947905317	-0.78276846276759	robA	NZ_CP089932.1	4103559	4104449	+
LU633_RS21315	LU633_RS21315	2,3-diphosphoglycerate-dependent phosphoglycerate mutase GpmB	-3.00312012412901	-3.18387703299418	-1.3739957434528	-0.861235856229841	gpmB	NZ_CP089932.1	4104519	4105166	-
LU633_RS21320	LU633_RS21320	inosine/xanthosine triphosphatase	0.0847246495213623	0.0064424505480205	0.439792104670588	0.107373821581738	yjjX	NZ_CP089932.1	4105218	4105750	+
LU633_RS21330	LU633_RS21330	murein transglycosylase	0.439678027297293	0.247825988496567	-0.0158497040702219	-0.243321520646208	sltY	NZ_CP089932.1	4106119	4108044	-
LU633_RS21335	LU633_RS21335	cation transporting ATPase C-terminal domain-containing protein	0.0379137992030953	0.262083294392005	-1.21313111555429	-1.2934090372034		NZ_CP089932.1	4108506	4109043	+
LU633_RS21340	LU633_RS21340	energy-dependent translational throttle protein EttA	1.40108030084418	1.22051578264003	1.02052189427305	1.09975371505404	ettA	NZ_CP089932.1	4109688	4111355	+
LU633_RS21345	LU633_RS21345	zinc-binding dehydrogenase	-0.309662313480531	0.272534875217293	0.0839565500795474	0.270053487491619		NZ_CP089932.1	4111673	4112074	+
LU633_RS21350	LU633_RS21350	multifunctional transcriptional regulator/nicotinamide-nucleotide adenylyltransferase/ribosylnicotinamide kinase NadR	0.231952213076642	0.0294143181689527	-0.145665351297312	-0.497375424873861	nadR	NZ_CP089932.1	4112098	4113324	-
LU633_RS21355	LU633_RS21355	DNA repair protein RadA	0.420698646402951	-0.183369187887899	-0.500103705137773	-1.20326689622105	radA	NZ_CP089932.1	4113430	4114812	-
LU633_RS21360	LU633_RS21360	phosphoserine phosphatase	-2.71451133248929	-5.13943012111405	-3.27334813635167	-1.82326143172873	serB	NZ_CP089932.1	4114827	4115804	-
LU633_RS21365	LU633_RS21365	YtjB family periplasmic protein	-0.126516331364393	-0.359898401738697	-0.0868526871785245	0.0907231069248451		NZ_CP089932.1	4115928	4116590	+
LU633_RS21375	LU633_RS21375	purine-nucleoside phosphorylase	-0.564313539843658	-0.420544506951919	0.450132843222562	-0.0574868128218453	deoD	NZ_CP089932.1	4117996	4118715	-
LU633_RS21380	LU633_RS21380	phosphopentomutase	-0.482283887337337	-0.523337335345167	-0.666802991535306	-0.972364942073292	deoB	NZ_CP089932.1	4118755	4119978	-
LU633_RS21385	LU633_RS21385	thymidine phosphorylase	-0.0391239569070971	0.0877870821728441	0.918016410234626	0.870009006134899		NZ_CP089932.1	4120058	4120899	-
LU633_RS21390	LU633_RS21390	deoxyribose-phosphate aldolase	0.0018687538334401	-0.0656543375991863	0.556574919295994	0.0792065317791537	deoC	NZ_CP089932.1	4120915	4121694	-
LU633_RS21395	LU633_RS21395	metal-dependent hydrolase	0.0021278009290461	0.0097306141574576	0.258183089364137	-0.0137662381899495		NZ_CP089932.1	4121969	4122745	-
LU633_RS21400	LU633_RS21400	DUF6363 domain-containing protein	0.0378414941620706	-0.236667859761328	0.299330474731073	0.740210161858112		NZ_CP089932.1	4122742	4123704	-
LU633_RS21405	LU633_RS21405	DDE-type integrase/transposase/recombinase	-0.519475541634743	-0.340509629429957	-0.236898665913617	0.0913473322499767		NZ_CP089932.1	4123890	4124512	+
LU633_RS21410	LU633_RS21410	IS256 family transposase	-0.0440419888600196	0.0940504267296116	-0.08822918027903	0.006319446550437		NZ_CP089932.1	4124758	4125966	-
LU633_RS21420	LU633_RS21420	molecular chaperone OsmY	-0.186825099415223	-0.392057208001202	0.285512647800113	-0.67510873378933	osmY	NZ_CP089932.1	4126365	4126979	-
LU633_RS21430	LU633_RS21430	peptide chain release factor 3	0.296642683798095	0.438560505609368	-1.3949934939717	-0.698284567886799	prfC	NZ_CP089932.1	4127895	4129484	-
LU633_RS21440	LU633_RS21440	DinI family protein	0.0596417158082081	0.14122682652602	0.456471757951335	1.67838219660075		NZ_CP089932.1	4131030	4131280	+
LU633_RS21455	LU633_RS21455	DDE-type integrase/transposase/recombinase	-0.0109934210807543	0.0887250586270399	-1.51919402770127	1.52678690794434		NZ_CP089932.1	4133431	4133773	-
LU633_RS21465	LU633_RS21465	ABC transporter permease	0.0788805080780381	-0.0519384960622397	0.534523619648526	1.00417737815748		NZ_CP089932.1	4133988	4134824	-
LU633_RS21470	LU633_RS21470	ABC transporter ATP-binding protein	0.11669089717386	-0.126482212338563	1.31442984668413	0.648746545125697		NZ_CP089932.1	4134817	4135176	-
LU633_RS21485	LU633_RS21485	ATP-binding cassette domain-containing protein	0.136852702589353	0.228280318274106	0.18629262944426	-0.36148385918883		NZ_CP089932.1	4136951	4137388	-
LU633_RS21495	LU633_RS21495	malate dehydrogenase (quinone)	-0.19662378115625	-0.216927201042765	-0.339188657938343	-0.416583707150207	mqo	NZ_CP089932.1	4138775	4140427	-
LU633_RS21500	LU633_RS21500	FAD-dependent oxidoreductase	0.178017391290363	0.174148098481817	-0.255563855627101	-0.11178816213875		NZ_CP089932.1	4141735	4142943	+
LU633_RS21505	LU633_RS21505	AI-2E family transporter	-0.149812875454986	-0.211857547129424	0.0358054823849623	-0.0915165916434151		NZ_CP089932.1	4142975	4144035	-
LU633_RS21510	LU633_RS21510	SulP family inorganic anion transporter	0.341928538448947	0.170572411082896	0.155925748778827	0.693897555163328		NZ_CP089932.1	4144336	4145820	-
LU633_RS21515	LU633_RS21515	carbonic anhydrase	0.0851998629672093	0.293885488155391	0.0445035904833246	-0.0607881225744222		NZ_CP089932.1	4145817	4146443	-
LU633_RS21520	LU633_RS21520	sugar porter family MFS transporter	0.0436677686596187	-0.0388101724212686	0.100133006284942	0.356915291718861		NZ_CP089932.1	4147514	4149015	-
LU633_RS21525	LU633_RS21525	myo-inosose-2 dehydratase	0.443519192630844	0.110919600222385	0.452315705422256	0.369250243235139	iolE	NZ_CP089932.1	4149415	4150314	-
LU633_RS21530	LU633_RS21530	sugar phosphate isomerase/epimerase	0.268867455872738	0.0310791952589838	-0.163041624207142	0.105007541137601		NZ_CP089932.1	4150314	4151222	-
LU633_RS21535	LU633_RS21535	Gfo/Idh/MocA family oxidoreductase	-0.0195799693681429	0.0722058251656656	-0.422565075724917	0.0224684290543751		NZ_CP089932.1	4151260	4152273	-
LU633_RS21540	LU633_RS21540	3D-(3,5/4)-trihydroxycyclohexane-1,2-dione acylhydrolase (decyclizing)	-0.112646348411743	0.0316496904587182	-0.176496555385189	0.23312810831094	iolD	NZ_CP089932.1	4152317	4154257	-
LU633_RS21545	LU633_RS21545	5-dehydro-2-deoxygluconokinase	0.180390853340319	0.214175714741342	-0.257039286769761	-0.168682985349122	iolC	NZ_CP089932.1	4154786	4156699	+
LU633_RS21550	LU633_RS21550	MurR/RpiR family transcriptional regulator	-0.173011294931083	-0.310191503368909	-0.104812472121956	-0.40305237762209		NZ_CP089932.1	4156850	4157704	+
LU633_RS21555	LU633_RS21555	5-deoxy-glucuronate isomerase	-0.0835890911213326	-0.0503493874277612	0.164952364539428	-0.0682418380809739	iolB	NZ_CP089932.1	4157788	4158597	-
LU633_RS21560	LU633_RS21560	CoA-acylating methylmalonate-semialdehyde dehydrogenase	0.0364914805781895	0.135897568163451	-0.210384525190134	-0.296285153208263		NZ_CP089932.1	4158616	4160121	-
LU633_RS21565	LU633_RS21565	TIM barrel protein	0.112575244351358	0.0673978877386283	0.0192994841163174	0.486625350521971		NZ_CP089932.1	4160447	4161244	+
LU633_RS21570	LU633_RS21570	NADPH-dependent 2,4-dienoyl-CoA reductase	0.188597503733535	-0.0924342250416157	1.04381866580519	0.093542891508291		NZ_CP089932.1	4161487	4162578	+
LU633_RS21575	LU633_RS21575	23S rRNA (guanine(1835)-N(2))-methyltransferase RlmG	0.148219122083937	0.149802828124105	-0.199831128375762	-0.260085042086692	rlmG	NZ_CP089932.1	4162608	4163735	-
LU633_RS21580	LU633_RS21580	M48 family metallopeptidase	0.462700351142654	0.138560640026566	0.145422847952366	0.357353129916433		NZ_CP089932.1	4164008	4164514	+
LU633_RS21590	LU633_RS21590	TerC family protein	-0.0571244702154106	-0.200476882223868	-0.352098321650296	0.686768979222311		NZ_CP089932.1	4165723	4166694	+
LU633_RS21595	LU633_RS21595	serine/threonine transporter SstT	-0.0930580739334965	-0.0656497655555229	0.67658735733034	0.171964468067216	sstT	NZ_CP089932.1	4166879	4168114	+
LU633_RS21600	LU633_RS21600	DedA family protein	0.469823487670223	0.229126519650603	-0.279118122718064	0.180285613662531		NZ_CP089932.1	4168780	4169442	+
LU633_RS21605	LU633_RS21605	EnvZ/OmpR regulon moderator MzrA	0.305023040006296	-0.0706879455429348	0.276606332629532	0.530607982859966	mzrA	NZ_CP089932.1	4169412	4169840	+
LU633_RS21610	LU633_RS21610	DUF1090 domain-containing protein	-0.194247590484247	-0.436637935767176	-0.0341016307014728	-0.581969792024899		NZ_CP089932.1	4170006	4170380	+
LU633_RS21615	LU633_RS21615	YqjD family protein	0.170286994341365	0.220969223334398	-0.534987616054996	-0.030944309896447		NZ_CP089932.1	4170416	4170721	+
LU633_RS21620	LU633_RS21620	phage holin family protein	0.0217152762969435	-0.0150719725543546	-0.378614772807785	0.0444348115480264		NZ_CP089932.1	4170724	4171116	+
LU633_RS21630	LU633_RS21630	DoxX family protein	0.154260934209261	-0.143868403686889	0.66086813185063	0.520751102906695		NZ_CP089932.1	4171628	4172020	+
LU633_RS21635	LU633_RS21635	hypothetical protein	-0.342231725594969	-0.256236534427846	-0.581093531254529	-0.855842241670807		NZ_CP089932.1	4172328	4172621	-
LU633_RS21640	LU633_RS21640	LysR family transcriptional regulator	0.196048041476546	-0.0204474531509869	-0.10451578192254	-0.216908893099668		NZ_CP089932.1	4173432	4174334	-
LU633_RS21645	LU633_RS21645	pirin family protein	-0.0074405787708113	0.169569634049271	0.0163656689255618	0.142693517791907		NZ_CP089932.1	4174458	4175162	+
LU633_RS21650	LU633_RS21650	UPF0149 family protein	0.0098089126471658	-0.0953142176914467	-0.37933462287917	-0.234781039906161		NZ_CP089932.1	4175246	4175821	-
LU633_RS21655	LU633_RS21655	aldose 1-epimerase family protein	0.0439297073646447	0.0753095938711354	-0.0590167898457519	-0.112140140915724		NZ_CP089932.1	4176315	4177523	-
LU633_RS21660	LU633_RS21660	hypothetical protein	0.227255075395224	0.143628003815859	-0.0195393681293721	0.0493617115252256		NZ_CP089932.1	4177983	4178402	-
LU633_RS21665	LU633_RS21665	hypothetical protein	0.0603387381987082	-0.375164756922165	-0.0459627077169635	-0.617400998180057		NZ_CP089932.1	4178550	4178888	+
LU633_RS21675	LU633_RS21675	16S rRNA (cytidine(1402)-2'-O)-methyltransferase	1.99240267046659	1.3150734179554	0.357280502753482	-0.972217350658641	rsmI	NZ_CP089932.1	4180093	4180950	-
LU633_RS21680	LU633_RS21680	penicillin-binding protein activator	-1.91514713437722	-1.01527027380914	-0.0171171643041401	-0.424750240339099		NZ_CP089932.1	4181013	4183061	+
LU633_RS21690	LU633_RS21690	DnaA initiator-associating protein DiaA	1.24113933446359	0.987608245820697	-0.0261080415907973	-1.21360564235949	diaA	NZ_CP089932.1	4183444	4184034	+
LU633_RS21700	LU633_RS21700	BglG family transcription antiterminator	0.0441972009128979	0.0054934528879561	0.484124172909679	-0.0600531358176144		NZ_CP089932.1	4184703	4186622	-
LU633_RS21705	LU633_RS21705	lactonase family protein	0.435553892867105	0.0401620084158425	0.761695143200843	0.571734141702178		NZ_CP089932.1	4186771	4187916	-
LU633_RS21710	LU633_RS21710	KDGP aldolase family protein	-0.589411023895936	-0.358355042597744	-0.0841145508852101	0.516207584520024		NZ_CP089932.1	4187981	4188721	-
LU633_RS21715	LU633_RS21715	DgaE family pyridoxal phosphate-dependent ammonia lyase	-0.043642115375303	-0.197530063058863	-0.647616513244448	-0.101495097033511		NZ_CP089932.1	4188718	4189839	-
LU633_RS21720	LU633_RS21720	amidohydrolase/deacetylase family metallohydrolase	-0.22574275253641	-0.0770354556955493	0.213848685679337	0.248119654135422		NZ_CP089932.1	4189823	4190959	-
LU633_RS21725	LU633_RS21725	DUF4310 family protein	-0.0483622723383847	0.0844511997695799	-0.116838221661119	0.120846173428345		NZ_CP089932.1	4191037	4191681	-
LU633_RS21740	LU633_RS21740	hypothetical protein	0.292019214834174	0.101600913009148	0.0176010313295196	-0.451381871208095		NZ_CP089932.1	4192841	4193203	-
LU633_RS21745	LU633_RS21745	hypothetical protein	0.0018687538334401	-0.0084804410451817	0.799778499379569	0.398481775928928		NZ_CP089932.1	4193226	4193609	-
LU633_RS21760	LU633_RS21760	metalloprotease PmbA	-0.0102287902423519	0.336804563129484	-0.504973183874468	-0.500888986159867	pmbA	NZ_CP089932.1	4194808	4196148	-
LU633_RS21765	LU633_RS21765	ribosome-associated protein	-0.0070349109953655	0.0505336576495192	-1.6708252138886	-2.1616721710375		NZ_CP089932.1	4196315	4196854	+
LU633_RS21770	LU633_RS21770	UDP-N-acetylmuramate:L-alanyl-gamma-D-glutamyl- meso-diaminopimelate ligase	-0.102445081024501	-0.878102612353816	-0.888571316382204	-0.842309338568301	mpl	NZ_CP089932.1	4196916	4198295	-
LU633_RS21780	LU633_RS21780	methyl-accepting chemotaxis protein	-0.0266755255547442	-0.168363687826689	-0.0919673059113169	0.489715967856514		NZ_CP089932.1	4199563	4201125	-
LU633_RS21795	LU633_RS21795	translocation/assembly module TamB	0.284861393564312	0.0807630397269291	-0.14693469964133	-0.131857463625628		NZ_CP089932.1	4202784	4206551	-
LU633_RS21800	LU633_RS21800	autotransporter assembly complex protein TamA	0.145813805488388	-0.186436379530212	-0.19077423507757	-0.0653024175259476		NZ_CP089932.1	4206548	4208272	-
LU633_RS21805	LU633_RS21805	hemolysin family protein	-1.0722750858571	-1.25093622149055	-4.99890989754213	-4.71529308809734		NZ_CP089932.1	4208792	4210123	+
LU633_RS21810	LU633_RS21810	DUF1107 domain-containing protein	-0.0830792882087017	0.0242530606475542	0.644107286289197	0.753837119467724		NZ_CP089932.1	4210245	4210451	-
LU633_RS21815	LU633_RS21815	YtfJ family protein	0.17492586419765	0.121593526848598	-0.328967000509667	-0.258149435472891		NZ_CP089932.1	4210754	4211336	+
LU633_RS21820	LU633_RS21820	3'(2'),5'-bisphosphate nucleotidase CysQ	-4.03425946988972	-4.21643400407283	-0.286348104686622	-0.930659805602823	cysQ	NZ_CP089932.1	4211378	4212118	-
LU633_RS21825	LU633_RS21825	hypothetical protein	-0.136636827896821	-0.192486910561216	1.00203597616117	-0.0446045271723183		NZ_CP089932.1	4212431	4212844	+
LU633_RS21830	LU633_RS21830	transposase	0.166534916036992	0.0520304556780172	0.313229803010684	0.625028112534141		NZ_CP089932.1	4212991	4213326	+
LU633_RS21835	LU633_RS21835	protease modulator HflC	-1.12274479850846	-1.30286011721342	-3.58687248734916	-2.04617363509985	hflC	NZ_CP089932.1	4213808	4214818	-
LU633_RS21840	LU633_RS21840	FtsH protease activity modulator HflK	-0.576013968408352	-1.11013086381664	-4.21967044672476	-3.88362773623993	hflK	NZ_CP089932.1	4214822	4216063	-
LU633_RS21845	LU633_RS21845	GTPase HflX	0.0468856983429768	0.0239038765761138	-1.22070130544741	-1.41309432557524	hflX	NZ_CP089932.1	4216131	4217411	-
LU633_RS21850	LU633_RS21850	RNA chaperone Hfq	-0.721048390895905	-0.279993024324815	-0.169081218613679	0.242196225702126	hfq	NZ_CP089932.1	4217610	4217921	-
LU633_RS21855	LU633_RS21855	tRNA (adenosine(37)-N6)-dimethylallyltransferase MiaA	-4.46645313192627	-3.72075665011883	-3.12792228717984	-3.27868037852123	miaA	NZ_CP089932.1	4218023	4218973	-
LU633_RS21860	LU633_RS21860	DNA mismatch repair endonuclease MutL	-0.120563108042607	-0.0912260220577453	-0.0671861902238216	0.549308451708961	mutL	NZ_CP089932.1	4218966	4220858	-
LU633_RS21865	LU633_RS21865	N-acetylmuramoyl-L-alanine amidase AmiB	-0.221263691416621	-0.22386310951652	-2.57473683816663	-1.60829205522057	amiB	NZ_CP089932.1	4220930	4222591	-
LU633_RS21875	LU633_RS21875	bifunctional ADP-dependent NAD(P)H-hydrate dehydratase/NAD(P)H-hydrate epimerase	0.266027638007548	0.161725157574025	0.0481150104422574	0.26136268614753	nnr	NZ_CP089932.1	4223076	4224596	-
LU633_RS21900	LU633_RS21900	integrase core domain-containing protein	-0.170978872637819	-0.0810949504762459	-0.556885420983876	0.742308201277591		NZ_CP089932.1	4228832	4229048	-
LU633_RS21910	LU633_RS21910	type VI secretion system tube protein Hcp	0.0286570302054692	-0.0021594000651842	0.398125986001662	0.102221549422473		NZ_CP089932.1	4229580	4229975	+
LU633_RS21915	LU633_RS21915	hemagglutinin repeat-containing protein	0.0125319914045163	-0.0966190125453709	0.217811070190597	0.108005180165939		NZ_CP089932.1	4230641	4239790	-
LU633_RS21920	LU633_RS21920	ShlB/FhaC/HecB family hemolysin secretion/activation protein	0.265039674966464	-0.0089066444094839	0.534931976188936	0.604824055664099		NZ_CP089932.1	4239813	4241555	-
LU633_RS21925	LU633_RS21925	fimbrial protein	-0.728968087292362	-0.0563285275511232	0.70373916523715	-0.666352655840843		NZ_CP089932.1	4241574	4242545	-
LU633_RS21930	LU633_RS21930	fimbrial biogenesis outer membrane usher protein	0.387332739966998	0.0571467589252616	0.87612651767122	0.822543494919671		NZ_CP089932.1	4242559	4245129	-
LU633_RS21940	LU633_RS21940	type 1 fimbrial protein	-0.0028229352571913	-0.1970296730942	0.182150217311508	-0.531125380562123		NZ_CP089932.1	4245990	4246571	-
LU633_RS21950	LU633_RS21950	tRNA-Gly	-0.236548535916404	-0.165848184092471	-0.0420999207478461	0.102474127307886		NZ_CP089932.1	4248068	4248143	-
LU633_RS21970	LU633_RS21970	miniconductance mechanosensitive channel MscM	0.252210204359226	0.244122173525656	-0.196341980043342	-0.0124032776333061	mscM	NZ_CP089932.1	4251037	4254372	+
LU633_RS21980	LU633_RS21980	fumarate reductase (quinol) flavoprotein subunit	0.272790932856925	-0.056897656950508	-0.222305044069265	0.278127876375358	frdA	NZ_CP089932.1	4255668	4257452	+
LU633_RS21985	LU633_RS21985	succinate dehydrogenase/fumarate reductase iron-sulfur subunit	-0.305750486612614	-0.271644938771681	0.464981036910531	0.192348043834767		NZ_CP089932.1	4257445	4258179	+
LU633_RS21990	LU633_RS21990	fumarate reductase subunit FrdC	0.167244800074003	-0.4012475670967	-0.0869617101759181	0.169194931374581	frdC	NZ_CP089932.1	4258191	4258595	+
LU633_RS21995	LU633_RS21995	fumarate reductase subunit FrdD	0.014571717860363	-0.0070700236985203	-0.473298296984689	0.213087758430896	frdD	NZ_CP089932.1	4258592	4258945	+
LU633_RS22000	LU633_RS22000	outer membrane lipoprotein Blc	0.0989676308376	0.0966546643449062	0.167216257094284	0.0781749672389624	blc	NZ_CP089932.1	4259020	4259544	+
LU633_RS22005	LU633_RS22005	ECN family pore-forming entericidin	0.079562555540837	-0.183293429829939	-0.261945953681181	-0.0619822390914151		NZ_CP089932.1	4259857	4259991	-
LU633_RS22010	LU633_RS22010	entericidin	0.106357904884285	0.0413587188176362	0.462927434845502	0.0353720975747542		NZ_CP089932.1	4260096	4260221	-
LU633_RS22025	LU633_RS22025	DUF4156 domain-containing protein	-0.0483000897779353	0.0857301706300219	0.498351245856658	0.151687928798215		NZ_CP089932.1	4262295	4262645	-
LU633_RS22040	LU633_RS22040	FxsA family protein	-0.824011069806021	-0.823320747353967	0.213374185803808	0.47260842018703		NZ_CP089932.1	4265042	4265497	-
LU633_RS22045	LU633_RS22045	aspartate ammonia-lyase	0.0184780588665132	-0.288913116141551	0.0185178397550352	-0.363101140444944	aspA	NZ_CP089932.1	4265843	4266105	+
LU633_RS22050	LU633_RS22050	anaerobic C4-dicarboxylate transporter	-0.0953910679458065	-0.188620725745186	0.102108942092874	0.558710618296193		NZ_CP089932.1	4266347	4267648	+
LU633_RS22055	LU633_RS22055	protein-disulfide reductase DsbD	0.0399153761380779	-0.165830053652769	0.402182745740277	0.138739799524383		NZ_CP089932.1	4267843	4269531	+
LU633_RS22060	LU633_RS22060	transcriptional regulator	-0.190921347498606	0.06523891135226	-0.564752902436153	-0.383365993155411		NZ_CP089932.1	4269583	4270066	+
LU633_RS22085	LU633_RS22085	PAAR domain-containing protein	-0.20279694249568	0.0346654152498739	-0.445253818691818	-0.37724111687317		NZ_CP089932.1	4274504	4274788	-
LU633_RS22095	LU633_RS22095	site-specific integrase	0.602487040317352	-0.270495971073245	-0.103613329881417	0.277702852524397		NZ_CP089932.1	4275389	4276399	-
LU633_RS22100	LU633_RS22100	TraI domain-containing protein	0.320316297780545	-0.0023597423064155	0.0695675600483654	0.457531092018044		NZ_CP089932.1	4276460	4278049	-
LU633_RS22105	LU633_RS22105	UvrD-helicase domain-containing protein	-0.557621353069429	0.0809122132337853	-0.982791941399586	-0.130254999659452		NZ_CP089932.1	4278043	4279527	-
LU633_RS22110	LU633_RS22110	hypothetical protein	0.276530505649857	0.286958788862877	1.14456704780714	-0.0044359208780484		NZ_CP089932.1	4279710	4280009	+
LU633_RS22115	LU633_RS22115	hypothetical protein	0.0851472242177207	-0.0780140194796864	-0.264291037007942	0.0211403767151261		NZ_CP089932.1	4280153	4280557	+
LU633_RS22125	LU633_RS22125	hypothetical protein	0.0349254037039697	-0.182704551559814	-0.049221841463218	0.361912817513003		NZ_CP089932.1	4282080	4282775	-
LU633_RS22130	LU633_RS22130	N-6 DNA methylase	-0.393195853502074	-0.447892959196549	-0.339788415167116	0.211373867200273		NZ_CP089932.1	4282949	4283632	-
LU633_RS22135	LU633_RS22135	DUF1281 domain-containing protein	-0.161646810663703	-0.0369002477008715	-0.508903431261887	-0.0297031543695936		NZ_CP089932.1	4283749	4284684	-
LU633_RS22140	LU633_RS22140	zincin-like metallopeptidase domain-containing protein	-0.232082894996647	-0.212751082369397	-0.298910434550917	-0.379064904528412		NZ_CP089932.1	4284792	4285850	-
LU633_RS22145	LU633_RS22145	hypothetical protein	0.247101061613743	0.116156274954065	0.132051696759643	0.244966291097675		NZ_CP089932.1	4285923	4286537	-
LU633_RS22150	LU633_RS22150	hypothetical protein	0.0176433348071632	0.120930486435677	-0.0899474301847452	1.09020057572726		NZ_CP089932.1	4286645	4287643	-
LU633_RS22160	LU633_RS22160	hypothetical protein	0.262692797091197	0.106309727944724	0.106002489139472	0.544222300279255		NZ_CP089932.1	4288527	4288949	-
LU633_RS22165	LU633_RS22165	integrase domain-containing protein	0.0018687538334401	0.0161313977316468	0.59066919633048	-0.269455110855649		NZ_CP089932.1	4288970	4289893	-
LU633_RS22170	LU633_RS22170	YkgJ family cysteine cluster protein	0.0941798143255779	0.0608977900987038	0.513948551893143	-0.144268621175324		NZ_CP089932.1	4290914	4291615	-
LU633_RS22175	LU633_RS22175	hypothetical protein	0.164242792374495	-0.0263751097107724	0.143222019883765	0.844317563617696		NZ_CP089932.1	4291806	4292309	-
LU633_RS22180	LU633_RS22180	hypothetical protein	-0.325534785126395	-0.55519951418104	-0.196592867888194	-0.0146802161250701		NZ_CP089932.1	4292457	4292636	+
LU633_RS22185	LU633_RS22185	conjugal transfer protein TraG N-terminal domain-containing protein	0.0797155456248952	-0.191573939740072	-0.0305829954422037	-0.0986019817451442		NZ_CP089932.1	4292671	4294212	-
LU633_RS22190	LU633_RS22190	hypothetical protein	-0.0404452223741476	0.25925073771563	1.16017325869483	2.11724809446805		NZ_CP089932.1	4294219	4294572	-
LU633_RS22195	LU633_RS22195	integrating conjugative element protein	0.0002100561324895	-0.0072834995501449	-0.641231996766748	-0.131380004421715		NZ_CP089932.1	4294586	4296019	-
LU633_RS22200	LU633_RS22200	TIGR03756 family integrating conjugative element protein	-0.14460798292985	-0.320203929732575	-0.843105134950745	0.16071011574317		NZ_CP089932.1	4296031	4297023	-
LU633_RS22205	LU633_RS22205	TIGR03757 family integrating conjugative element protein	-0.123987346974006	-0.186470608193227	-0.830152987701189	0.584952470248886		NZ_CP089932.1	4297020	4297421	-
LU633_RS22210	LU633_RS22210	DNA-binding protein	-0.174892310778908	-0.197281621911998	-0.354304975989051	-0.463424791071247		NZ_CP089932.1	4297740	4301540	-
LU633_RS22215	LU633_RS22215	hypothetical protein	-0.315853954662309	0.0663910677566125	-0.843472376704236	-0.484254561294499		NZ_CP089932.1	4301668	4302051	-
LU633_RS22220	LU633_RS22220	conjugative transfer ATPase	0.150051351199334	0.0378478771298457	0.144273033195182	0.322483116123811		NZ_CP089932.1	4302048	4304867	-
LU633_RS22225	LU633_RS22225	TIGR03751 family conjugal transfer lipoprotein	0.292024997485166	0.189794511086618	0.720846074606209	0.445550577649952		NZ_CP089932.1	4304912	4305325	-
LU633_RS22230	LU633_RS22230	TIGR03752 family integrating conjugative element protein	-0.0044496485381455	-0.112257649764405	-0.840196835187414	-0.0292143729843288		NZ_CP089932.1	4305337	4306842	-
LU633_RS22235	LU633_RS22235	TIGR03749 family integrating conjugative element protein	0.0194521539881007	-0.0781434316640803	-0.695681327039475	0.45354920159142		NZ_CP089932.1	4306832	4307755	-
LU633_RS22240	LU633_RS22240	TIGR03746 family integrating conjugative element protein	0.0235605605901874	-0.309224476526633	0.482300936356365	0.0279910646305588		NZ_CP089932.1	4307755	4308414	-
LU633_RS22245	LU633_RS22245	TIGR03750 family conjugal transfer protein	0.0491182490283975	0.115147262176584	-0.367495158336579	-0.0217044695318407		NZ_CP089932.1	4308411	4308767	-
LU633_RS22255	LU633_RS22255	TIGR03758 family integrating conjugative element protein	-0.141306553977052	0.155711258152246	4.13276520343376	0.816235460163381		NZ_CP089932.1	4309194	4309436	-
LU633_RS22260	LU633_RS22260	RAQPRD family integrative conjugative element protein	0.51849076646434	0.299975193462223	0.584099312414596	0.997169598450238		NZ_CP089932.1	4309436	4309777	-
LU633_RS22270	LU633_RS22270	DUF4928 family protein	-0.0434172104823856	0.0656002102542917	-0.345113612240496	-0.0079107148593822		NZ_CP089932.1	4311247	4312239	+
LU633_RS22275	LU633_RS22275	TIGR03747 family integrating conjugative element membrane protein	-0.113181636401241	-0.131953900856761	-0.510236789541143	0.190308412271675		NZ_CP089932.1	4312541	4313299	-
LU633_RS22280	LU633_RS22280	type IV conjugative transfer system coupling protein TraD	-0.0486261194051238	0.093594722302631	-0.157210777015744	0.29907397188296	traD	NZ_CP089932.1	4313292	4315382	-
LU633_RS22285	LU633_RS22285	hypothetical protein	0.286448537525376	-0.0895071432198286	1.15221140654441	0.320590815359761		NZ_CP089932.1	4315375	4315887	-
LU633_RS22290	LU633_RS22290	restriction endonuclease	0.44360631801315	0.350772070041848	-0.376683140375172	0.294720105612559		NZ_CP089932.1	4315884	4316483	-
LU633_RS22295	LU633_RS22295	integrating conjugative element protein	0.163409311912169	-0.154062830125215	0.301282784923482	-0.638104669758945		NZ_CP089932.1	4316483	4316995	-
LU633_RS22300	LU633_RS22300	transglycosylase SLT domain-containing protein	0.561898397676483	0.25821018827731	-0.788636641740283	-0.0811385535636173		NZ_CP089932.1	4316995	4317669	-
LU633_RS22310	LU633_RS22310	hypothetical protein	-0.0486651615846629	-0.0501016949729371	0.0918096560555122	-1.35431833867267		NZ_CP089932.1	4318359	4319081	-
LU633_RS22330	LU633_RS22330	DUF4160 domain-containing protein	-0.078629207418127	-0.452932316738218	-0.281997053071865	1.02301084686752		NZ_CP089932.1	4321483	4321719	-
LU633_RS22335	LU633_RS22335	single-stranded DNA-binding protein	0.253286985433639	0.107825189443257	0.42745964009548	-0.0311179472817269		NZ_CP089932.1	4321733	4322293	-
LU633_RS22340	LU633_RS22340	hypothetical protein	-0.128993205781844	-0.129629762143659	-1.28172637332214	-0.855761265443817		NZ_CP089932.1	4322306	4322509	-
LU633_RS22345	LU633_RS22345	STY4534 family ICE replication protein	0.239637004399544	0.0746186352901268	-0.0401499977593527	-0.285623657723087		NZ_CP089932.1	4322587	4323051	-
LU633_RS22350	LU633_RS22350	DNA topoisomerase III	0.0895732433187169	0.0900257679786395	-0.16624154800127	-0.430755643390965		NZ_CP089932.1	4323701	4325731	-
LU633_RS22355	LU633_RS22355	TIGR03761 family integrating conjugative element protein	-0.41582134681767	-0.287357989436953	0.575395894925094	0.560242234527794		NZ_CP089932.1	4325747	4326502	-
LU633_RS22360	LU633_RS22360	STY4528 family pathogenicity island replication protein	0.0420929379024417	0.0553307463044144	-0.309779104533837	0.426783871393001		NZ_CP089932.1	4326784	4328040	-
LU633_RS22365	LU633_RS22365	hypothetical protein	-0.101767348646455	-0.178231725497735	-0.0452828439564705	0.239194934470275		NZ_CP089932.1	4328131	4328379	-
LU633_RS22375	LU633_RS22375	DNA adenine methylase	-0.321393026602516	-0.0920084075461561	0.687575854255148	-0.225182907353313		NZ_CP089932.1	4328975	4329784	-
LU633_RS22380	LU633_RS22380	ParB family protein	0.192809250332529	-0.0043295576663334	0.131873978015604	-0.194843880771081		NZ_CP089932.1	4329768	4331453	-
LU633_RS22385	LU633_RS22385	SPI-7-type island replicative DNA helicase	-0.281527430667449	-0.47348269294538	0.0545154338588887	0.53947051741734	dnaB-PI	NZ_CP089932.1	4331450	4332820	-
LU633_RS22390	LU633_RS22390	hypothetical protein	-0.274019962495575	-0.369363882947655	-0.0829656304485908	0.488919185677771		NZ_CP089932.1	4333032	4333433	+
LU633_RS22395	LU633_RS22395	hypothetical protein	-0.451063550781192	0.186890522843869	-0.347316233516138	-0.0695635289092009		NZ_CP089932.1	4333607	4333987	-
LU633_RS22400	LU633_RS22400	ParA family protein	-0.0768412699391083	-0.0026342008255132	-0.150736626596213	0.282855934775493		NZ_CP089932.1	4333984	4334856	-
LU633_RS22405	LU633_RS22405	site-specific integrase	0.0827758873782776	0.0010077134303032	0.349782045858759	-0.175291465989826		NZ_CP089932.1	4335161	4336174	-
LU633_RS22415	LU633_RS22415	transcriptional regulator BolA	-1.51741346022627	-1.31363747388925	-0.533191604314148	1.1416277436735	bolA	NZ_CP089932.1	4337843	4338157	-
LU633_RS22420	LU633_RS22420	lipoprotein	-0.0226630920990067	-0.184669579213221	0.18594563190666	0.611854068013693		NZ_CP089932.1	4338325	4338903	+
LU633_RS22425	LU633_RS22425	muropeptide MFS transporter AmpG	0.214301796386898	-0.0325252837698685	0.317132463011767	0.568163973511475	ampG	NZ_CP089932.1	4339038	4340504	+
LU633_RS22460	LU633_RS22460	LysR substrate-binding domain-containing protein	-0.220802557042067	-0.185869871023085	-0.435380396407048	0.064721433687815		NZ_CP089932.1	4347851	4348450	-
LU633_RS22465	LU633_RS22465	2Fe-2S iron-sulfur cluster-binding protein	-0.334158357603188	-0.0692200622564298	0.0060928258064156	-0.420136206736129		NZ_CP089932.1	4348566	4349156	+
LU633_RS22470	LU633_RS22470	DUF1543 domain-containing protein	0.605488570363702	-0.4144598310909	-0.212186967215212	-0.22954417040352		NZ_CP089932.1	4349195	4349674	-
LU633_RS22475	LU633_RS22475	LysE family translocator	-1.80258442778742	-1.42804298899741	-0.824011798524067	-2.5328273194808		NZ_CP089932.1	4349688	4350329	-
LU633_RS22480	LU633_RS22480	YqcI/YcgG family protein	-0.0392653487767298	-0.435305021131937	0.143542363150396	0.0622456122822617		NZ_CP089932.1	4350326	4351111	-
LU633_RS22485	LU633_RS22485	LysR substrate-binding domain-containing protein	0.448371446373919	0.0524194481474654	0.420244965603232	0.950326395187592		NZ_CP089932.1	4351226	4352131	+
LU633_RS22490	LU633_RS22490	heme anaerobic degradation radical SAM methyltransferase ChuW/HutW	0.128714866228873	0.196898608231252	0.181855869339193	0.0196229131645125	hutW	NZ_CP089932.1	4352344	4353654	+
LU633_RS22495	LU633_RS22495	heme utilization cystosolic carrier protein HutX	0.0573421508807284	0.34158871812165	0.255915299659291	0.0037622538381461	hutX	NZ_CP089932.1	4353635	4354129	+
LU633_RS22500	LU633_RS22500	SDR family oxidoreductase	0.101200385811008	0.143457252763286	0.795042135419078	0.298505256874328		NZ_CP089932.1	4354129	4354752	+
LU633_RS22510	LU633_RS22510	2-dehydropantoate 2-reductase	0.681178283737248	0.385567273978217	-3.34116326147489	-1.82949413424405	panE	NZ_CP089932.1	4355468	4356388	+
LU633_RS22515	LU633_RS22515	protein deglycase YajL	-0.0187739090360379	0.331886505709694	-0.150291581789847	0.0362787744850297	yajL	NZ_CP089932.1	4356348	4356938	+
LU633_RS22525	LU633_RS22525	IS4 family transposase	-0.596884041552849	-0.0991108593965007	-0.29933419628922	-0.246305521794387		NZ_CP089932.1	4358344	4359469	+
LU633_RS22535	LU633_RS22535	ACP phosphodiesterase	-0.373479826443349	0.0056666655686271	0.154638377610704	-0.328285684019878		NZ_CP089932.1	4360331	4360912	-
LU633_RS22540	LU633_RS22540	tRNA preQ1(34) S-adenosylmethionine ribosyltransferase-isomerase QueA	0.124495899473493	-0.140476796051418	-0.71606372376089	-0.142388181525237	queA	NZ_CP089932.1	4361097	4362167	+
LU633_RS22545	LU633_RS22545	tRNA guanosine(34) transglycosylase Tgt	0.520490280248153	0.0089255295309723	-1.87687769102594	-0.825254513257011	tgt	NZ_CP089932.1	4362699	4363823	+
LU633_RS22550	LU633_RS22550	preprotein translocase subunit YajC	-0.114289874472574	-0.916503427298576	-1.19566217154667	-1.54234361631773	yajC	NZ_CP089932.1	4363848	4364186	+
LU633_RS22610	LU633_RS22610	CHC2 zinc finger domain-containing protein	0.188254678620422	0.0122737572230762	0.175685274089331	0.900633383872579		NZ_CP089932.1	4379321	4382226	+
LU633_RS22625	LU633_RS22625	hypothetical protein	0.103938017394538	-0.107343477406447	0.0353534254256374	0.50047709448627		NZ_CP089932.1	4383787	4384224	+
LU633_RS22645	LU633_RS22645	tyrosine-type recombinase/integrase	0.20995692881119	-0.468447559909306	-0.32937903955242	-0.244891320330159		NZ_CP089932.1	4385849	4386786	+
LU633_RS22685	LU633_RS22685	phosphatidylglycerophosphatase A	-4.32080508682657	-3.47683246850234	-0.765419149466376	-0.139995610936366	pgpA	NZ_CP089932.1	4392388	4392894	+
LU633_RS22690	LU633_RS22690	aldo/keto reductase	-0.253613172032769	0.057173791937668	0.598479079689805	0.798702544145289		NZ_CP089932.1	4392939	4393913	-
LU633_RS22710	LU633_RS22710	tRNA 4-thiouridine(8) synthase ThiI	0.164896215650759	-0.164243223572877	-0.0248662514628042	0.2471187755335	thiI	NZ_CP089932.1	4397358	4398806	+
LU633_RS22715	LU633_RS22715	hypothetical protein	-0.0367798017546022	0.299696769899527	-0.0702797492146123	0.0681793977214609		NZ_CP089932.1	4399111	4399545	-
LU633_RS22720	LU633_RS22720	hypothetical protein	-0.162345076300103	-0.106659630427407	0.340033558112822	-0.221343661039943		NZ_CP089932.1	4399542	4400242	-
LU633_RS22750	LU633_RS22750	proline-specific permease ProY	0.114896445095556	0.0435581080715038	0.0668664141339899	-0.11555374681785	proY	NZ_CP089932.1	4405106	4406461	-
LU633_RS22755	LU633_RS22755	branched-chain amino acid transport system II carrier protein	-0.0196405825745531	0.18633004753834	-0.829171467105318	-0.696557534834111	brnQ	NZ_CP089932.1	4406547	4407845	-
LU633_RS22760	LU633_RS22760	hypothetical protein	-0.566111955376396	-0.118583170158592	1.01646020510781	-2.4824057594407		NZ_CP089932.1	4407936	4408121	+
LU633_RS22765	LU633_RS22765	5-methyltetrahydropteroyltriglutamate-- homocysteine S-methyltransferase	-0.09736909763102	0.316451124033772	-1.32626641082786	-0.439374358496589		NZ_CP089932.1	4408237	4409322	-
LU633_RS22770	LU633_RS22770	hypothetical protein	0.063366834783239	0.0421938377375167	-0.29411311663077	0.582463138430765		NZ_CP089932.1	4410015	4410491	-
LU633_RS22780	LU633_RS22780	phosphate regulon sensor histidine kinase PhoR	0.448905339639955	0.182005975160679	0.348765009895506	0.386419232581245	phoR	NZ_CP089932.1	4412255	4413553	-
LU633_RS22785	LU633_RS22785	phosphate response regulator transcription factor PhoB	0.651611385779258	0.23934867229274	0.0869074408549591	-0.862685450448511	phoB	NZ_CP089932.1	4413578	4414267	-
LU633_RS22790	LU633_RS22790	exonuclease subunit SbcD	0.121870574915136	-0.188785816207919	-0.203068870717759	0.112858491628309	sbcD	NZ_CP089932.1	4414468	4415691	+
LU633_RS22795	LU633_RS22795	AAA family ATPase	-0.109129197348491	0.0341520962790597	-0.0019677375744244	-0.138485077130014		NZ_CP089932.1	4415688	4419362	+
LU633_RS22800	LU633_RS22800	DUF799 domain-containing protein	0.04766086497869	0.0553930433916952	-0.340227545663017	0.357325306817307		NZ_CP089932.1	4419444	4420079	-
LU633_RS22805	LU633_RS22805	DUF4810 domain-containing protein	0.149054073156261	0.290860626237568	-0.83232561971766	-0.27803351479265		NZ_CP089932.1	4420095	4420405	-
LU633_RS22810	LU633_RS22810	hypothetical protein	0.0584112460732922	-0.0125772184289735	0.0857256569339944	0.305756682759808		NZ_CP089932.1	4420430	4420767	-
LU633_RS22815	LU633_RS22815	recombination-associated protein RdgC	-0.162976053828496	-0.162458059248606	-0.502579284750994	-0.848454441649907	rdgC	NZ_CP089932.1	4421097	4422008	+
LU633_RS22820	LU633_RS22820	pyrimidine/purine nucleoside phosphorylase	0.0100554240326165	-0.317159346600556	0.601569262513122	-0.207300489016174	ppnP	NZ_CP089932.1	4422046	4422336	-
LU633_RS22825	LU633_RS22825	AroM family protein	0.0796800014766585	0.355407144639808	-1.27965505403952	-0.128361354086665		NZ_CP089932.1	4422471	4423148	-
LU633_RS22830	LU633_RS22830	YaiA family protein	-0.126026099744881	0.212786686097581	0.612987426207207	0.708430779097654		NZ_CP089932.1	4423476	4423667	-
LU633_RS22835	LU633_RS22835	shikimate kinase AroL	0.244985194091713	-0.040334678151394	0.289581962893506	-0.399164385491681	aroL	NZ_CP089932.1	4423995	4424519	-
LU633_RS22845	LU633_RS22845	YaiI/YqxD family protein	-0.451222701373037	-0.518878825589474	0.475029017466109	0.794234252168123		NZ_CP089932.1	4425585	4426040	-
LU633_RS22860	LU633_RS22860	hypothetical protein	0.319314918459387	0.0589850312456822	0.251059388272767	-0.0888450758572703		NZ_CP089932.1	4429668	4429877	-
LU633_RS22865	LU633_RS22865	beta-galactosidase	0.0254400772187935	-0.0502204544792841	-0.0009908725684051	0.0731601617681283		NZ_CP089932.1	4430144	4433218	+
LU633_RS22870	LU633_RS22870	hypothetical protein	0.242246608976003	-0.138390202057481	0.216483439181407	-0.38209389133573		NZ_CP089932.1	4433300	4433512	-
LU633_RS22880	LU633_RS22880	MarC family NAAT transporter	0.773617940329303	0.0412300748228971	0.433909948323421	1.29611105172656		NZ_CP089932.1	4434125	4434796	+
LU633_RS22885	LU633_RS22885	I78 family peptidase inhibitor	-0.0424829366988291	-0.099396159263012	0.64283243755953	-0.0341204523669716		NZ_CP089932.1	4435364	4435654	-
LU633_RS22890	LU633_RS22890	ABC transporter substrate-binding protein	-0.0120927441046612	-0.281836265761774	-0.0078305178686481	0.0708762302798416		NZ_CP089932.1	4435970	4437538	+
LU633_RS22895	LU633_RS22895	ABC transporter permease	0.221579137834069	-0.0829698356674062	-0.0523207859564883	0.51873776951846		NZ_CP089932.1	4437538	4438590	+
LU633_RS22900	LU633_RS22900	ABC transporter permease	0.117129579675121	-0.144169443799672	0.954441049837	-0.135608017679774		NZ_CP089932.1	4438587	4439444	+
LU633_RS22905	LU633_RS22905	ABC transporter ATP-binding protein	-0.199259952952059	-0.402325125825016	0.131726281851018	0.0505366903738897		NZ_CP089932.1	4439404	4440282	+
LU633_RS22910	LU633_RS22910	ATP-binding cassette domain-containing protein	-0.0461571166322883	0.221075209056376	0.73619419236641	0.831334140597544		NZ_CP089932.1	4440275	4440940	+
LU633_RS22915	LU633_RS22915	hypothetical protein	0.148321618628705	0.105400935776285	-0.206736248610158	0.151927733024315		NZ_CP089932.1	4441011	4441205	-
LU633_RS22920	LU633_RS22920	DUF305 domain-containing protein	-0.201875191213829	-0.183741758138495	0.0975812990516298	-0.0485240956481903		NZ_CP089932.1	4441298	4441657	-
LU633_RS22930	LU633_RS22930	transposase	-0.25378800252201	0.123796051235972	0.665303699557068	0.0910796486392988		NZ_CP089932.1	4443466	4443794	-
LU633_RS22935	LU633_RS22935	hypothetical protein	0.473534592817267	0.315728280754549	-0.64054577816508	0.6130388846977		NZ_CP089932.1	4444400	4444693	+
LU633_RS22940	LU633_RS22940	acyltransferase family protein	0.0229008091503684	-0.0912018438196417	0.024229101186467	-0.268582581391556		NZ_CP089932.1	4444710	4445747	+
LU633_RS22945	LU633_RS22945	hypothetical protein	-0.0359675236684505	-0.132775849997958	-2.16691091785188	-0.275033029445844		NZ_CP089932.1	4445823	4446050	-
LU633_RS22955	LU633_RS22955	exopolysaccharide production protein YjbE	0.126489627734283	-0.370859149123866	0.13443048744885	0.0231677657324587		NZ_CP089932.1	4447248	4447556	+
LU633_RS22965	LU633_RS22965	N-acetylglucosamine kinase	-0.405691697648342	0.13359032200852	0.384411893556169	0.581964807049144		NZ_CP089932.1	4448394	4448837	+
LU633_RS22970	LU633_RS22970	hypothetical protein	0.279183470649215	-0.0093914324475384	0.30376793465911	1.20219697696931		NZ_CP089932.1	4449706	4450083	+
LU633_RS23000	LU633_RS23000	hypothetical protein	-0.0247308219138143	-0.241360019993479	0.578034437446168	-0.623047502570802		NZ_CP089932.1	4458941	4459309	-
LU633_RS23010	LU633_RS23010	gamma-glutamyltransferase	0.280191047943207	0.207539521124034	-0.468993020776496	0.0598100136457895	ggt	NZ_CP089932.1	4460798	4462492	-
LU633_RS23015	LU633_RS23015	transposase	0.206148182691373	0.087833309201987	0.223730382382399	0.154382689582644		NZ_CP089932.1	4463554	4463979	+
LU633_RS23020	LU633_RS23020	transposase	-0.0332594098726875	-0.0104859111425546	-0.280814519866584	-0.0858499667453927		NZ_CP089932.1	4463919	4464645	+
LU633_RS23030	LU633_RS23030	type III effector HopF2	-0.107891393864139	0.0953684818638071	0.460675474834093	0.230204049717059		NZ_CP089932.1	4465954	4466262	-
LU633_RS23035	LU633_RS23035	CesT family type III secretion system chaperone	-0.141528543432775	0.0615880463387986	-0.0450408006813148	0.289272467532314		NZ_CP089932.1	4466255	4466671	-
LU633_RS23040	LU633_RS23040	DUF2756 domain-containing protein	0.2042070208454	-0.122705099228008	0.0159423351762527	0.265889308145568		NZ_CP089932.1	4467130	4467432	+
LU633_RS23045	LU633_RS23045	glycerophosphodiester phosphodiesterase	0.0072813517291165	-0.196399102237567	-0.839818088276709	0.301934943236374	ugpQ	NZ_CP089932.1	4467615	4468378	-
LU633_RS23050	LU633_RS23050	TOBE domain-containing protein	0.187442762755545	0.623567286974532	0.656007209994766	-0.738146103271736		NZ_CP089932.1	4468375	4468639	-
LU633_RS23055	LU633_RS23055	IS110 family transposase	0.16664265924447	-0.0541288946106252	0.150927757193485	-0.188052420666123		NZ_CP089932.1	4468996	4469451	-
LU633_RS23065	LU633_RS23065	IS110 family transposase	-0.119232640914473	-0.0814362805585115	-0.375468062325912	-0.796645301233262		NZ_CP089932.1	4470422	4470714	-
LU633_RS23070	LU633_RS23070	high-affinity branched-chain amino acid ABC transporter ATP-binding protein LivF	0.224033601961963	0.445388142459731	-0.650437809598145	-0.772445651450592	livF	NZ_CP089932.1	4471134	4471844	-
LU633_RS23075	LU633_RS23075	high-affinity branched-chain amino acid ABC transporter ATP-binding protein LivG	0.50057413347035	-0.122512280258936	-1.17218421005851	-0.8344780442569	livG	NZ_CP089932.1	4471846	4472613	-
LU633_RS23080	LU633_RS23080	high-affinity branched-chain amino acid ABC transporter permease LivM	0.373469379147786	0.189848720958114	-0.55336138027429	-0.456888681663056		NZ_CP089932.1	4472610	4473884	-
LU633_RS23085	LU633_RS23085	high-affinity branched-chain amino acid ABC transporter permease LivH	0.276159761693468	0.161013798118827	-0.94511357554924	-0.119396824520135	livH	NZ_CP089932.1	4473881	4474807	-
LU633_RS23090	LU633_RS23090	branched-chain amino acid ABC transporter substrate-binding protein	0.366652791516887	0.0892549778538934	-0.99095815866352	-0.290864751956837		NZ_CP089932.1	4474949	4476064	-
LU633_RS23095	LU633_RS23095	aspartate 1-decarboxylase autocleavage activator PanM	-1.92428827754049	-1.81201108324665	-0.829612092298824	-0.307433837838204	panM	NZ_CP089932.1	4476449	4476844	+
LU633_RS23105	LU633_RS23105	permease-like cell division protein FtsX	-0.811959673847823	-0.162382816603496	-4.09602647445732	-3.19226933443443	ftsX	NZ_CP089932.1	4478081	4479073	-
LU633_RS23110	LU633_RS23110	cell division ATP-binding protein FtsE	-0.0311237854751505	0.181062856367419	-4.3973888654299	-1.00843094421607	ftsE	NZ_CP089932.1	4479066	4479731	-
LU633_RS23125	LU633_RS23125	DUF1145 family protein	1.00119663341614	0.781124519345856	0.53316759178305	-0.0318105689574821		NZ_CP089932.1	4481953	4482222	+
LU633_RS23135	LU633_RS23135	lysoplasmalogenase	-0.103758391706402	0.10923744807456	0.259538104966949	0.564648699795455		NZ_CP089932.1	4482870	4483496	+
LU633_RS23140	LU633_RS23140	zinc/cadmium/mercury/lead-transporting ATPase	-3.1515547320542	-2.25311884088533	0.329506642770975	-0.578907630668039		NZ_CP089932.1	4483587	4485881	+
LU633_RS23145	LU633_RS23145	hypothetical protein	-0.124580434171837	-0.329305580211989	0.37045029984791	0.126809157210185		NZ_CP089932.1	4485892	4486110	+
LU633_RS23155	LU633_RS23155	7-cyano-7-deazaguanine/7-aminomethyl-7- deazaguanine transporter	0.0972165554587097	-0.113759965699918	-0.482738430143412	0.575834451245284		NZ_CP089932.1	4486680	4487345	+
LU633_RS23160	LU633_RS23160	DcrB family lipoprotein	-0.281025458075495	-0.181612397866568	-0.0193185098677449	1.46791750168714		NZ_CP089932.1	4487608	4488156	+
LU633_RS23175	LU633_RS23175	phage tail tape measure protein	-0.0809418667549187	-0.0959808609737232	-0.351126230774076	0.080809723686758		NZ_CP089932.1	4490016	4492502	-
LU633_RS23180	LU633_RS23180	hypothetical protein	-0.161095662533014	-0.121191566859242	-0.391632750654659	-0.321253283629692		NZ_CP089932.1	4492535	4493128	-
LU633_RS23185	LU633_RS23185	hypothetical protein	-0.134483419988619	0.288717826083481	-0.925661439856211	-1.07479047126265		NZ_CP089932.1	4493130	4493744	-
LU633_RS23190	LU633_RS23190	regulator of pectin lyase production	0.332568955974869	0.110935641702506	0.494415129011897	0.261243316975264		NZ_CP089932.1	4493746	4494273	-
LU633_RS23195	LU633_RS23195	hypothetical protein	-0.20090625388753	-0.0291147236406835	0.691135495611178	0.0070484129693695		NZ_CP089932.1	4494524	4494811	-
LU633_RS23200	LU633_RS23200	hypothetical protein	-0.0410689631578631	0.0111058464896396	0.621721207922566	0.731788974962412		NZ_CP089932.1	4494808	4495287	-
LU633_RS23210	LU633_RS23210	hypothetical protein	0.0466040454579142	-0.030330384229074	-0.244418574635917	0.640344207227376		NZ_CP089932.1	4495636	4495899	+
LU633_RS23215	LU633_RS23215	hypothetical protein	0.0981386432323723	0.0185424094120749	-0.0467266749104678	0.37287687095713		NZ_CP089932.1	4497029	4497247	+
LU633_RS23225	LU633_RS23225	MFS transporter	0.130922818181314	-0.109807024066677	-0.46671830019906	-0.529041910822678		NZ_CP089932.1	4497755	4498485	-
LU633_RS23245	LU633_RS23245	glycine betaine/L-proline transporter ProP	0.0139622389377596	-0.0432665281115255	0.007517835316722	-0.10995615092627	proP	NZ_CP089932.1	4501269	4502774	+
LU633_RS23250	LU633_RS23250	ABC transporter substrate-binding protein	0.0473786509094949	-0.0978625206758624	0.308581795923818	-0.136652272903095		NZ_CP089932.1	4502859	4503962	-
LU633_RS23255	LU633_RS23255	TonB-dependent siderophore receptor	-0.0665945944839372	-0.018070943669256	0.0229748885773595	0.312479381222436		NZ_CP089932.1	4503975	4506107	-
LU633_RS23260	LU633_RS23260	autotransporter outer membrane beta-barrel domain-containing protein	-0.115229640551947	-0.0317177317482962	-0.0901364650340106	-0.0912463581619423		NZ_CP089932.1	4506306	4509680	-
LU633_RS23265	LU633_RS23265	hypothetical protein	-0.0011988759123939	0.0947847077648371	0.771182381843664	0.0122429248313494		NZ_CP089932.1	4510463	4511515	-
LU633_RS23270	LU633_RS23270	inverse autotransporter beta domain-containing protein	-0.168944501366619	-0.0012128414296787	0.191571629434075	0.373160558661957		NZ_CP089932.1	4511603	4514383	-
LU633_RS23290	LU633_RS23290	NAD(P)/FAD-dependent oxidoreductase	0.0225114167029181	0.0089149519072983	-0.0585122167094858	-0.240212371703449		NZ_CP089932.1	4517598	4518782	-
LU633_RS23300	LU633_RS23300	universal stress protein UspB	-0.392600849665155	-0.0387885757037116	-0.745737086052707	1.71858914764884	uspB	NZ_CP089932.1	4520572	4520909	-
LU633_RS23305	LU633_RS23305	universal stress protein UspA	-0.109847432904803	-0.492272751069882	0.165086138641124	0.182896801598869	uspA	NZ_CP089932.1	4521130	4521564	+
LU633_RS23310	LU633_RS23310	16S rRNA (guanine(1516)-N(2))-methyltransferase RsmJ	1.32072378960663	1.10929984774806	-0.43147725427672	-0.643999602368846	rsmJ	NZ_CP089932.1	4521770	4522525	-
LU633_RS23315	LU633_RS23315	oligopeptidase A	-0.46095493098002	-0.201205534502433	-1.81377801872184	-1.89887786985442	prlC	NZ_CP089932.1	4522522	4524570	-
LU633_RS23320	LU633_RS23320	CPBP family glutamic-type intramembrane protease	-0.049031711971623	0.107819900502849	0.104288277518378	-0.767082070342214		NZ_CP089932.1	4524858	4525097	+
LU633_RS23325	LU633_RS23325	5'-nucleotidase, lipoprotein e(P4) family	-0.0607677035685854	0.0463742084172771	-0.0617934818700527	0.315874592084746		NZ_CP089932.1	4525287	4526024	-
LU633_RS23330	LU633_RS23330	23S rRNA (adenine(2030)-N(6))-methyltransferase RlmJ	-0.0917180707556018	-0.0309269488648006	-0.702181159132413	-0.604565578797081		NZ_CP089932.1	4526349	4527191	+
LU633_RS23335	LU633_RS23335	ribonuclease Z	-0.0978429222067994	-0.240610430400462	0.979070284822604	-0.276365494654106	rnz	NZ_CP089932.1	4527231	4528145	-
LU633_RS23340	LU633_RS23340	hypothetical protein	-0.376941858344162	-0.237767331445488	0.49352580566409	0.377980247556921		NZ_CP089932.1	4528446	4528922	-
LU633_RS23345	LU633_RS23345	hypothetical protein	0.0818860927140683	-0.0997118162857245	-0.232032068082498	0.213436342859559		NZ_CP089932.1	4528922	4530247	-
LU633_RS23350	LU633_RS23350	DUF2612 domain-containing protein	0.0838125446809239	-0.040500643006805	1.02312465929095	-0.239494034273556		NZ_CP089932.1	4530248	4530889	-
LU633_RS23355	LU633_RS23355	baseplate J/gp47 family protein	0.0617383228769353	0.0055321501016083	0.301827367534114	0.303658887212748		NZ_CP089932.1	4530886	4532118	-
LU633_RS23360	LU633_RS23360	hypothetical protein	-0.0321970844492818	-0.495768936448078	0.0451437773794012	-0.749179341021216		NZ_CP089932.1	4532115	4532474	-
LU633_RS23365	LU633_RS23365	hypothetical protein	0.130763008191122	-0.110938380839054	-0.339296895627885	0.228247922243538		NZ_CP089932.1	4532471	4533181	-
LU633_RS23370	LU633_RS23370	hypothetical protein	0.165813085817591	-0.0526904027027941	-0.44954991734447	0.312978094000137		NZ_CP089932.1	4533174	4534022	-
LU633_RS23375	LU633_RS23375	hypothetical protein	-0.41847761197572	-1.67565267791358	2.03919387607731	-0.444721573478099		NZ_CP089932.1	4534012	4534317	-
LU633_RS23380	LU633_RS23380	hypothetical protein	0.238543347363981	0.0170994493075985	-0.164780033505227	0.183445617149686		NZ_CP089932.1	4534318	4535130	-
LU633_RS23390	LU633_RS23390	ORF6N domain-containing protein	-0.0952358126565342	0.0698976155146553	-0.155544737695529	-0.165753845558193		NZ_CP089932.1	4535479	4536267	-
LU633_RS23395	LU633_RS23395	hypothetical protein	0.0447099361360035	0.140503385383013	-0.55414553522824	0.206882322510838		NZ_CP089932.1	4536347	4536985	-
LU633_RS23410	LU633_RS23410	hypothetical protein	-0.0287121631878844	-0.0545174325308627	-0.416303828966347	-0.104763165738855		NZ_CP089932.1	4537798	4538028	-
LU633_RS23415	LU633_RS23415	hypothetical protein	-0.137102018558869	0.0017684056401976	-0.397695553139312	0.0919091291561465		NZ_CP089932.1	4538012	4538356	+
LU633_RS23420	LU633_RS23420	hypothetical protein	-0.0748177850767797	0.0860148316290574	0.985227686747942	0.145250449282865		NZ_CP089932.1	4538383	4538802	+
LU633_RS23430	LU633_RS23430	lytic transglycosylase domain-containing protein	0.177231743069404	0.0975528713763196	-0.740012009585214	0.0834057595118831		NZ_CP089932.1	4540012	4541832	-
LU633_RS23435	LU633_RS23435	hypothetical protein	-0.582672778886541	0.47049761571843	0.20771886066785	-1.50029629182723		NZ_CP089932.1	4542047	4542451	-
LU633_RS23440	LU633_RS23440	hypothetical protein	-0.0304069002701257	-0.208504354889777	0.775833107139127	0.218618777672649		NZ_CP089932.1	4542451	4542885	-
LU633_RS23445	LU633_RS23445	DUF3383 domain-containing protein	0.0421397933341778	-0.025527139920806	0.478934623392972	0.0971184792893385		NZ_CP089932.1	4542896	4544380	-
LU633_RS23450	LU633_RS23450	hypothetical protein	-0.153957454654695	0.0440616206794501	0.177059605433121	-0.902165967913441		NZ_CP089932.1	4544377	4544895	-
LU633_RS23455	LU633_RS23455	hypothetical protein	0.321858387761139	-0.0938863493708995	-0.294786565010273	-0.336982071318561		NZ_CP089932.1	4544892	4545269	-
LU633_RS23460	LU633_RS23460	hypothetical protein	0.228876501907895	-0.0652330293189671	0.135912334108597	-0.0015745995285194		NZ_CP089932.1	4545241	4545711	-
LU633_RS23465	LU633_RS23465	DUF4054 domain-containing protein	-0.294702857247717	0.0303685305457071	0.402396198870198	0.644344631250273		NZ_CP089932.1	4545714	4546109	-
LU633_RS23475	LU633_RS23475	hypothetical protein	-0.350174334570972	-0.125347057813052	-0.13691371820194	0.14996112739962		NZ_CP089932.1	4546439	4547464	-
LU633_RS23480	LU633_RS23480	hypothetical protein	0.0984454877878722	-0.308350118348492	0.666854768426925	-0.113679152441984		NZ_CP089932.1	4547464	4547952	-
LU633_RS23485	LU633_RS23485	DUF2213 domain-containing protein	-0.0560907933323691	0.125442191953856	-0.167445418184544	0.193782690263808		NZ_CP089932.1	4547954	4549063	-
LU633_RS23490	LU633_RS23490	phage head morphogenesis protein	-0.100842885571052	-0.185476421513276	-0.436339816691468	0.459489870633384		NZ_CP089932.1	4549128	4549823	-
LU633_RS23495	LU633_RS23495	DUF1073 domain-containing protein	0.160541434220732	0.182616877038287	0.332944325369519	0.204175488290275		NZ_CP089932.1	4549876	4551258	-
LU633_RS23500	LU633_RS23500	PBSX family phage terminase large subunit	0.0495835592869227	-0.117847473227838	0.0970365366038546	-0.0315607700997096		NZ_CP089932.1	4551294	4552550	-
LU633_RS23505	LU633_RS23505	terminase small subunit	0.0631174912606867	-0.0793438396787616	-0.0300624618031109	0.103336288791243		NZ_CP089932.1	4552650	4553177	-
LU633_RS23520	LU633_RS23520	hypothetical protein	-0.944245008507346	-0.365988911404834	0.0627337589660102	-0.713183940737602		NZ_CP089932.1	4554426	4554707	-
LU633_RS23525	LU633_RS23525	hypothetical protein	-0.237207651943531	-0.0904938077858219	-0.51179998651388	0.290928844576066		NZ_CP089932.1	4554704	4555048	-
LU633_RS23530	LU633_RS23530	glycoside hydrolase family protein	0.0495676042828996	0.0545481803215315	-0.169173957398274	-0.580289138486382		NZ_CP089932.1	4555045	4555512	-
LU633_RS23535	LU633_RS23535	hypothetical protein	-0.527270397012692	-0.144724778693589	-1.03901233995117	0.0057336866520376		NZ_CP089932.1	4555509	4555811	-
LU633_RS23540	LU633_RS23540	hypothetical protein	0.254261131706938	0.0288974971886017	-0.849653691662766	-0.999376101434275		NZ_CP089932.1	4555808	4556179	-
LU633_RS23545	LU633_RS23545	Bro-N domain-containing protein	-0.127146657744281	-0.0425494989437996	-0.456028410155821	0.728386154070546		NZ_CP089932.1	4556618	4557370	-
LU633_RS23555	LU633_RS23555	phage antitermination protein	0.525224765802784	0.152266039674099	-0.494542005692906	0.373807928254077		NZ_CP089932.1	4558026	4558415	-
LU633_RS23560	LU633_RS23560	recombination protein NinB	-0.23425005600209	0.0955440823623107	-0.538508951430086	0.0905256055445811		NZ_CP089932.1	4558613	4559071	-
LU633_RS23565	LU633_RS23565	hypothetical protein	0.226960862884578	0.1476745259894	0.579501600531594	0.356827838123234		NZ_CP089932.1	4559040	4559282	-
LU633_RS23575	LU633_RS23575	hypothetical protein	-0.135056206184346	0.0835971701805562	0.491520747141104	-0.107824392438423		NZ_CP089932.1	4559873	4560181	-
LU633_RS23580	LU633_RS23580	replication protein P	0.16675240287252	0.112429756002013	0.513378655981143	-0.0721718710615304		NZ_CP089932.1	4560356	4561117	-
LU633_RS23585	LU633_RS23585	helix-turn-helix domain-containing protein	0.110675963260651	-0.0020304212589886	0.576058363831565	-0.69329609958804		NZ_CP089932.1	4561114	4561833	-
LU633_RS23590	LU633_RS23590	HNH endonuclease	0.380682964230788	0.169810509544472	-0.390639259935148	1.60326406275742		NZ_CP089932.1	4561814	4562176	-
LU633_RS23595	LU633_RS23595	phage antirepressor KilAC domain-containing protein	-0.230355282340059	0.0725980531133558	-0.237122210000744	0.493027147307303		NZ_CP089932.1	4562173	4562874	-
LU633_RS23605	LU633_RS23605	regulatory protein from bacteriophage origin	0.0271892253995789	-0.216016927798359	-0.653495865926151	-0.216882001113285		NZ_CP089932.1	4563334	4563561	-
LU633_RS23615	LU633_RS23615	XRE family transcriptional regulator	0.108964283239658	0.0875651340325877	-0.356590068565635	-0.177800492885949		NZ_CP089932.1	4564468	4565592	+
LU633_RS23620	LU633_RS23620	DUF4411 family protein	0.0703220631529435	0.060548895363606	0.4749501298644	-0.264656200319164		NZ_CP089932.1	4565589	4566095	+
LU633_RS23630	LU633_RS23630	hypothetical protein	0.279419558514761	-0.748467262585636	-0.802329094071436	-1.10671509683433		NZ_CP089932.1	4566672	4567007	+
LU633_RS23635	LU633_RS23635	hypothetical protein	0.619225650624696	0.17916319049117	0.0868899185897094	0.834001596214522		NZ_CP089932.1	4567009	4567239	+
LU633_RS23640	LU633_RS23640	HNH endonuclease	-0.44682957026591	-1.22560904063181	-3.43308027214434	-1.29709217497904		NZ_CP089932.1	4567674	4568165	+
LU633_RS23650	LU633_RS23650	ERF family protein	-0.323903813293129	0.154006872169976	-0.948455999587499	0.370954057553462		NZ_CP089932.1	4568621	4569256	+
LU633_RS23660	LU633_RS23660	hypothetical protein	0.483242443926435	-0.247518689890215	-0.106337745704231	1.23620118501741		NZ_CP089932.1	4569556	4570137	+
LU633_RS23665	LU633_RS23665	hypothetical protein	-0.230012163136537	-0.325532550636226	0.307400333430982	-0.0251897723831469		NZ_CP089932.1	4570134	4571141	+
LU633_RS23675	LU633_RS23675	DUF551 domain-containing protein	-0.414958873012619	0.0788820071598486	-0.259268123095039	0.537702305150507		NZ_CP089932.1	4571355	4572128	+
LU633_RS23680	LU633_RS23680	DUF5405 family protein	-0.095137487383401	-0.130408350244504	0.362848083065316	0.340691294799226		NZ_CP089932.1	4572227	4572496	+
LU633_RS23685	LU633_RS23685	hypothetical protein	0.683356091780159	0.485542746011754	0.537868504159126	0.0477546692626474		NZ_CP089932.1	4572493	4572714	+
LU633_RS23690	LU633_RS23690	hypothetical protein	0.147209602992393	0.0572376015168599	0.111244256180152	-0.13256385119944		NZ_CP089932.1	4572711	4573076	+
LU633_RS23695	LU633_RS23695	hypothetical protein	-0.214344067973545	0.0331620361244521	-0.354561444368706	0.561466462215392		NZ_CP089932.1	4573221	4573475	+
LU633_RS23700	LU633_RS23700	Excisionase domain protein	0.413407723190064	-0.139218910205082	-0.432003408985713	0.066696053599046		NZ_CP089932.1	4573505	4573750	+
LU633_RS23705	LU633_RS23705	phage integrase Arm DNA-binding domain-containing protein	-0.0964732429550454	0.0880865298680266	0.22037848351485	0.234694561343189		NZ_CP089932.1	4573725	4574792	+
LU633_RS23710	LU633_RS23710	glutathione-disulfide reductase	-2.22875122441549	-1.61312229898714	0.470735795153689	-0.395017466055373	gorA	NZ_CP089932.1	4574951	4576303	+
LU633_RS23715	LU633_RS23715	catalase/peroxidase HPI	-0.0544535278666445	-0.0887571991899399	0.306429730070893	0.476809177241992	katG	NZ_CP089932.1	4576638	4578821	+
LU633_RS23720	LU633_RS23720	alpha/beta hydrolase	0.0978984699629692	-0.0865297200083306	-0.378575120401611	0.50104692637841		NZ_CP089932.1	4579059	4579846	+
LU633_RS23760	LU633_RS23760	tRNA (uridine(54)-C5)-methyltransferase TrmA	0.202319916327979	0.021929815715854	0.658464739721893	0.13886137429757	trmA	NZ_CP089932.1	4589188	4590288	+
LU633_RS23780	LU633_RS23780	hypothetical protein	-0.0453828252072399	-0.118072307545777	-0.40506362309537	2.12391384436129		NZ_CP089932.1	4592565	4592660	-
LU633_RS23790	LU633_RS23790	hypothetical protein	0.138417334907212	0.171030164144426	-0.661034798107269	-1.21459843029942		NZ_CP089932.1	4593286	4593513	-
LU633_RS23810	LU633_RS23810	hypothetical protein	0.213493494926667	0.0911344130375695	0.820575409726072	0.137289570309878		NZ_CP089932.1	4595010	4595558	+
LU633_RS23825	LU633_RS23825	Si-specific NAD(P)(+) transhydrogenase	-0.985219618293257	-1.00106361936834	-5.51138545728096	-3.62756618533366	sthA	NZ_CP089932.1	4598129	4599529	+
LU633_RS23830	LU633_RS23830	DNA-binding transcriptional regulator OxyR	-0.535171071281696	-0.458398966054948	0.315040659185478	0.448327249859173	oxyR	NZ_CP089932.1	4599526	4600428	-
LU633_RS23840	LU633_RS23840	argininosuccinate lyase	-3.96059139430057	-4.64061068745127	-4.24868885186782	-2.91179718863458	argH	NZ_CP089932.1	4601431	4602804	-
LU633_RS23845	LU633_RS23845	argininosuccinate synthase	-3.97357764643243	-4.38914212725561	-3.67533566498542	-2.63754493043408		NZ_CP089932.1	4602889	4604103	-
LU633_RS23850	LU633_RS23850	acetylglutamate kinase	-3.65100672556779	-4.10107234058299	-3.37657170057167	-2.0677298811128	argB	NZ_CP089932.1	4604123	4604899	-
LU633_RS23855	LU633_RS23855	N-acetyl-gamma-glutamyl-phosphate reductase	-4.47660782435257	-4.93000511203169	-4.06737216950986	-3.85342207671939	argC	NZ_CP089932.1	4604915	4605919	-
LU633_RS23860	LU633_RS23860	acetylornithine deacetylase	-4.07242433559807	-4.94470515442722	-4.63315346203637	-2.8912011235498	argE	NZ_CP089932.1	4606113	4607264	+
LU633_RS23865	LU633_RS23865	phosphoenolpyruvate carboxylase	-5.96921486322709	-6.10984283351353	-0.0081876778464598	-0.145584878924608	ppc	NZ_CP089932.1	4607630	4610281	+
LU633_RS23870	LU633_RS23870	methylenetetrahydrofolate reductase	-0.0898689496677585	0.139093998937271	1.17447139955134	-0.0567721016673342	metF	NZ_CP089932.1	4610694	4611590	-
LU633_RS23875	LU633_RS23875	bifunctional aspartate kinase/homoserine dehydrogenase II	0.0075990661410809	-0.138514985777716	-0.15695266424395	-0.136907941869124		NZ_CP089932.1	4611804	4614233	-
LU633_RS23880	LU633_RS23880	cystathionine gamma-synthase	-4.72560404063347	-5.60696126084528	-0.695113001635077	-0.354444315858861	metB	NZ_CP089932.1	4614236	4615396	-
LU633_RS23885	LU633_RS23885	met regulon transcriptional regulator MetJ	-0.782578083516201	-1.01849613835743	-0.0138754781941179	-0.350982299255929	metJ	NZ_CP089932.1	4615640	4615957	+
LU633_RS23900	LU633_RS23900	DNA-binding transcriptional regulator CytR	0.501093512424117	0.293391182746401	-0.191554158629113	0.336360946114076	cytR	NZ_CP089932.1	4619354	4620391	+
LU633_RS23905	LU633_RS23905	cell division protein FtsN	-0.608641053244539	-2.0028666610796	-2.08051658499027	-2.70666251673194	ftsN	NZ_CP089932.1	4620563	4621456	+
LU633_RS23910	LU633_RS23910	ATP-dependent protease subunit HslV	0.2089597841351	0.160516276261328	-0.510227461750035	0.112932827991563	hslV	NZ_CP089932.1	4621551	4622081	+
LU633_RS23915	LU633_RS23915	HslU--HslV peptidase ATPase subunit	0.596110113451261	0.249329913253954	0.264476856243857	-0.146183396984985	hslU	NZ_CP089932.1	4622092	4623423	+
LU633_RS23920	LU633_RS23920	1,4-dihydroxy-2-naphthoate polyprenyltransferase	-0.0537902899631415	0.10211222399582	0.437793389752015	0.11052525730751		NZ_CP089932.1	4623712	4624641	+
LU633_RS23935	LU633_RS23935	cell division protein ZapB	-0.429492862559141	-0.253980891720929	-0.0380011030175951	-0.0996168266010695	zapB	NZ_CP089932.1	4625914	4626153	-
LU633_RS23940	LU633_RS23940	aquaporin family protein	1.66711220835842	1.17105369200702	0.247021718737482	0.624464487053005		NZ_CP089932.1	4626589	4627437	+
LU633_RS23945	LU633_RS23945	glycerol kinase GlpK	1.350593609922	1.11609947684301	0.81064859717705	0.993439649894544	glpK	NZ_CP089932.1	4627470	4628984	+
LU633_RS23950	LU633_RS23950	class II fructose-bisphosphatase	0.24507365995238	0.142671162981175	0.39786764978677	0.140386707940327	glpX	NZ_CP089932.1	4629081	4630091	+
LU633_RS23955	LU633_RS23955	ferredoxin--NADP(+) reductase	-3.81384053997383	-3.18374555888175	-0.935796185159516	-1.58774161670058	fpr	NZ_CP089932.1	4630275	4631021	+
LU633_RS23960	LU633_RS23960	DUF805 domain-containing protein	0.347998945901554	-0.0113152146810047	0.0808872578945135	-0.847050296836876		NZ_CP089932.1	4631022	4631437	-
LU633_RS23965	LU633_RS23965	YiiQ family protein	0.312285139353369	-0.0339186404403773	-0.437717987317777	-0.117983446816118		NZ_CP089932.1	4631552	4632121	+
LU633_RS23975	LU633_RS23975	malate dehydrogenase (quinone)	0.0846793744217988	-0.398231577542282	-0.162946966300057	0.272160905773836	mqo	NZ_CP089932.1	4633580	4635169	+
LU633_RS23980	LU633_RS23980	LysE family translocator	0.100087289324602	-0.150171563794945	0.180240272936136	0.976663034718361		NZ_CP089932.1	4635265	4635764	-
LU633_RS23985	LU633_RS23985	glutathione S-transferase N-terminal domain-containing protein	0.158907411514174	0.0135828888682996	-0.0512655730788616	0.477560106803953		NZ_CP089932.1	4635913	4636275	-
LU633_RS23990	LU633_RS23990	PhzF family phenazine biosynthesis protein	0.14199097152122	0.353686457448767	-0.408991242027867	0.265874127781905		NZ_CP089932.1	4636352	4636854	+
LU633_RS24015	LU633_RS24015	inner membrane protein YhjD	-0.102609704725189	-0.041686116995064	0.183040414278579	-0.10520703762424	yhjD	NZ_CP089932.1	4640179	4641192	+
LU633_RS24020	LU633_RS24020	CDP-diacylglycerol diphosphatase	0.130711709405722	0.319990894015199	0.429676415814329	0.146247726649646		NZ_CP089932.1	4641187	4641945	-
LU633_RS24030	LU633_RS24030	sulfate ABC transporter substrate-binding protein	0.986091654787811	0.594444669074869	0.472181029698316	0.553414475895474		NZ_CP089932.1	4643033	4644025	-
LU633_RS24040	LU633_RS24040	6-phosphofructokinase	-4.36035131852012	-5.46058221592118	-2.72343732498758	-1.9597264836079	pfkA	NZ_CP089932.1	4644803	4645765	-
LU633_RS24045	LU633_RS24045	CDF family cation-efflux transporter FieF	0.650745010614398	0.338156118601521	0.377322240515838	0.271856673109642	fieF	NZ_CP089932.1	4645978	4646871	-
LU633_RS24050	LU633_RS24050	cell-envelope stress modulator CpxP	0.174944636962087	0.166646239042763	0.333637425716098	0.599770261208206	cpxP	NZ_CP089932.1	4647199	4647699	-
LU633_RS24055	LU633_RS24055	envelope stress response regulator transcription factor CpxR	-1.45386105797103	-1.48558503853678	-0.286440020288426	-0.703653811486671	cpxR	NZ_CP089932.1	4647851	4648546	+
LU633_RS24060	LU633_RS24060	envelope stress sensor histidine kinase CpxA	2.52689516802061	1.46506947752818	0.0146129073984429	0.86584904480774	cpxA	NZ_CP089932.1	4648543	4649919	+
LU633_RS24065	LU633_RS24065	tRNA (uridine(34)/cytosine(34)/5- carboxymethylaminomethyluridine(34)-2'-O)- methyltransferase TrmL	0.425687956104401	0.421455987904466	0.522545705486908	0.32191182838464	trmL	NZ_CP089932.1	4649962	4650438	+
LU633_RS24075	LU633_RS24075	NAD(P)H-dependent glycerol-3-phosphate dehydrogenase	-1.26626076084255	-1.404437559172	-0.962386462776185	-1.87127479138258	gpsA	NZ_CP089932.1	4651322	4652341	-
LU633_RS24080	LU633_RS24080	protein-export chaperone SecB	-3.36564982469711	-4.13706049476244	-1.05585810097685	-0.656059698027603	secB	NZ_CP089932.1	4652341	4652808	-
LU633_RS24090	LU633_RS24090	rhodanese-like domain-containing protein	1.47366045479939	0.943097980064425	-0.622527817153994	-0.303675966575175		NZ_CP089932.1	4653121	4653552	-
LU633_RS24095	LU633_RS24095	murein hydrolase activator EnvC	0.225338523892535	0.327607778333735	-2.05677441309674	-2.03202965866887	envC	NZ_CP089932.1	4653874	4655172	+
LU633_RS24100	LU633_RS24100	divergent polysaccharide deacetylase family protein	-0.323577869439005	-0.0342155286589814	0.0790879551072881	0.23716147151166		NZ_CP089932.1	4655175	4656110	+
LU633_RS24105	LU633_RS24105	glycosyltransferase	0.0833564015569703	0.0214720392694974	-0.0014378753664128	0.101749465208278		NZ_CP089932.1	4656162	4657336	+
LU633_RS24110	LU633_RS24110	hypothetical protein	0.29480239572071	-0.286267621957176	0.07927610817222	0.639729246517619		NZ_CP089932.1	4657389	4658300	+
LU633_RS24130	LU633_RS24130	glycosyltransferase	-1.19549996130035	-1.31223903195578	-4.65602496573648	-4.09970818824288		NZ_CP089932.1	4661399	4662316	+
LU633_RS24135	LU633_RS24135	deacetylase	0.0367487982542243	-0.0749423267338953	-0.239914688418265	-0.277623975688426		NZ_CP089932.1	4662359	4663336	-
LU633_RS24140	LU633_RS24140	glycosyltransferase	-0.278088158753791	-0.578008364181658	-3.46345721719481	-2.3654327351804		NZ_CP089932.1	4663612	4664757	+
LU633_RS24145	LU633_RS24145	glycosyltransferase family 9 protein	0.153916274956407	-0.0193839807034057	-0.0179354173839208	0.343551490409589		NZ_CP089932.1	4664958	4666037	+
LU633_RS24150	LU633_RS24150	putative lipopolysaccharide heptosyltransferase III	-0.340589178250961	-0.280765493229061	-0.24666707989719	1.02904793189281	rfaQ	NZ_CP089932.1	4666365	4667456	+
LU633_RS24155	LU633_RS24155	glycosyltransferase family 4 protein	-2.54269757564786	-2.42573293984416	-4.49740618837754	-3.7412582665571		NZ_CP089932.1	4667449	4668582	+
LU633_RS24165	LU633_RS24165	glycosyltransferase family 2 protein	-3.5967394594634	-2.73568088792593	-4.95286495156769	-4.45938705927416		NZ_CP089932.1	4669960	4670745	+
LU633_RS24175	LU633_RS24175	bifunctional DNA-formamidopyrimidine glycosylase/DNA-(apurinic or apyrimidinic site) lyase	0.210767102542224	-0.0928788174522717	-0.0113627739112305	0.311821310326617	mutM	NZ_CP089932.1	4671238	4672047	-
LU633_RS24190	LU633_RS24190	DNA repair protein RadC	-0.219299348657157	0.45842269498033	0.854312702519433	0.846131875320513	radC	NZ_CP089932.1	4672805	4673488	-
LU633_RS24215	LU633_RS24215	nucleoid occlusion factor SlmA	-0.511382734788006	0.045062531427398	-0.758991606445119	0.632024296002358	slmA	NZ_CP089932.1	4677524	4678120	+
LU633_RS24220	LU633_RS24220	orotate phosphoribosyltransferase	-5.15486902381732	-5.35669468521134	-3.51743513382532	-3.07625495261025	pyrE	NZ_CP089932.1	4678151	4678792	-
LU633_RS24225	LU633_RS24225	ribonuclease PH	0.0593186094382985	-0.046673974980165	-0.614671666873285	-0.393349717680321	rph	NZ_CP089932.1	4678846	4679562	-
LU633_RS24230	LU633_RS24230	hypothetical protein	-0.0325342104578756	0.301505426132129	-0.582951467201006	0.0568926345351501		NZ_CP089932.1	4679619	4679861	-
LU633_RS24235	LU633_RS24235	ABC transporter permease	0.194909432280828	0.0942251335231999	0.272125707178638	-0.151385912849666		NZ_CP089932.1	4679996	4681087	-
LU633_RS24240	LU633_RS24240	ABC transporter ATP-binding protein	-0.0458167433030126	0.0069612919846184	0.396186559178652	0.557949266709712		NZ_CP089932.1	4681113	4682024	-
LU633_RS24245	LU633_RS24245	HlyD family efflux transporter periplasmic adaptor subunit	0.131406955007671	0.44754509386876	0.0999997187867256	-0.179435712353436		NZ_CP089932.1	4682005	4682814	-
LU633_RS24250	LU633_RS24250	lysophospholipid acyltransferase family protein	0.0747292653013625	0.110792098648291	0.476628238537435	0.358698516890824		NZ_CP089932.1	4683009	4684724	-
LU633_RS24255	LU633_RS24255	YicC family protein	0.918051918825481	0.74060393940081	1.1621337927017	1.2975199599936		NZ_CP089932.1	4685159	4686022	+
LU633_RS24265	LU633_RS24265	DUF3289 family protein	0.492011109184171	-0.101157597722117	-0.109141159161253	-0.358173314842068		NZ_CP089932.1	4686808	4687620	+
LU633_RS24270	LU633_RS24270	DUF943 family protein	0.056602675505623	-0.16691499867002	0.357557009658346	0.0701065801099734		NZ_CP089932.1	4687620	4688099	+
LU633_RS24275	LU633_RS24275	Arm DNA-binding domain-containing protein	0.54478485920961	0.280539134520602	-0.0872218006248775	-0.0433085163101254		NZ_CP089932.1	4688451	4688732	+
LU633_RS24280	LU633_RS24280	hypothetical protein	0.171288935969248	-0.287472950703662	0.120975791283711	0.573729243639044		NZ_CP089932.1	4688633	4689037	+
LU633_RS24300	LU633_RS24300	transposase	0.354228081257879	-0.169652025118253	0.598837490738207	1.49371411277243		NZ_CP089932.1	4691594	4691884	-
LU633_RS24305	LU633_RS24305	hypothetical protein	0.0056947812757375	0.058176831466457	0.405455097395889	0.300208538862621		NZ_CP089932.1	4691993	4692262	+
LU633_RS24315	LU633_RS24315	inverse autotransporter beta domain-containing protein	0.259273474143614	0.132596013498285	0.103020892192478	0.214972131332332		NZ_CP089932.1	4692909	4695497	+
LU633_RS24330	LU633_RS24330	Der GTPase-activating protein YihI	1.25748058803345	1.06891978497007	-1.21577408487028	-0.597979702112943	yihI	NZ_CP089932.1	4698086	4698607	+
LU633_RS24335	LU633_RS24335	oxygen-independent coproporphyrinogen III oxidase	0.0933225591935838	0.018696645100291	0.185424044379639	-0.256049940357111	hemN	NZ_CP089932.1	4698871	4700226	+
LU633_RS24340	LU633_RS24340	ABC transporter substrate-binding protein	-0.158108574182467	-0.156580412713427	0.909373669855035	-0.226327016405929		NZ_CP089932.1	4700450	4702078	+
LU633_RS24350	LU633_RS24350	YshB family small membrane protein	0.909044143511493	0.567335305796016	-0.297186443531926	-1.83141043275822		NZ_CP089932.1	4702759	4702872	-
LU633_RS24355	LU633_RS24355	nitrogen regulation protein NR(I)	-0.867933374441796	-1.2724194504577	-3.71842139952161	-2.73554723172002	glnG	NZ_CP089932.1	4702973	4704382	-
LU633_RS24360	LU633_RS24360	nitrogen regulation protein NR(II)	-2.74849049185054	-3.38044578845316	-4.81237575680234	-3.25778477262518	glnL	NZ_CP089932.1	4704390	4705439	-
LU633_RS24375	LU633_RS24375	ribosome-dependent GTPase TypA	-0.0711090188756183	-0.287338893420838	-1.46924699386785	-1.21410892765165	typA	NZ_CP089932.1	4708903	4710726	+
LU633_RS24385	LU633_RS24385	virulence factor BrkB family protein	-0.0060366031892933	-0.252641367884531	0.834736343623216	-0.391637795164052		NZ_CP089932.1	4711475	4712350	+
LU633_RS24390	LU633_RS24390	D-aminoacyl-tRNA deacylase	0.0977143871006172	-0.179783708254126	-0.0692769017565795	-0.304333738960826	dtd	NZ_CP089932.1	4712347	4712784	+
LU633_RS24395	LU633_RS24395	fatty acid biosynthesis protein FabY	-1.72336998009479	-1.50051673442119	0.93055354674514	0.472620716713583	fabY	NZ_CP089932.1	4712841	4713779	+
LU633_RS24400	LU633_RS24400	23S rRNA pseudouridine(2604) synthase RluF	-0.150390695954001	-0.0689279941511207	-0.0939783086138464	0.139142292533352	rluF	NZ_CP089932.1	4713792	4714658	-
LU633_RS24405	LU633_RS24405	AsmA family protein	-0.0397116405439377	-0.575704805857695	-0.943935593253609	0.375980999315713		NZ_CP089932.1	4714697	4716379	-
LU633_RS24410	LU633_RS24410	uracil-xanthine permease family protein	-0.172939656720049	-0.16334655128141	0.681001850587498	-0.513299832805888		NZ_CP089932.1	4716499	4717872	-
LU633_RS24415	LU633_RS24415	ATP-dependent DNA helicase RecG	0.0806146306563524	-0.402007701577187	0.0364994383613404	-0.979060731701367	recG	NZ_CP089932.1	4718045	4720126	-
LU633_RS24425	LU633_RS24425	bifunctional GTP diphosphokinase/guanosine-3',5'-bis pyrophosphate 3'-pyrophosphohydrolase	0.163142375623211	0.453314356563572	-1.73607763407579	0.820758683546434	spoT	NZ_CP089932.1	4720825	4722939	-
LU633_RS24440	LU633_RS24440	NAD-dependent DNA ligase LigB	0.0960562538358973	-0.271846274788645	0.124547668648064	-0.393557864959042	ligB	NZ_CP089932.1	4724164	4725855	+
LU633_RS24445	LU633_RS24445	trimeric intracellular cation channel family protein	-0.0823127699997837	-0.343844335317284	-0.518719517998283	5.03924446089062		NZ_CP089932.1	4725830	4725913	-
LU633_RS24450	LU633_RS24450	alkylphosphonate utilization protein	-0.266275954493028	-0.246154875952849	-0.216494010792843	-0.866951081510146		NZ_CP089932.1	4726098	4726430	-
LU633_RS24455	LU633_RS24455	helix-turn-helix domain-containing protein	-1.15314748437746	-1.01505846234371	0.728458840308071	0.227349442574781		NZ_CP089932.1	4726627	4728606	+
LU633_RS24460	LU633_RS24460	AzlC family ABC transporter permease	-2.28128044190132	-2.47610275474464	-0.123071519397585	-0.131567005405331		NZ_CP089932.1	4728609	4729307	+
LU633_RS24465	LU633_RS24465	AzlD domain-containing protein	-2.43637677175479	-2.14624272912968	0.258508064418855	-0.0592089293032978		NZ_CP089932.1	4729297	4729647	+
LU633_RS24470	LU633_RS24470	hypothetical protein	1.45824030128396	0.631238399549342	1.11428275849143	0.490166379163451		NZ_CP089932.1	4729697	4729921	+
LU633_RS24480	LU633_RS24480	helix-turn-helix domain-containing protein	-1.0340255650443	-0.872001753840592	1.29825406008897	0.566866788220486		NZ_CP089932.1	4730768	4731043	+
LU633_RS24510	LU633_RS24510	Rpn family recombination-promoting nuclease/putative transposase	-0.0426059865796276	-0.377880867082671	1.08127839546625	-0.38657096022067		NZ_CP089932.1	4734707	4735393	-
LU633_RS24515	LU633_RS24515	recombinase family protein	-0.10370342158666	0.0443467143528754	0.538973042078368	0.808016824802663		NZ_CP089932.1	4735550	4736083	-
LU633_RS24520	LU633_RS24520	tyrosine-type recombinase/integrase	-0.757433855594148	-0.0265581003736097	-0.323817623015304	0.46857457863594		NZ_CP089932.1	4736195	4736917	+
LU633_RS24525	LU633_RS24525	zinc uptake transcriptional repressor Zur	-3.36356796686989	-1.73235947389062	-0.184846062892235	-1.54539145057766	zur	NZ_CP089932.1	4737504	4738019	+
LU633_RS24530	LU633_RS24530	CsbD family protein	-0.226863174619727	0.222792042068171	-0.223457687046697	-0.136884364704934		NZ_CP089932.1	4738142	4738346	-
LU633_RS24570	LU633_RS24570	phosphate-starvation-inducible protein PsiE	0.0343987013717368	-0.236972832377917	0.913800936500256	0.312777707975962	psiE	NZ_CP089932.1	4744441	4744839	-
LU633_RS24575	LU633_RS24575	YjbH domain-containing protein	0.127564641912054	0.17510254945078	-0.722650335111102	-0.585258001367552		NZ_CP089932.1	4744993	4747089	-
LU633_RS24580	LU633_RS24580	capsule biosynthesis GfcC family protein	0.248414119724246	0.190416877125322	-0.635901654794406	0.134210849322597		NZ_CP089932.1	4747089	4747844	-
LU633_RS24585	LU633_RS24585	YjbF family lipoprotein	0.792657040845143	0.5698205358315	-0.784430512441373	-0.895482392991075		NZ_CP089932.1	4747841	4748488	-
LU633_RS24590	LU633_RS24590	exopolysaccharide production protein YjbE	0.254722803810071	0.305823858253329	-0.480571563654245	0.300226941021847		NZ_CP089932.1	4748568	4748816	-
LU633_RS24595	LU633_RS24595	glucose-6-phosphate isomerase	-1.42224692841214	-2.96759723068612	2.30488891983922	1.24451766244151	pgi	NZ_CP089932.1	4749372	4751021	-
LU633_RS24600	LU633_RS24600	lysine-sensitive aspartokinase 3	-1.84084015496588	-2.18011435416892	-0.891305552596949	-0.634556065416578	lysC	NZ_CP089932.1	4751908	4753263	+
LU633_RS24605	LU633_RS24605	bile acid:sodium symporter family protein	-0.202099394665199	-0.0336221686475344	-0.0668582098541735	-0.0489806402985624		NZ_CP089932.1	4753912	4754829	+
LU633_RS24610	LU633_RS24610	Na/Pi cotransporter family protein	-0.1642876653777	-0.223441368449397	-0.393683152563921	0.341089346701818		NZ_CP089932.1	4754861	4756486	-
LU633_RS24615	LU633_RS24615	TOBE domain-containing protein	-0.303806029569886	-0.207534283493119	-0.489153913364146	-1.08967174535938		NZ_CP089932.1	4756615	4756990	-
LU633_RS24620	LU633_RS24620	alkaline phosphatase family protein	0.258010184034209	0.273258603395974	0.586643693215784	-0.104726641764928		NZ_CP089932.1	4757015	4757634	-
LU633_RS24630	LU633_RS24630	homoserine O-succinyltransferase	-4.66673538710567	-4.56662415518822	-0.739850894879699	-0.352523939863687	metA	NZ_CP089932.1	4758532	4759461	-
LU633_RS24670	LU633_RS24670	Trk system potassium transporter TrkH	-0.67143105653367	-0.410625177204479	-0.891228023437732	-0.973242590357607	trkH	NZ_CP089932.1	4766897	4768348	-
LU633_RS24675	LU633_RS24675	IMPACT family protein	0.0149276822388396	-0.102670888565951	0.201985032128339	0.226149539376451		NZ_CP089932.1	4768379	4768990	-
LU633_RS24680	LU633_RS24680	Xaa-Pro dipeptidase	-0.119114250198746	-0.26568490871769	0.0286784468506061	-0.0923198675722712	pepQ	NZ_CP089932.1	4768990	4770321	-
LU633_RS24685	LU633_RS24685	enoyl-CoA hydratase-related protein	-0.209465260689167	-0.286853831270158	-0.667111817520833	-0.426027035283659		NZ_CP089932.1	4770499	4771485	+
LU633_RS24690	LU633_RS24690	acetyl-CoA C-acyltransferase	0.599565431913559	0.351207065366808	-1.83587049453419	-0.627281954319333	fadA	NZ_CP089932.1	4771488	4771815	+
LU633_RS24705	LU633_RS24705	transcription/translation regulatory transformer protein RfaH	0.0843491650147874	-0.587617435841792	1.97648960821542	2.39044452453925	rfaH	NZ_CP089932.1	4774409	4774897	+
LU633_RS24710	LU633_RS24710	3'-5' ssDNA/RNA exonuclease TatD	-0.0218726081922898	0.0280406636870738	0.75838561810112	0.207300379616549	tatD	NZ_CP089932.1	4774919	4775713	-
LU633_RS24720	LU633_RS24720	Sec-independent protein translocase protein TatB	0.0809842170161599	-0.115217677581048	-4.55830927149258	-3.63274286264116	tatB	NZ_CP089932.1	4776549	4777196	-
LU633_RS24745	LU633_RS24745	DNA recombination protein RmuC	-0.0629221896903835	0.102627103478512	-0.22334435768665	-0.19868381337821	rmuC	NZ_CP089932.1	4780650	4782152	-
LU633_RS24760	LU633_RS24760	uridine phosphorylase	0.143013837892677	0.251378623353436	-0.353667267351413	-0.0721483796961837	udp	NZ_CP089932.1	4783784	4784545	-
LU633_RS24765	LU633_RS24765	dienelactone hydrolase family protein	0.345053214139603	0.238480913049844	0.443197718004847	0.904911788309725		NZ_CP089932.1	4784834	4785646	+
LU633_RS24770	LU633_RS24770	5-methyltetrahydropteroyltriglutamate-- homocysteine S-methyltransferase	-0.0497023389192957	-0.0983487110738221	0.0457261605865107	-0.0649617516802645	metE	NZ_CP089932.1	4785831	4788101	-
LU633_RS24780	LU633_RS24780	DUF1456 family protein	-0.159301051733624	0.0735879950086203	0.664079165584277	0.115634719280749		NZ_CP089932.1	4789258	4789743	+
LU633_RS24785	LU633_RS24785	carboxylate/amino acid/amine transporter	-0.12805192295681	-0.229609502136593	0.043612559918814	-0.0017949160975403		NZ_CP089932.1	4790536	4791405	-
LU633_RS24795	LU633_RS24795	glycerol-3-phosphate transporter	0.101048210455766	0.0514056662371315	0.175999805522997	0.206432745622905	glpT	NZ_CP089932.1	4792526	4793872	+
LU633_RS24800	LU633_RS24800	glycerophosphodiester phosphodiesterase	0.053325927319996	0.0091817888548206	0.16283394292116	-0.109549778335815	glpQ	NZ_CP089932.1	4793895	4794914	+
LU633_RS24805	LU633_RS24805	sugar/pyridoxal phosphate phosphatase YigL	0.64010743019199	0.333327875011995	0.487893385747258	-0.732170980751579	yigL	NZ_CP089932.1	4794955	4795755	-
LU633_RS24810	LU633_RS24810	lysophospholipase L2	-0.145765940411941	-0.112643194974089	-0.0981440491912375	0.0544959550824315	pldB	NZ_CP089932.1	4795828	4796820	-
LU633_RS24815	LU633_RS24815	homoserine/homoserine lactone efflux protein	-0.0350581145447368	-0.0760779853435865	0.0415982189886019	0.161380773121087	rhtB	NZ_CP089932.1	4796936	4797559	+
LU633_RS24820	LU633_RS24820	threonine export protein RhtC	-0.0342733605627559	-0.0927468756300542	-0.111528078272373	0.520770867777195	rhtC	NZ_CP089932.1	4797622	4798235	-
LU633_RS24825	LU633_RS24825	ATP-dependent DNA helicase RecQ	0.0726167419232377	-0.226131038347814	-0.0953265198416815	0.272460512434502	recQ	NZ_CP089932.1	4798257	4800080	-
LU633_RS24830	LU633_RS24830	phospholipase A	-0.506509416663082	-0.348302334395373	0.324439308622518	-0.403521015017937	pldA	NZ_CP089932.1	4800135	4801013	-
LU633_RS24835	LU633_RS24835	thioesterase family protein	2.36057760061066	2.00583531090518	-0.645278241563495	0.682685996541855		NZ_CP089932.1	4801184	4801661	+
LU633_RS24840	LU633_RS24840	EamA family transporter RarD	1.43656693417297	1.1557199161719	-0.299993907726544	0.165253810533773	rarD	NZ_CP089932.1	4801691	4802593	+
LU633_RS24850	LU633_RS24850	WbuC family cupin fold metalloprotein	0.0917040601588126	-0.0652477212089901	0.241423011838401	0.155280562742556		NZ_CP089932.1	4803816	4804289	+
LU633_RS24855	LU633_RS24855	DNA helicase II	-0.0634852442825453	-0.388550290688124	-0.0444392302637624	-0.573223809557955	uvrD	NZ_CP089932.1	4804577	4806739	-
LU633_RS24860	LU633_RS24860	5-amino-6-(5-phospho-D-ribitylamino)uracil phosphatase YigB	-0.977100962548371	-0.633463872506657	-0.17081865897009	0.086959980452225	yigB	NZ_CP089932.1	4806797	4807513	-
LU633_RS24865	LU633_RS24865	tyrosine recombinase XerC	-0.549348444718255	-0.620420354449909	-0.349646069695884	-1.65985220909762	xerC	NZ_CP089932.1	4807513	4808421	-
LU633_RS24880	LU633_RS24880	lipoprotein	0.401442503954381	0.172874636652229	0.164719748414971	1.55237972747869		NZ_CP089932.1	4809970	4810167	-
LU633_RS24885	LU633_RS24885	class I adenylate cyclase	0.798248766525877	0.321911728021182	-3.87060190148433	-3.61118571029092		NZ_CP089932.1	4810347	4812902	-
LU633_RS24900	LU633_RS24900	uroporphyrinogen-III C-methyltransferase	-0.797722534204367	-0.469557643236128	-0.885341569882871	-1.87630077150903	hemX	NZ_CP089932.1	4814891	4816015	+
LU633_RS24935	LU633_RS24935	lipopolysaccharide N-acetylmannosaminouronosyltransferase	-0.32160856399835	-0.644959326502491	-1.26322408441345	-1.22880625561167	rffM	NZ_CP089932.1	4819334	4820074	-
LU633_RS24940	LU633_RS24940	ECA oligosaccharide polymerase	0.102304076788293	-0.297361384051448	-0.60144278925064	-1.44148185931615	wzyE	NZ_CP089932.1	4820105	4821454	-
LU633_RS24945	LU633_RS24945	TDP-N-acetylfucosamine:lipid II N-acetylfucosaminyltransferase	-0.295233608709787	-0.0814379877036042	-1.11600237355416	-0.796159724148294		NZ_CP089932.1	4821451	4822518	-
LU633_RS24950	LU633_RS24950	lipid III flippase WzxE	-0.178492804296799	-0.174611762919139	-0.645626922876321	-0.224126137867078	wzxE	NZ_CP089932.1	4822515	4823765	-
LU633_RS24955	LU633_RS24955	dTDP-4-amino-4,6-dideoxygalactose transaminase	-0.0653659581764492	-0.182139133769109	-0.570970016002329	-0.728187722692994	rffA	NZ_CP089932.1	4823767	4824897	-
LU633_RS24960	LU633_RS24960	dTDP-4-amino-4,6-dideoxy-D-galactose acyltransferase	-0.547751414662112	-0.674548483699734	-1.59321157486732	-0.0179076559444451	rffC	NZ_CP089932.1	4824902	4825612	-
LU633_RS24965	LU633_RS24965	UDP-N-acetyl-D-mannosamine dehydrogenase	-0.0962549638583592	-0.122001203110719	-1.17522204691378	-1.20524443920711	wecC	NZ_CP089932.1	4825609	4826871	-
LU633_RS24970	LU633_RS24970	UDP-N-acetylglucosamine 2-epimerase (non-hydrolyzing)	-0.0644453592078515	-0.274680742656487	-0.527324437808239	-0.664831536958073	wecB	NZ_CP089932.1	4826868	4827998	-
LU633_RS24975	LU633_RS24975	ECA polysaccharide chain length modulation protein	-0.0253715419891747	-0.312029585248618	-0.33457137969755	-0.0797402271929406	wzzE	NZ_CP089932.1	4828048	4829076	-
LU633_RS24980	LU633_RS24980	UDP-N-acetylglucosamine--undecaprenyl-phosphate N-acetylglucosaminephosphotransferase	-0.0686257683672409	-0.0898265670433527	-1.52258787812794	-2.58726153898474	wecA	NZ_CP089932.1	4829131	4830210	-
LU633_RS24995	LU633_RS24995	ATP-dependent RNA helicase RhlB	-1.77874133965142	-1.52908725035011	-1.22208925808664	-0.581448376598738	rhlB	NZ_CP089932.1	4832693	4833982	+
LU633_RS25000	LU633_RS25000	guanosine-5'-triphosphate,3'-diphosphate diphosphatase	-3.00161739455368	-3.05456350504313	-1.7332534400556	-1.94005439212295	gppA	NZ_CP089932.1	4833989	4835473	+
LU633_RS25005	LU633_RS25005	type III helper protein HopAK1	0.0718355841651994	0.0415938671079132	0.37495799574263	0.089376446475244		NZ_CP089932.1	4835499	4837220	-
LU633_RS25010	LU633_RS25010	DNA helicase Rep	-0.757677205495309	-0.82466642559443	0.493576507656829	0.714513502031981	rep	NZ_CP089932.1	4837470	4839500	-
LU633_RS25020	LU633_RS25020	type III effector protein	-0.0792909740543846	0.0668803771240625	0.471779900968038	0.346133404978884		NZ_CP089932.1	4840467	4841057	-
LU633_RS25035	LU633_RS25035	type II toxin-antitoxin system RelE/ParE family toxin	0.0915550191946344	-0.233227441169186	-0.140674571824377	0.333744965852617		NZ_CP089932.1	4843060	4843350	+
LU633_RS25040	LU633_RS25040	helix-turn-helix domain-containing protein	0.585184112493179	0.962478030173883	1.21742205012304	-0.161771566161075		NZ_CP089932.1	4843343	4843660	+
LU633_RS25050	LU633_RS25050	type II toxin-antitoxin system RelE/ParE family toxin	-0.35493108068826	-0.33222313541729	0.907537997338224	0.0984537443324971		NZ_CP089932.1	4844683	4844979	+
LU633_RS25065	LU633_RS25065	transposase	-0.164704815808173	0.216146946498644	-1.66813985130079	2.42554272216043		NZ_CP089932.1	4846925	4848042	+
LU633_RS25080	LU633_RS25080	hypothetical protein	-0.0784919752546693	-0.140695180896336	0.165172517922839	-0.685587033326815		NZ_CP089932.1	4849230	4849643	+
LU633_RS25090	LU633_RS25090	hypothetical protein	0.0893262747113444	-0.246687985806323	-1.18072211484942	-1.29408634337876		NZ_CP089932.1	4850932	4851186	-
LU633_RS25095	LU633_RS25095	type II toxin-antitoxin system PemK/MazF family toxin	0.447035999454015	0.112034540534961	-0.0640812299497855	-0.932657793124387		NZ_CP089932.1	4851992	4852357	-
LU633_RS25105	LU633_RS25105	plasmid SOS inhibition protein A	0.364409823206589	-0.187195000230868	-0.500777246614189	1.39041864895337		NZ_CP089932.1	4852695	4853443	-
LU633_RS25110	LU633_RS25110	conjugation system SOS inhibitor PsiB	0.0846277904328774	0.0336474522281975	0.0408269321916022	-0.308967589155776	psiB	NZ_CP089932.1	4853440	4853856	-
LU633_RS25125	LU633_RS25125	type II toxin-antitoxin system CcdA family antitoxin	-0.152413173676867	-0.214283602130442	0.50250469651999	-0.295279059263757		NZ_CP089932.1	4854884	4855132	-
LU633_RS25145	LU633_RS25145	NCS2 family permease	-0.015177186782743	-0.138384085164801	0.446280997292801	0.325654829025229		NZ_CP089932.1	4859610	4859771	+
LU633_RS25150	LU633_RS25150	hypothetical protein	0.291001577678758	-0.343339957911219	-0.146400634089145	0.614728089662256		NZ_CP089932.1	4859910	4860632	-
LU633_RS25160	LU633_RS25160	IS630 family transposase	-0.132099423604543	-0.199733297100909	0.290960271825165	-0.136912433478539		NZ_CP089932.1	4862375	4862586	-
LU633_RS25165	LU633_RS25165	hypothetical protein	-0.0116869527704413	-0.0097735678118569	-0.0102517270641365	-0.141445946877973		NZ_CP089932.1	4862723	4863427	+
LU633_RS25170	LU633_RS25170	hypothetical protein	-0.229627151211981	0.0867676987135386	0.0137510327132631	-0.261827700618688		NZ_CP089932.1	4863424	4863858	+
LU633_RS25175	LU633_RS25175	transposase	0.440664147933048	0.105587597018337	-0.0512655730788616	0.478444143523905		NZ_CP089932.1	4864013	4864761	-
LU633_RS25200	LU633_RS25200	hypothetical protein	-0.227789521116271	-0.0662741162169109	-0.648423671258277	0.417081026522593		NZ_CP089932.1	4868272	4868577	+
LU633_RS25225	LU633_RS25225	hypothetical protein	0.0179797907908725	0.0014470398171309	0.975689068408661	-0.631316986824257		NZ_CP089932.1	4869885	4870124	+
LU633_RS25230	LU633_RS25230	IS1 family transposase	0.0655474350567522	0.101419365223473	-0.937328085853777	0.390503669344277		NZ_CP089932.1	4870265	4870962	+
LU633_RS25255	LU633_RS25255	MBL fold metallo-hydrolase	0.146732528239689	-0.396694773664308	-0.372360240838316	-0.284030099261115		NZ_CP089932.1	4874899	4875027	+
LU633_RS25260	LU633_RS25260	integrase core domain-containing protein	0.390916892448446	0.330436904573363	1.04653435182801	1.39310846857847		NZ_CP089932.1	4875036	4875422	-
LU633_RS25275	LU633_RS25275	DUF1471 domain-containing protein	0.102619425523899	0.118475738772532	0.540488211114178	0.672507892122742		NZ_CP089932.1	4877698	4877901	+
LU633_RS25280	LU633_RS25280	IS6 family transposase	-0.37422567596734	-0.116112501021682	0.212403928740242	-0.357214385963811		NZ_CP089932.1	4878070	4878745	+
LU633_RS25285	LU633_RS25285	hypothetical protein	0.862415415872769	0.0830511947161424	0.859887599846688	1.62938967249533		NZ_CP089932.1	4879265	4879771	+
LU633_RS25290	LU633_RS25290	type II secretion system secretin GspD	0.479515247591203	0.373042794695868	1.17215447366261	1.50057617719155	gspD	NZ_CP089932.1	4879809	4881989	+
LU633_RS25295	LU633_RS25295	type II secretion system ATPase GspE	0.123023859766164	0.237334002957865	0.715244320144013	1.16101625763899	gspE	NZ_CP089932.1	4881989	4883470	+
LU633_RS25300	LU633_RS25300	type II secretion system inner membrane protein GspF	0.701063692770599	0.256695071261509	0.325188562689942	-0.121929099587112	gspF	NZ_CP089932.1	4883460	4884659	+
LU633_RS25305	LU633_RS25305	type II secretion system major pseudopilin GspG	0.386538098787085	0.0165625765000366	1.28850458232914	0.756030971230403	gspG	NZ_CP089932.1	4884682	4885125	+
LU633_RS25310	LU633_RS25310	type II secretion system minor pseudopilin GspI	0.303416391916649	-0.0479856630971589	2.37710133361558	0.982504657900878	gspI	NZ_CP089932.1	4885127	4885522	+
LU633_RS25315	LU633_RS25315	type II secretion system minor pseudopilin GspJ	-0.486838039453595	0.396276422975436	1.03599461458234	1.3266306961455	gspJ	NZ_CP089932.1	4885519	4886070	+
LU633_RS25320	LU633_RS25320	type II secretion system protein GspK	0.121318250273043	-0.0264356092787525	0.467133767090325	0.774002125512974		NZ_CP089932.1	4886070	4886969	+
LU633_RS25325	LU633_RS25325	type II secretion system protein GspL	0.206241036441149	0.0807236516858997	0.626902102520322	0.903145094470847	gspL	NZ_CP089932.1	4887044	4888165	+
LU633_RS25340	LU633_RS25340	type II secretion system pilot lipoprotein GspS	-0.135700539811593	-0.308065412012513	0.690800681310595	-0.0510590282835794	gspS	NZ_CP089932.1	4889499	4889801	+
LU633_RS25345	LU633_RS25345	transposase	0.0807604304897573	0.0986228288254281	0.636547087167613	0.460438480765184		NZ_CP089932.1	4889810	4890063	+
LU633_RS25350	LU633_RS25350	recombinase family protein	-0.000667732657084	0.142871338185076	0.9107986562034	-1.1183269175196		NZ_CP089932.1	4890245	4890767	+
LU633_RS25370	LU633_RS25370	low affinity potassium transporter Kup	-1.6195390757153	-1.65438081471479	-3.0731249655035	-2.78748877488894	kup	NZ_CP089932.1	4893246	4895114	-
LU633_RS25375	LU633_RS25375	ATPase RavA	0.239743324047276	0.0578746563084391	0.282208119530849	1.33884228596858	ravA	NZ_CP089932.1	4895376	4896869	+
LU633_RS25380	LU633_RS25380	ATPase RavA stimulator ViaA	0.356963068550107	0.530384995801422	0.519470147347876	-0.0533084751069088	viaA	NZ_CP089932.1	4896866	4898329	+
LU633_RS25395	LU633_RS25395	transposase	-0.385095739499176	0.2963692917	0.668496913327811	0.291704561549035		NZ_CP089932.1	4900434	4901322	+
LU633_RS25445	LU633_RS25445	F0F1 ATP synthase subunit I	-1.05860374442055	-0.696966821961583	-1.11623988247986	0.96945265485149	atpI	NZ_CP089932.1	4908556	4908936	-
LU633_RS25450	LU633_RS25450	16S rRNA (guanine(527)-N(7))-methyltransferase RsmG	-1.28959151401773	-1.48231921546354	-0.5341366330963	-0.534190340370589	rsmG	NZ_CP089932.1	4909666	4910286	-
LU633_RS25460	LU633_RS25460	FMN-binding protein MioC	-0.214128704392791	-0.132231326581202	0.538531767575042	0.269199358295448	mioC	NZ_CP089932.1	4912691	4913134	-
LU633_RS25490	LU633_RS25490	membrane protein insertion efficiency factor YidD	0.224441606480993	-0.306523038511914	-0.823373030763668	-0.578846322688611	yidD	NZ_CP089932.1	4919373	4919631	-
LU633_RS25530	LU633_RS25530	hypothetical protein	-0.0556060272422532	0.244521805871616	0.387735317000872	0.19070916718124		NZ_CP089933.1	5343	8054	+
LU633_RS25535	LU633_RS25535	IS3 family transposase	-0.123558508166889	0.191781039667318	-0.52638479862279	0.244057383189728		NZ_CP089933.1	8135	8326	+
LU633_RS25545	LU633_RS25545	hypothetical protein	-0.197079493101591	0.100299513433948	-0.432974736426689	-0.33107408295136		NZ_CP089933.1	9331	9567	+
LU633_RS25555	LU633_RS25555	autotransporter outer membrane beta-barrel domain-containing protein	0.251887082460732	0.0534544665547809	0.031158890404348	-0.158455496127704		NZ_CP089933.1	11229	14537	-
LU633_RS25560	LU633_RS25560	recombinase family protein	0.44781059883498	0.190626158437134	0.571539875162371	-0.104014754096929		NZ_CP089933.1	14647	15225	-
LU633_RS25565	LU633_RS25565	Tn3 family transposase	-0.0259188995007039	-0.120552802672955	-0.181351078784918	0.0		NZ_CP089933.1	15389	18394	+
LU633_RS25570	LU633_RS25570	recombinase family protein	0.323606359808667	0.0	0.260190057237262	0.60538183673857		NZ_CP089933.1	18456	19103	-
LU633_RS25585	LU633_RS25585	hypothetical protein	0.246677494003357	-0.0975309306321401	0.473973513079998	0.579603821075658		NZ_CP089933.1	20808	21146	+
LU633_RS25590	LU633_RS25590	recombinase family protein	0.217156779441656	-0.206278885462845	0.733143027592151	-0.158143123101349		NZ_CP089933.1	21387	21947	+
LU633_RS25595	LU633_RS25595	IS481 family transposase	0.272069318097008	0.0422113852198704	0.236216716894372	0.0263585794090166		NZ_CP089933.1	21931	23595	+
LU633_RS25600	LU633_RS25600	ExeA family protein	-0.0372291354605978	-0.1383592598068	0.134128970740747	-0.690964364632875		NZ_CP089933.1	23528	24553	+
LU633_RS25605	LU633_RS25605	hypothetical protein	0.0	0.547417818205302	-1.08786487454183	0.125442561423802		NZ_CP089933.1	24691	24993	+
LU633_RS25615	LU633_RS25615	hypothetical protein	-0.246666110367006	0.378107830592976	0.341575986506856	0.456555755156091		NZ_CP089933.1	25236	25442	+
LU633_RS25630	LU633_RS25630	lytic transglycosylase domain-containing protein	-0.0825772304440453	-0.0045305389316605	0.0	0.455260616359989		NZ_CP089933.1	27904	28371	+
LU633_RS25635	LU633_RS25635	type IV conjugative transfer system coupling protein TraD	0.0534145681469345	-0.202025003180067	-0.410124031934764	-0.303477558656099	traD	NZ_CP089933.1	28393	30540	+
LU633_RS25640	LU633_RS25640	conjugative relaxase	0.0333624982064902	-0.152388594344775	-0.0262765446046671	-0.0747843317075478		NZ_CP089933.1	30540	33935	+
LU633_RS25645	LU633_RS25645	hypothetical protein	-0.202672456582213	-0.0177259056535743	-0.163758349057658	0.311985682128707		NZ_CP089933.1	34776	35765	+
LU633_RS25650	LU633_RS25650	DUF2913 family protein	-0.507617502445931	-0.563623614705413	-0.284927416443005	-0.637723153995394		NZ_CP089933.1	35775	36380	-
LU633_RS25660	LU633_RS25660	replication regulatory protein RepA	0.703099829796284	0.583137607212079	-0.580627129547461	-1.64909336759226	repA	NZ_CP089933.1	37257	37502	+
